{"v":"5.6.6","fr":25,"ip":0,"op":327,"w":480,"h":854,"nm":"mmexport1590722816566_00000","ddd":0,"assets":[{"id":"image_0","w":480,"h":854,"u":"images/","p":"img_0.jpg","e":0},{"id":"image_1","w":480,"h":854,"u":"images/","p":"img_1.jpg","e":0},{"id":"image_2","w":480,"h":854,"u":"images/","p":"img_2.jpg","e":0},{"id":"image_3","w":480,"h":854,"u":"images/","p":"img_3.jpg","e":0},{"id":"image_4","w":480,"h":854,"u":"images/","p":"img_4.jpg","e":0},{"id":"image_5","w":480,"h":854,"u":"images/","p":"img_5.jpg","e":0},{"id":"image_6","w":480,"h":854,"u":"images/","p":"img_6.jpg","e":0},{"id":"image_7","w":480,"h":854,"u":"images/","p":"img_7.jpg","e":0},{"id":"image_8","w":480,"h":854,"u":"images/","p":"img_8.jpg","e":0},{"id":"image_9","w":480,"h":854,"u":"images/","p":"img_9.jpg","e":0},{"id":"image_10","w":480,"h":854,"u":"images/","p":"img_10.jpg","e":0},{"id":"image_11","w":480,"h":854,"u":"images/","p":"img_11.jpg","e":0},{"id":"image_12","w":480,"h":854,"u":"images/","p":"img_12.jpg","e":0},{"id":"image_13","w":480,"h":854,"u":"images/","p":"img_13.jpg","e":0},{"id":"image_14","w":480,"h":854,"u":"images/","p":"img_14.jpg","e":0},{"id":"image_15","w":480,"h":854,"u":"images/","p":"img_15.jpg","e":0},{"id":"image_16","w":480,"h":854,"u":"images/","p":"img_16.jpg","e":0},{"id":"image_17","w":480,"h":854,"u":"images/","p":"img_17.jpg","e":0},{"id":"image_18","w":480,"h":854,"u":"images/","p":"img_18.jpg","e":0},{"id":"image_19","w":480,"h":854,"u":"images/","p":"img_19.jpg","e":0},{"id":"image_20","w":480,"h":854,"u":"images/","p":"img_20.jpg","e":0},{"id":"image_21","w":480,"h":854,"u":"images/","p":"img_21.jpg","e":0},{"id":"image_22","w":480,"h":854,"u":"images/","p":"img_22.jpg","e":0},{"id":"image_23","w":480,"h":854,"u":"images/","p":"img_23.jpg","e":0},{"id":"image_24","w":480,"h":854,"u":"images/","p":"img_24.jpg","e":0},{"id":"image_25","w":480,"h":854,"u":"images/","p":"img_25.jpg","e":0},{"id":"image_26","w":480,"h":854,"u":"images/","p":"img_26.jpg","e":0},{"id":"image_27","w":480,"h":854,"u":"images/","p":"img_27.jpg","e":0},{"id":"image_28","w":480,"h":854,"u":"images/","p":"img_28.jpg","e":0},{"id":"image_29","w":480,"h":854,"u":"images/","p":"img_29.jpg","e":0},{"id":"image_30","w":480,"h":854,"u":"images/","p":"img_30.jpg","e":0},{"id":"image_31","w":480,"h":854,"u":"images/","p":"img_31.jpg","e":0},{"id":"image_32","w":480,"h":854,"u":"images/","p":"img_32.jpg","e":0},{"id":"image_33","w":480,"h":854,"u":"images/","p":"img_33.jpg","e":0},{"id":"image_34","w":480,"h":854,"u":"images/","p":"img_34.jpg","e":0},{"id":"image_35","w":480,"h":854,"u":"images/","p":"img_35.jpg","e":0},{"id":"image_36","w":480,"h":854,"u":"images/","p":"img_36.jpg","e":0},{"id":"image_37","w":480,"h":854,"u":"images/","p":"img_37.jpg","e":0},{"id":"image_38","w":480,"h":854,"u":"images/","p":"img_38.jpg","e":0},{"id":"image_39","w":480,"h":854,"u":"images/","p":"img_39.jpg","e":0},{"id":"image_40","w":480,"h":854,"u":"images/","p":"img_40.jpg","e":0},{"id":"image_41","w":480,"h":854,"u":"images/","p":"img_41.jpg","e":0},{"id":"image_42","w":480,"h":854,"u":"images/","p":"img_42.jpg","e":0},{"id":"image_43","w":480,"h":854,"u":"images/","p":"img_43.jpg","e":0},{"id":"image_44","w":480,"h":854,"u":"images/","p":"img_44.jpg","e":0},{"id":"image_45","w":480,"h":854,"u":"images/","p":"img_45.jpg","e":0},{"id":"image_46","w":480,"h":854,"u":"images/","p":"img_46.jpg","e":0},{"id":"image_47","w":480,"h":854,"u":"images/","p":"img_47.jpg","e":0},{"id":"image_48","w":480,"h":854,"u":"images/","p":"img_48.jpg","e":0},{"id":"image_49","w":480,"h":854,"u":"images/","p":"img_49.jpg","e":0},{"id":"image_50","w":480,"h":854,"u":"images/","p":"img_50.jpg","e":0},{"id":"image_51","w":480,"h":854,"u":"images/","p":"img_51.jpg","e":0},{"id":"image_52","w":480,"h":854,"u":"images/","p":"img_52.jpg","e":0},{"id":"image_53","w":480,"h":854,"u":"images/","p":"img_53.jpg","e":0},{"id":"image_54","w":480,"h":854,"u":"images/","p":"img_54.jpg","e":0},{"id":"image_55","w":480,"h":854,"u":"images/","p":"img_55.jpg","e":0},{"id":"image_56","w":480,"h":854,"u":"images/","p":"img_56.jpg","e":0},{"id":"image_57","w":480,"h":854,"u":"images/","p":"img_57.jpg","e":0},{"id":"image_58","w":480,"h":854,"u":"images/","p":"img_58.jpg","e":0},{"id":"image_59","w":480,"h":854,"u":"images/","p":"img_59.jpg","e":0},{"id":"image_60","w":480,"h":854,"u":"images/","p":"img_60.jpg","e":0},{"id":"image_61","w":480,"h":854,"u":"images/","p":"img_61.jpg","e":0},{"id":"image_62","w":480,"h":854,"u":"images/","p":"img_62.jpg","e":0},{"id":"image_63","w":480,"h":854,"u":"images/","p":"img_63.jpg","e":0},{"id":"image_64","w":480,"h":854,"u":"images/","p":"img_64.jpg","e":0},{"id":"image_65","w":480,"h":854,"u":"images/","p":"img_65.jpg","e":0},{"id":"image_66","w":480,"h":854,"u":"images/","p":"img_66.jpg","e":0},{"id":"image_67","w":480,"h":854,"u":"images/","p":"img_67.jpg","e":0},{"id":"image_68","w":480,"h":854,"u":"images/","p":"img_68.jpg","e":0},{"id":"image_69","w":480,"h":854,"u":"images/","p":"img_69.jpg","e":0},{"id":"image_70","w":480,"h":854,"u":"images/","p":"img_70.jpg","e":0},{"id":"image_71","w":480,"h":854,"u":"images/","p":"img_71.jpg","e":0},{"id":"image_72","w":480,"h":854,"u":"images/","p":"img_72.jpg","e":0},{"id":"image_73","w":480,"h":854,"u":"images/","p":"img_73.jpg","e":0},{"id":"image_74","w":480,"h":854,"u":"images/","p":"img_74.jpg","e":0},{"id":"image_75","w":480,"h":854,"u":"images/","p":"img_75.jpg","e":0},{"id":"image_76","w":480,"h":854,"u":"images/","p":"img_76.jpg","e":0},{"id":"image_77","w":480,"h":854,"u":"images/","p":"img_77.jpg","e":0},{"id":"image_78","w":480,"h":854,"u":"images/","p":"img_78.jpg","e":0},{"id":"image_79","w":480,"h":854,"u":"images/","p":"img_79.jpg","e":0},{"id":"image_80","w":480,"h":854,"u":"images/","p":"img_80.jpg","e":0},{"id":"image_81","w":480,"h":854,"u":"images/","p":"img_81.jpg","e":0},{"id":"image_82","w":480,"h":854,"u":"images/","p":"img_82.jpg","e":0},{"id":"image_83","w":480,"h":854,"u":"images/","p":"img_83.jpg","e":0},{"id":"image_84","w":480,"h":854,"u":"images/","p":"img_84.jpg","e":0},{"id":"image_85","w":480,"h":854,"u":"images/","p":"img_85.jpg","e":0},{"id":"image_86","w":480,"h":854,"u":"images/","p":"img_86.jpg","e":0},{"id":"image_87","w":480,"h":854,"u":"images/","p":"img_87.jpg","e":0},{"id":"image_88","w":480,"h":854,"u":"images/","p":"img_88.jpg","e":0},{"id":"image_89","w":480,"h":854,"u":"images/","p":"img_89.jpg","e":0},{"id":"image_90","w":480,"h":854,"u":"images/","p":"img_90.jpg","e":0},{"id":"image_91","w":480,"h":854,"u":"images/","p":"img_91.jpg","e":0},{"id":"image_92","w":480,"h":854,"u":"images/","p":"img_92.jpg","e":0},{"id":"image_93","w":480,"h":854,"u":"images/","p":"img_93.jpg","e":0},{"id":"image_94","w":480,"h":854,"u":"images/","p":"img_94.jpg","e":0},{"id":"image_95","w":480,"h":854,"u":"images/","p":"img_95.jpg","e":0},{"id":"image_96","w":480,"h":854,"u":"images/","p":"img_96.jpg","e":0},{"id":"image_97","w":480,"h":854,"u":"images/","p":"img_97.jpg","e":0},{"id":"image_98","w":480,"h":854,"u":"images/","p":"img_98.jpg","e":0},{"id":"image_99","w":480,"h":854,"u":"images/","p":"img_99.jpg","e":0},{"id":"image_100","w":480,"h":854,"u":"images/","p":"img_100.jpg","e":0},{"id":"image_101","w":480,"h":854,"u":"images/","p":"img_101.jpg","e":0},{"id":"image_102","w":480,"h":854,"u":"images/","p":"img_102.jpg","e":0},{"id":"image_103","w":480,"h":854,"u":"images/","p":"img_103.jpg","e":0},{"id":"image_104","w":480,"h":854,"u":"images/","p":"img_104.jpg","e":0},{"id":"image_105","w":480,"h":854,"u":"images/","p":"img_105.jpg","e":0},{"id":"image_106","w":480,"h":854,"u":"images/","p":"img_106.jpg","e":0},{"id":"image_107","w":480,"h":854,"u":"images/","p":"img_107.jpg","e":0},{"id":"image_108","w":480,"h":854,"u":"images/","p":"img_108.jpg","e":0},{"id":"image_109","w":480,"h":854,"u":"images/","p":"img_109.jpg","e":0},{"id":"image_110","w":480,"h":854,"u":"images/","p":"img_110.jpg","e":0},{"id":"image_111","w":480,"h":854,"u":"images/","p":"img_111.jpg","e":0},{"id":"image_112","w":480,"h":854,"u":"images/","p":"img_112.jpg","e":0},{"id":"image_113","w":480,"h":854,"u":"images/","p":"img_113.jpg","e":0},{"id":"image_114","w":480,"h":854,"u":"images/","p":"img_114.jpg","e":0},{"id":"image_115","w":480,"h":854,"u":"images/","p":"img_115.jpg","e":0},{"id":"image_116","w":480,"h":854,"u":"images/","p":"img_116.jpg","e":0},{"id":"image_117","w":480,"h":854,"u":"images/","p":"img_117.jpg","e":0},{"id":"image_118","w":480,"h":854,"u":"images/","p":"img_118.jpg","e":0},{"id":"image_119","w":480,"h":854,"u":"images/","p":"img_119.jpg","e":0},{"id":"image_120","w":480,"h":854,"u":"images/","p":"img_120.jpg","e":0},{"id":"image_121","w":480,"h":854,"u":"images/","p":"img_121.jpg","e":0},{"id":"image_122","w":480,"h":854,"u":"images/","p":"img_122.jpg","e":0},{"id":"image_123","w":480,"h":854,"u":"images/","p":"img_123.jpg","e":0},{"id":"image_124","w":480,"h":854,"u":"images/","p":"img_124.jpg","e":0},{"id":"image_125","w":480,"h":854,"u":"images/","p":"img_125.jpg","e":0},{"id":"image_126","w":480,"h":854,"u":"images/","p":"img_126.jpg","e":0},{"id":"image_127","w":480,"h":854,"u":"images/","p":"img_127.jpg","e":0},{"id":"image_128","w":480,"h":854,"u":"images/","p":"img_128.jpg","e":0},{"id":"image_129","w":480,"h":854,"u":"images/","p":"img_129.jpg","e":0},{"id":"image_130","w":480,"h":854,"u":"images/","p":"img_130.jpg","e":0},{"id":"image_131","w":480,"h":854,"u":"images/","p":"img_131.jpg","e":0},{"id":"image_132","w":480,"h":854,"u":"images/","p":"img_132.jpg","e":0},{"id":"image_133","w":480,"h":854,"u":"images/","p":"img_133.jpg","e":0},{"id":"image_134","w":480,"h":854,"u":"images/","p":"img_134.jpg","e":0},{"id":"image_135","w":480,"h":854,"u":"images/","p":"img_135.jpg","e":0},{"id":"image_136","w":480,"h":854,"u":"images/","p":"img_136.jpg","e":0},{"id":"image_137","w":480,"h":854,"u":"images/","p":"img_137.jpg","e":0},{"id":"image_138","w":480,"h":854,"u":"images/","p":"img_138.jpg","e":0},{"id":"image_139","w":480,"h":854,"u":"images/","p":"img_139.jpg","e":0},{"id":"image_140","w":480,"h":854,"u":"images/","p":"img_140.jpg","e":0},{"id":"image_141","w":480,"h":854,"u":"images/","p":"img_141.jpg","e":0},{"id":"image_142","w":480,"h":854,"u":"images/","p":"img_142.jpg","e":0},{"id":"image_143","w":480,"h":854,"u":"images/","p":"img_143.jpg","e":0},{"id":"image_144","w":480,"h":854,"u":"images/","p":"img_144.jpg","e":0},{"id":"image_145","w":480,"h":854,"u":"images/","p":"img_145.jpg","e":0},{"id":"image_146","w":480,"h":854,"u":"images/","p":"img_146.jpg","e":0},{"id":"image_147","w":480,"h":854,"u":"images/","p":"img_147.jpg","e":0},{"id":"image_148","w":480,"h":854,"u":"images/","p":"img_148.jpg","e":0},{"id":"image_149","w":480,"h":854,"u":"images/","p":"img_149.jpg","e":0},{"id":"image_150","w":480,"h":854,"u":"images/","p":"img_150.jpg","e":0},{"id":"image_151","w":480,"h":854,"u":"images/","p":"img_151.jpg","e":0},{"id":"image_152","w":480,"h":854,"u":"images/","p":"img_152.jpg","e":0},{"id":"image_153","w":480,"h":854,"u":"images/","p":"img_153.jpg","e":0},{"id":"image_154","w":480,"h":854,"u":"images/","p":"img_154.jpg","e":0},{"id":"image_155","w":480,"h":854,"u":"images/","p":"img_155.jpg","e":0},{"id":"image_156","w":480,"h":854,"u":"images/","p":"img_156.jpg","e":0},{"id":"image_157","w":480,"h":854,"u":"images/","p":"img_157.jpg","e":0},{"id":"image_158","w":480,"h":854,"u":"images/","p":"img_158.jpg","e":0},{"id":"image_159","w":480,"h":854,"u":"images/","p":"img_159.jpg","e":0},{"id":"image_160","w":480,"h":854,"u":"images/","p":"img_160.jpg","e":0},{"id":"image_161","w":480,"h":854,"u":"images/","p":"img_161.jpg","e":0},{"id":"image_162","w":480,"h":854,"u":"images/","p":"img_162.jpg","e":0},{"id":"image_163","w":480,"h":854,"u":"images/","p":"img_163.jpg","e":0},{"id":"image_164","w":480,"h":854,"u":"images/","p":"img_164.jpg","e":0},{"id":"image_165","w":480,"h":854,"u":"images/","p":"img_165.jpg","e":0},{"id":"image_166","w":480,"h":854,"u":"images/","p":"img_166.jpg","e":0},{"id":"image_167","w":480,"h":854,"u":"images/","p":"img_167.jpg","e":0},{"id":"image_168","w":480,"h":854,"u":"images/","p":"img_168.jpg","e":0},{"id":"image_169","w":480,"h":854,"u":"images/","p":"img_169.jpg","e":0},{"id":"image_170","w":480,"h":854,"u":"images/","p":"img_170.jpg","e":0},{"id":"image_171","w":480,"h":854,"u":"images/","p":"img_171.jpg","e":0},{"id":"image_172","w":480,"h":854,"u":"images/","p":"img_172.jpg","e":0},{"id":"image_173","w":480,"h":854,"u":"images/","p":"img_173.jpg","e":0},{"id":"image_174","w":480,"h":854,"u":"images/","p":"img_174.jpg","e":0},{"id":"image_175","w":480,"h":854,"u":"images/","p":"img_175.jpg","e":0},{"id":"image_176","w":480,"h":854,"u":"images/","p":"img_176.jpg","e":0},{"id":"image_177","w":480,"h":854,"u":"images/","p":"img_177.jpg","e":0},{"id":"image_178","w":480,"h":854,"u":"images/","p":"img_178.jpg","e":0},{"id":"image_179","w":480,"h":854,"u":"images/","p":"img_179.jpg","e":0},{"id":"image_180","w":480,"h":854,"u":"images/","p":"img_180.jpg","e":0},{"id":"image_181","w":480,"h":854,"u":"images/","p":"img_181.jpg","e":0},{"id":"image_182","w":480,"h":854,"u":"images/","p":"img_182.jpg","e":0},{"id":"image_183","w":480,"h":854,"u":"images/","p":"img_183.jpg","e":0},{"id":"image_184","w":480,"h":854,"u":"images/","p":"img_184.jpg","e":0},{"id":"image_185","w":480,"h":854,"u":"images/","p":"img_185.jpg","e":0},{"id":"image_186","w":480,"h":854,"u":"images/","p":"img_186.jpg","e":0},{"id":"image_187","w":480,"h":854,"u":"images/","p":"img_187.jpg","e":0},{"id":"image_188","w":480,"h":854,"u":"images/","p":"img_188.jpg","e":0},{"id":"image_189","w":480,"h":854,"u":"images/","p":"img_189.jpg","e":0},{"id":"image_190","w":480,"h":854,"u":"images/","p":"img_190.jpg","e":0},{"id":"image_191","w":480,"h":854,"u":"images/","p":"img_191.jpg","e":0},{"id":"image_192","w":480,"h":854,"u":"images/","p":"img_192.jpg","e":0},{"id":"image_193","w":480,"h":854,"u":"images/","p":"img_193.jpg","e":0},{"id":"image_194","w":480,"h":854,"u":"images/","p":"img_194.jpg","e":0},{"id":"image_195","w":480,"h":854,"u":"images/","p":"img_195.jpg","e":0}],"layers":[{"ddd":0,"ind":1,"ty":2,"nm":"mmexport1590722816566_00000.png","cl":"png","refId":"image_0","sr":1,"ks":{"o":{"a":0,"k":100,"ix":11},"r":{"a":0,"k":0,"ix":10},"p":{"a":0,"k":[240,427,0],"ix":2},"a":{"a":0,"k":[240,427,0],"ix":1},"s":{"a":0,"k":[100,100,100],"ix":6}},"ao":0,"ip":0,"op":1.66666666666667,"st":0,"bm":0},{"ddd":0,"ind":2,"ty":2,"nm":"mmexport1590722816566_00001.png","cl":"png","refId":"image_1","sr":1,"ks":{"o":{"a":0,"k":100,"ix":11},"r":{"a":0,"k":0,"ix":10},"p":{"a":0,"k":[240,427,0],"ix":2},"a":{"a":0,"k":[240,427,0],"ix":1},"s":{"a":0,"k":[100,100,100],"ix":6}},"ao":0,"ip":1.66666666666667,"op":3.33333333333333,"st":1.66666666666667,"bm":0},{"ddd":0,"ind":3,"ty":2,"nm":"mmexport1590722816566_00002.png","cl":"png","refId":"image_2","sr":1,"ks":{"o":{"a":0,"k":100,"ix":11},"r":{"a":0,"k":0,"ix":10},"p":{"a":0,"k":[240,427,0],"ix":2},"a":{"a":0,"k":[240,427,0],"ix":1},"s":{"a":0,"k":[100,100,100],"ix":6}},"ao":0,"ip":3.33333333333333,"op":5,"st":3.33333333333333,"bm":0},{"ddd":0,"ind":4,"ty":2,"nm":"mmexport1590722816566_00003.png","cl":"png","refId":"image_3","sr":1,"ks":{"o":{"a":0,"k":100,"ix":11},"r":{"a":0,"k":0,"ix":10},"p":{"a":0,"k":[240,427,0],"ix":2},"a":{"a":0,"k":[240,427,0],"ix":1},"s":{"a":0,"k":[100,100,100],"ix":6}},"ao":0,"ip":5,"op":6.66666666666667,"st":5,"bm":0},{"ddd":0,"ind":5,"ty":2,"nm":"mmexport1590722816566_00004.png","cl":"png","refId":"image_4","sr":1,"ks":{"o":{"a":0,"k":100,"ix":11},"r":{"a":0,"k":0,"ix":10},"p":{"a":0,"k":[240,427,0],"ix":2},"a":{"a":0,"k":[240,427,0],"ix":1},"s":{"a":0,"k":[100,100,100],"ix":6}},"ao":0,"ip":6.66666666666667,"op":8.33333333333333,"st":6.66666666666667,"bm":0},{"ddd":0,"ind":6,"ty":2,"nm":"mmexport1590722816566_00005.png","cl":"png","refId":"image_5","sr":1,"ks":{"o":{"a":0,"k":100,"ix":11},"r":{"a":0,"k":0,"ix":10},"p":{"a":0,"k":[240,427,0],"ix":2},"a":{"a":0,"k":[240,427,0],"ix":1},"s":{"a":0,"k":[100,100,100],"ix":6}},"ao":0,"ip":8.33333333333333,"op":10,"st":8.33333333333333,"bm":0},{"ddd":0,"ind":7,"ty":2,"nm":"mmexport1590722816566_00006.png","cl":"png","refId":"image_6","sr":1,"ks":{"o":{"a":0,"k":100,"ix":11},"r":{"a":0,"k":0,"ix":10},"p":{"a":0,"k":[240,427,0],"ix":2},"a":{"a":0,"k":[240,427,0],"ix":1},"s":{"a":0,"k":[100,100,100],"ix":6}},"ao":0,"ip":10,"op":11.6666666666667,"st":10,"bm":0},{"ddd":0,"ind":8,"ty":2,"nm":"mmexport1590722816566_00007.png","cl":"png","refId":"image_7","sr":1,"ks":{"o":{"a":0,"k":100,"ix":11},"r":{"a":0,"k":0,"ix":10},"p":{"a":0,"k":[240,427,0],"ix":2},"a":{"a":0,"k":[240,427,0],"ix":1},"s":{"a":0,"k":[100,100,100],"ix":6}},"ao":0,"ip":11.6666666666667,"op":13.3333333333333,"st":11.6666666666667,"bm":0},{"ddd":0,"ind":9,"ty":2,"nm":"mmexport1590722816566_00008.png","cl":"png","refId":"image_8","sr":1,"ks":{"o":{"a":0,"k":100,"ix":11},"r":{"a":0,"k":0,"ix":10},"p":{"a":0,"k":[240,427,0],"ix":2},"a":{"a":0,"k":[240,427,0],"ix":1},"s":{"a":0,"k":[100,100,100],"ix":6}},"ao":0,"ip":13.3333333333333,"op":15,"st":13.3333333333333,"bm":0},{"ddd":0,"ind":10,"ty":2,"nm":"mmexport1590722816566_00009.png","cl":"png","refId":"image_9","sr":1,"ks":{"o":{"a":0,"k":100,"ix":11},"r":{"a":0,"k":0,"ix":10},"p":{"a":0,"k":[240,427,0],"ix":2},"a":{"a":0,"k":[240,427,0],"ix":1},"s":{"a":0,"k":[100,100,100],"ix":6}},"ao":0,"ip":15,"op":16.6666666666667,"st":15,"bm":0},{"ddd":0,"ind":11,"ty":2,"nm":"mmexport1590722816566_00010.png","cl":"png","refId":"image_10","sr":1,"ks":{"o":{"a":0,"k":100,"ix":11},"r":{"a":0,"k":0,"ix":10},"p":{"a":0,"k":[240,427,0],"ix":2},"a":{"a":0,"k":[240,427,0],"ix":1},"s":{"a":0,"k":[100,100,100],"ix":6}},"ao":0,"ip":16.6666666666667,"op":18.3333333333333,"st":16.6666666666667,"bm":0},{"ddd":0,"ind":12,"ty":2,"nm":"mmexport1590722816566_00011.png","cl":"png","refId":"image_11","sr":1,"ks":{"o":{"a":0,"k":100,"ix":11},"r":{"a":0,"k":0,"ix":10},"p":{"a":0,"k":[240,427,0],"ix":2},"a":{"a":0,"k":[240,427,0],"ix":1},"s":{"a":0,"k":[100,100,100],"ix":6}},"ao":0,"ip":18.3333333333333,"op":20,"st":18.3333333333333,"bm":0},{"ddd":0,"ind":13,"ty":2,"nm":"mmexport1590722816566_00012.png","cl":"png","refId":"image_12","sr":1,"ks":{"o":{"a":0,"k":100,"ix":11},"r":{"a":0,"k":0,"ix":10},"p":{"a":0,"k":[240,427,0],"ix":2},"a":{"a":0,"k":[240,427,0],"ix":1},"s":{"a":0,"k":[100,100,100],"ix":6}},"ao":0,"ip":20,"op":21.6666666666667,"st":20,"bm":0},{"ddd":0,"ind":14,"ty":2,"nm":"mmexport1590722816566_00013.png","cl":"png","refId":"image_13","sr":1,"ks":{"o":{"a":0,"k":100,"ix":11},"r":{"a":0,"k":0,"ix":10},"p":{"a":0,"k":[240,427,0],"ix":2},"a":{"a":0,"k":[240,427,0],"ix":1},"s":{"a":0,"k":[100,100,100],"ix":6}},"ao":0,"ip":21.6666666666667,"op":23.3333333333333,"st":21.6666666666667,"bm":0},{"ddd":0,"ind":15,"ty":2,"nm":"mmexport1590722816566_00014.png","cl":"png","refId":"image_14","sr":1,"ks":{"o":{"a":0,"k":100,"ix":11},"r":{"a":0,"k":0,"ix":10},"p":{"a":0,"k":[240,427,0],"ix":2},"a":{"a":0,"k":[240,427,0],"ix":1},"s":{"a":0,"k":[100,100,100],"ix":6}},"ao":0,"ip":23.3333333333333,"op":25,"st":23.3333333333333,"bm":0},{"ddd":0,"ind":16,"ty":2,"nm":"mmexport1590722816566_00015.png","cl":"png","refId":"image_15","sr":1,"ks":{"o":{"a":0,"k":100,"ix":11},"r":{"a":0,"k":0,"ix":10},"p":{"a":0,"k":[240,427,0],"ix":2},"a":{"a":0,"k":[240,427,0],"ix":1},"s":{"a":0,"k":[100,100,100],"ix":6}},"ao":0,"ip":25,"op":26.6666666666667,"st":25,"bm":0},{"ddd":0,"ind":17,"ty":2,"nm":"mmexport1590722816566_00016.png","cl":"png","refId":"image_16","sr":1,"ks":{"o":{"a":0,"k":100,"ix":11},"r":{"a":0,"k":0,"ix":10},"p":{"a":0,"k":[240,427,0],"ix":2},"a":{"a":0,"k":[240,427,0],"ix":1},"s":{"a":0,"k":[100,100,100],"ix":6}},"ao":0,"ip":26.6666666666667,"op":28.3333333333333,"st":26.6666666666667,"bm":0},{"ddd":0,"ind":18,"ty":2,"nm":"mmexport1590722816566_00017.png","cl":"png","refId":"image_17","sr":1,"ks":{"o":{"a":0,"k":100,"ix":11},"r":{"a":0,"k":0,"ix":10},"p":{"a":0,"k":[240,427,0],"ix":2},"a":{"a":0,"k":[240,427,0],"ix":1},"s":{"a":0,"k":[100,100,100],"ix":6}},"ao":0,"ip":28.3333333333333,"op":30,"st":28.3333333333333,"bm":0},{"ddd":0,"ind":19,"ty":2,"nm":"mmexport1590722816566_00018.png","cl":"png","refId":"image_18","sr":1,"ks":{"o":{"a":0,"k":100,"ix":11},"r":{"a":0,"k":0,"ix":10},"p":{"a":0,"k":[240,427,0],"ix":2},"a":{"a":0,"k":[240,427,0],"ix":1},"s":{"a":0,"k":[100,100,100],"ix":6}},"ao":0,"ip":30,"op":31.6666666666667,"st":30,"bm":0},{"ddd":0,"ind":20,"ty":2,"nm":"mmexport1590722816566_00019.png","cl":"png","refId":"image_19","sr":1,"ks":{"o":{"a":0,"k":100,"ix":11},"r":{"a":0,"k":0,"ix":10},"p":{"a":0,"k":[240,427,0],"ix":2},"a":{"a":0,"k":[240,427,0],"ix":1},"s":{"a":0,"k":[100,100,100],"ix":6}},"ao":0,"ip":31.6666666666667,"op":33.3333333333333,"st":31.6666666666667,"bm":0},{"ddd":0,"ind":21,"ty":2,"nm":"mmexport1590722816566_00020.png","cl":"png","refId":"image_20","sr":1,"ks":{"o":{"a":0,"k":100,"ix":11},"r":{"a":0,"k":0,"ix":10},"p":{"a":0,"k":[240,427,0],"ix":2},"a":{"a":0,"k":[240,427,0],"ix":1},"s":{"a":0,"k":[100,100,100],"ix":6}},"ao":0,"ip":33.3333333333333,"op":35,"st":33.3333333333333,"bm":0},{"ddd":0,"ind":22,"ty":2,"nm":"mmexport1590722816566_00021.png","cl":"png","refId":"image_21","sr":1,"ks":{"o":{"a":0,"k":100,"ix":11},"r":{"a":0,"k":0,"ix":10},"p":{"a":0,"k":[240,427,0],"ix":2},"a":{"a":0,"k":[240,427,0],"ix":1},"s":{"a":0,"k":[100,100,100],"ix":6}},"ao":0,"ip":35,"op":36.6666666666667,"st":35,"bm":0},{"ddd":0,"ind":23,"ty":2,"nm":"mmexport1590722816566_00022.png","cl":"png","refId":"image_22","sr":1,"ks":{"o":{"a":0,"k":100,"ix":11},"r":{"a":0,"k":0,"ix":10},"p":{"a":0,"k":[240,427,0],"ix":2},"a":{"a":0,"k":[240,427,0],"ix":1},"s":{"a":0,"k":[100,100,100],"ix":6}},"ao":0,"ip":36.6666666666667,"op":38.3333333333333,"st":36.6666666666667,"bm":0},{"ddd":0,"ind":24,"ty":2,"nm":"mmexport1590722816566_00023.png","cl":"png","refId":"image_23","sr":1,"ks":{"o":{"a":0,"k":100,"ix":11},"r":{"a":0,"k":0,"ix":10},"p":{"a":0,"k":[240,427,0],"ix":2},"a":{"a":0,"k":[240,427,0],"ix":1},"s":{"a":0,"k":[100,100,100],"ix":6}},"ao":0,"ip":38.3333333333333,"op":40,"st":38.3333333333333,"bm":0},{"ddd":0,"ind":25,"ty":2,"nm":"mmexport1590722816566_00024.png","cl":"png","refId":"image_24","sr":1,"ks":{"o":{"a":0,"k":100,"ix":11},"r":{"a":0,"k":0,"ix":10},"p":{"a":0,"k":[240,427,0],"ix":2},"a":{"a":0,"k":[240,427,0],"ix":1},"s":{"a":0,"k":[100,100,100],"ix":6}},"ao":0,"ip":40,"op":41.6666666666667,"st":40,"bm":0},{"ddd":0,"ind":26,"ty":2,"nm":"mmexport1590722816566_00025.png","cl":"png","refId":"image_25","sr":1,"ks":{"o":{"a":0,"k":100,"ix":11},"r":{"a":0,"k":0,"ix":10},"p":{"a":0,"k":[240,427,0],"ix":2},"a":{"a":0,"k":[240,427,0],"ix":1},"s":{"a":0,"k":[100,100,100],"ix":6}},"ao":0,"ip":41.6666666666667,"op":43.3333333333333,"st":41.6666666666667,"bm":0},{"ddd":0,"ind":27,"ty":2,"nm":"mmexport1590722816566_00026.png","cl":"png","refId":"image_26","sr":1,"ks":{"o":{"a":0,"k":100,"ix":11},"r":{"a":0,"k":0,"ix":10},"p":{"a":0,"k":[240,427,0],"ix":2},"a":{"a":0,"k":[240,427,0],"ix":1},"s":{"a":0,"k":[100,100,100],"ix":6}},"ao":0,"ip":43.3333333333333,"op":45,"st":43.3333333333333,"bm":0},{"ddd":0,"ind":28,"ty":2,"nm":"mmexport1590722816566_00027.png","cl":"png","refId":"image_27","sr":1,"ks":{"o":{"a":0,"k":100,"ix":11},"r":{"a":0,"k":0,"ix":10},"p":{"a":0,"k":[240,427,0],"ix":2},"a":{"a":0,"k":[240,427,0],"ix":1},"s":{"a":0,"k":[100,100,100],"ix":6}},"ao":0,"ip":45,"op":46.6666666666667,"st":45,"bm":0},{"ddd":0,"ind":29,"ty":2,"nm":"mmexport1590722816566_00028.png","cl":"png","refId":"image_28","sr":1,"ks":{"o":{"a":0,"k":100,"ix":11},"r":{"a":0,"k":0,"ix":10},"p":{"a":0,"k":[240,427,0],"ix":2},"a":{"a":0,"k":[240,427,0],"ix":1},"s":{"a":0,"k":[100,100,100],"ix":6}},"ao":0,"ip":46.6666666666667,"op":48.3333333333333,"st":46.6666666666667,"bm":0},{"ddd":0,"ind":30,"ty":2,"nm":"mmexport1590722816566_00029.png","cl":"png","refId":"image_29","sr":1,"ks":{"o":{"a":0,"k":100,"ix":11},"r":{"a":0,"k":0,"ix":10},"p":{"a":0,"k":[240,427,0],"ix":2},"a":{"a":0,"k":[240,427,0],"ix":1},"s":{"a":0,"k":[100,100,100],"ix":6}},"ao":0,"ip":48.3333333333333,"op":50,"st":48.3333333333333,"bm":0},{"ddd":0,"ind":31,"ty":2,"nm":"mmexport1590722816566_00030.png","cl":"png","refId":"image_30","sr":1,"ks":{"o":{"a":0,"k":100,"ix":11},"r":{"a":0,"k":0,"ix":10},"p":{"a":0,"k":[240,427,0],"ix":2},"a":{"a":0,"k":[240,427,0],"ix":1},"s":{"a":0,"k":[100,100,100],"ix":6}},"ao":0,"ip":50,"op":51.6666666666667,"st":50,"bm":0},{"ddd":0,"ind":32,"ty":2,"nm":"mmexport1590722816566_00031.png","cl":"png","refId":"image_31","sr":1,"ks":{"o":{"a":0,"k":100,"ix":11},"r":{"a":0,"k":0,"ix":10},"p":{"a":0,"k":[240,427,0],"ix":2},"a":{"a":0,"k":[240,427,0],"ix":1},"s":{"a":0,"k":[100,100,100],"ix":6}},"ao":0,"ip":51.6666666666667,"op":53.3333333333333,"st":51.6666666666667,"bm":0},{"ddd":0,"ind":33,"ty":2,"nm":"mmexport1590722816566_00032.png","cl":"png","refId":"image_32","sr":1,"ks":{"o":{"a":0,"k":100,"ix":11},"r":{"a":0,"k":0,"ix":10},"p":{"a":0,"k":[240,427,0],"ix":2},"a":{"a":0,"k":[240,427,0],"ix":1},"s":{"a":0,"k":[100,100,100],"ix":6}},"ao":0,"ip":53.3333333333333,"op":55,"st":53.3333333333333,"bm":0},{"ddd":0,"ind":34,"ty":2,"nm":"mmexport1590722816566_00033.png","cl":"png","refId":"image_33","sr":1,"ks":{"o":{"a":0,"k":100,"ix":11},"r":{"a":0,"k":0,"ix":10},"p":{"a":0,"k":[240,427,0],"ix":2},"a":{"a":0,"k":[240,427,0],"ix":1},"s":{"a":0,"k":[100,100,100],"ix":6}},"ao":0,"ip":55,"op":56.6666666666667,"st":55,"bm":0},{"ddd":0,"ind":35,"ty":2,"nm":"mmexport1590722816566_00034.png","cl":"png","refId":"image_34","sr":1,"ks":{"o":{"a":0,"k":100,"ix":11},"r":{"a":0,"k":0,"ix":10},"p":{"a":0,"k":[240,427,0],"ix":2},"a":{"a":0,"k":[240,427,0],"ix":1},"s":{"a":0,"k":[100,100,100],"ix":6}},"ao":0,"ip":56.6666666666667,"op":58.3333333333333,"st":56.6666666666667,"bm":0},{"ddd":0,"ind":36,"ty":2,"nm":"mmexport1590722816566_00035.png","cl":"png","refId":"image_35","sr":1,"ks":{"o":{"a":0,"k":100,"ix":11},"r":{"a":0,"k":0,"ix":10},"p":{"a":0,"k":[240,427,0],"ix":2},"a":{"a":0,"k":[240,427,0],"ix":1},"s":{"a":0,"k":[100,100,100],"ix":6}},"ao":0,"ip":58.3333333333333,"op":60,"st":58.3333333333333,"bm":0},{"ddd":0,"ind":37,"ty":2,"nm":"mmexport1590722816566_00036.png","cl":"png","refId":"image_36","sr":1,"ks":{"o":{"a":0,"k":100,"ix":11},"r":{"a":0,"k":0,"ix":10},"p":{"a":0,"k":[240,427,0],"ix":2},"a":{"a":0,"k":[240,427,0],"ix":1},"s":{"a":0,"k":[100,100,100],"ix":6}},"ao":0,"ip":60,"op":61.6666666666667,"st":60,"bm":0},{"ddd":0,"ind":38,"ty":2,"nm":"mmexport1590722816566_00037.png","cl":"png","refId":"image_37","sr":1,"ks":{"o":{"a":0,"k":100,"ix":11},"r":{"a":0,"k":0,"ix":10},"p":{"a":0,"k":[240,427,0],"ix":2},"a":{"a":0,"k":[240,427,0],"ix":1},"s":{"a":0,"k":[100,100,100],"ix":6}},"ao":0,"ip":61.6666666666667,"op":63.3333333333333,"st":61.6666666666667,"bm":0},{"ddd":0,"ind":39,"ty":2,"nm":"mmexport1590722816566_00038.png","cl":"png","refId":"image_38","sr":1,"ks":{"o":{"a":0,"k":100,"ix":11},"r":{"a":0,"k":0,"ix":10},"p":{"a":0,"k":[240,427,0],"ix":2},"a":{"a":0,"k":[240,427,0],"ix":1},"s":{"a":0,"k":[100,100,100],"ix":6}},"ao":0,"ip":63.3333333333333,"op":65,"st":63.3333333333333,"bm":0},{"ddd":0,"ind":40,"ty":2,"nm":"mmexport1590722816566_00039.png","cl":"png","refId":"image_39","sr":1,"ks":{"o":{"a":0,"k":100,"ix":11},"r":{"a":0,"k":0,"ix":10},"p":{"a":0,"k":[240,427,0],"ix":2},"a":{"a":0,"k":[240,427,0],"ix":1},"s":{"a":0,"k":[100,100,100],"ix":6}},"ao":0,"ip":65,"op":66.6666666666667,"st":65,"bm":0},{"ddd":0,"ind":41,"ty":2,"nm":"mmexport1590722816566_00040.png","cl":"png","refId":"image_40","sr":1,"ks":{"o":{"a":0,"k":100,"ix":11},"r":{"a":0,"k":0,"ix":10},"p":{"a":0,"k":[240,427,0],"ix":2},"a":{"a":0,"k":[240,427,0],"ix":1},"s":{"a":0,"k":[100,100,100],"ix":6}},"ao":0,"ip":66.6666666666667,"op":68.3333333333333,"st":66.6666666666667,"bm":0},{"ddd":0,"ind":42,"ty":2,"nm":"mmexport1590722816566_00041.png","cl":"png","refId":"image_41","sr":1,"ks":{"o":{"a":0,"k":100,"ix":11},"r":{"a":0,"k":0,"ix":10},"p":{"a":0,"k":[240,427,0],"ix":2},"a":{"a":0,"k":[240,427,0],"ix":1},"s":{"a":0,"k":[100,100,100],"ix":6}},"ao":0,"ip":68.3333333333333,"op":70,"st":68.3333333333333,"bm":0},{"ddd":0,"ind":43,"ty":2,"nm":"mmexport1590722816566_00042.png","cl":"png","refId":"image_42","sr":1,"ks":{"o":{"a":0,"k":100,"ix":11},"r":{"a":0,"k":0,"ix":10},"p":{"a":0,"k":[240,427,0],"ix":2},"a":{"a":0,"k":[240,427,0],"ix":1},"s":{"a":0,"k":[100,100,100],"ix":6}},"ao":0,"ip":70,"op":71.6666666666667,"st":70,"bm":0},{"ddd":0,"ind":44,"ty":2,"nm":"mmexport1590722816566_00043.png","cl":"png","refId":"image_43","sr":1,"ks":{"o":{"a":0,"k":100,"ix":11},"r":{"a":0,"k":0,"ix":10},"p":{"a":0,"k":[240,427,0],"ix":2},"a":{"a":0,"k":[240,427,0],"ix":1},"s":{"a":0,"k":[100,100,100],"ix":6}},"ao":0,"ip":71.6666666666667,"op":73.3333333333333,"st":71.6666666666667,"bm":0},{"ddd":0,"ind":45,"ty":2,"nm":"mmexport1590722816566_00044.png","cl":"png","refId":"image_44","sr":1,"ks":{"o":{"a":0,"k":100,"ix":11},"r":{"a":0,"k":0,"ix":10},"p":{"a":0,"k":[240,427,0],"ix":2},"a":{"a":0,"k":[240,427,0],"ix":1},"s":{"a":0,"k":[100,100,100],"ix":6}},"ao":0,"ip":73.3333333333333,"op":75,"st":73.3333333333333,"bm":0},{"ddd":0,"ind":46,"ty":2,"nm":"mmexport1590722816566_00045.png","cl":"png","refId":"image_45","sr":1,"ks":{"o":{"a":0,"k":100,"ix":11},"r":{"a":0,"k":0,"ix":10},"p":{"a":0,"k":[240,427,0],"ix":2},"a":{"a":0,"k":[240,427,0],"ix":1},"s":{"a":0,"k":[100,100,100],"ix":6}},"ao":0,"ip":75,"op":76.6666666666667,"st":75,"bm":0},{"ddd":0,"ind":47,"ty":2,"nm":"mmexport1590722816566_00046.png","cl":"png","refId":"image_46","sr":1,"ks":{"o":{"a":0,"k":100,"ix":11},"r":{"a":0,"k":0,"ix":10},"p":{"a":0,"k":[240,427,0],"ix":2},"a":{"a":0,"k":[240,427,0],"ix":1},"s":{"a":0,"k":[100,100,100],"ix":6}},"ao":0,"ip":76.6666666666667,"op":78.3333333333333,"st":76.6666666666667,"bm":0},{"ddd":0,"ind":48,"ty":2,"nm":"mmexport1590722816566_00047.png","cl":"png","refId":"image_47","sr":1,"ks":{"o":{"a":0,"k":100,"ix":11},"r":{"a":0,"k":0,"ix":10},"p":{"a":0,"k":[240,427,0],"ix":2},"a":{"a":0,"k":[240,427,0],"ix":1},"s":{"a":0,"k":[100,100,100],"ix":6}},"ao":0,"ip":78.3333333333333,"op":80,"st":78.3333333333333,"bm":0},{"ddd":0,"ind":49,"ty":2,"nm":"mmexport1590722816566_00048.png","cl":"png","refId":"image_48","sr":1,"ks":{"o":{"a":0,"k":100,"ix":11},"r":{"a":0,"k":0,"ix":10},"p":{"a":0,"k":[240,427,0],"ix":2},"a":{"a":0,"k":[240,427,0],"ix":1},"s":{"a":0,"k":[100,100,100],"ix":6}},"ao":0,"ip":80,"op":81.6666666666667,"st":80,"bm":0},{"ddd":0,"ind":50,"ty":2,"nm":"mmexport1590722816566_00049.png","cl":"png","refId":"image_49","sr":1,"ks":{"o":{"a":0,"k":100,"ix":11},"r":{"a":0,"k":0,"ix":10},"p":{"a":0,"k":[240,427,0],"ix":2},"a":{"a":0,"k":[240,427,0],"ix":1},"s":{"a":0,"k":[100,100,100],"ix":6}},"ao":0,"ip":81.6666666666667,"op":83.3333333333333,"st":81.6666666666667,"bm":0},{"ddd":0,"ind":51,"ty":2,"nm":"mmexport1590722816566_00050.png","cl":"png","refId":"image_50","sr":1,"ks":{"o":{"a":0,"k":100,"ix":11},"r":{"a":0,"k":0,"ix":10},"p":{"a":0,"k":[240,427,0],"ix":2},"a":{"a":0,"k":[240,427,0],"ix":1},"s":{"a":0,"k":[100,100,100],"ix":6}},"ao":0,"ip":83.3333333333333,"op":85,"st":83.3333333333333,"bm":0},{"ddd":0,"ind":52,"ty":2,"nm":"mmexport1590722816566_00051.png","cl":"png","refId":"image_51","sr":1,"ks":{"o":{"a":0,"k":100,"ix":11},"r":{"a":0,"k":0,"ix":10},"p":{"a":0,"k":[240,427,0],"ix":2},"a":{"a":0,"k":[240,427,0],"ix":1},"s":{"a":0,"k":[100,100,100],"ix":6}},"ao":0,"ip":85,"op":86.6666666666667,"st":85,"bm":0},{"ddd":0,"ind":53,"ty":2,"nm":"mmexport1590722816566_00052.png","cl":"png","refId":"image_52","sr":1,"ks":{"o":{"a":0,"k":100,"ix":11},"r":{"a":0,"k":0,"ix":10},"p":{"a":0,"k":[240,427,0],"ix":2},"a":{"a":0,"k":[240,427,0],"ix":1},"s":{"a":0,"k":[100,100,100],"ix":6}},"ao":0,"ip":86.6666666666667,"op":88.3333333333333,"st":86.6666666666667,"bm":0},{"ddd":0,"ind":54,"ty":2,"nm":"mmexport1590722816566_00053.png","cl":"png","refId":"image_53","sr":1,"ks":{"o":{"a":0,"k":100,"ix":11},"r":{"a":0,"k":0,"ix":10},"p":{"a":0,"k":[240,427,0],"ix":2},"a":{"a":0,"k":[240,427,0],"ix":1},"s":{"a":0,"k":[100,100,100],"ix":6}},"ao":0,"ip":88.3333333333333,"op":90,"st":88.3333333333333,"bm":0},{"ddd":0,"ind":55,"ty":2,"nm":"mmexport1590722816566_00054.png","cl":"png","refId":"image_54","sr":1,"ks":{"o":{"a":0,"k":100,"ix":11},"r":{"a":0,"k":0,"ix":10},"p":{"a":0,"k":[240,427,0],"ix":2},"a":{"a":0,"k":[240,427,0],"ix":1},"s":{"a":0,"k":[100,100,100],"ix":6}},"ao":0,"ip":90,"op":91.6666666666667,"st":90,"bm":0},{"ddd":0,"ind":56,"ty":2,"nm":"mmexport1590722816566_00055.png","cl":"png","refId":"image_55","sr":1,"ks":{"o":{"a":0,"k":100,"ix":11},"r":{"a":0,"k":0,"ix":10},"p":{"a":0,"k":[240,427,0],"ix":2},"a":{"a":0,"k":[240,427,0],"ix":1},"s":{"a":0,"k":[100,100,100],"ix":6}},"ao":0,"ip":91.6666666666667,"op":93.3333333333333,"st":91.6666666666667,"bm":0},{"ddd":0,"ind":57,"ty":2,"nm":"mmexport1590722816566_00056.png","cl":"png","refId":"image_56","sr":1,"ks":{"o":{"a":0,"k":100,"ix":11},"r":{"a":0,"k":0,"ix":10},"p":{"a":0,"k":[240,427,0],"ix":2},"a":{"a":0,"k":[240,427,0],"ix":1},"s":{"a":0,"k":[100,100,100],"ix":6}},"ao":0,"ip":93.3333333333333,"op":95,"st":93.3333333333333,"bm":0},{"ddd":0,"ind":58,"ty":2,"nm":"mmexport1590722816566_00057.png","cl":"png","refId":"image_57","sr":1,"ks":{"o":{"a":0,"k":100,"ix":11},"r":{"a":0,"k":0,"ix":10},"p":{"a":0,"k":[240,427,0],"ix":2},"a":{"a":0,"k":[240,427,0],"ix":1},"s":{"a":0,"k":[100,100,100],"ix":6}},"ao":0,"ip":95,"op":96.6666666666667,"st":95,"bm":0},{"ddd":0,"ind":59,"ty":2,"nm":"mmexport1590722816566_00058.png","cl":"png","refId":"image_58","sr":1,"ks":{"o":{"a":0,"k":100,"ix":11},"r":{"a":0,"k":0,"ix":10},"p":{"a":0,"k":[240,427,0],"ix":2},"a":{"a":0,"k":[240,427,0],"ix":1},"s":{"a":0,"k":[100,100,100],"ix":6}},"ao":0,"ip":96.6666666666667,"op":98.3333333333333,"st":96.6666666666667,"bm":0},{"ddd":0,"ind":60,"ty":2,"nm":"mmexport1590722816566_00059.png","cl":"png","refId":"image_59","sr":1,"ks":{"o":{"a":0,"k":100,"ix":11},"r":{"a":0,"k":0,"ix":10},"p":{"a":0,"k":[240,427,0],"ix":2},"a":{"a":0,"k":[240,427,0],"ix":1},"s":{"a":0,"k":[100,100,100],"ix":6}},"ao":0,"ip":98.3333333333333,"op":100,"st":98.3333333333333,"bm":0},{"ddd":0,"ind":61,"ty":2,"nm":"mmexport1590722816566_00060.png","cl":"png","refId":"image_60","sr":1,"ks":{"o":{"a":0,"k":100,"ix":11},"r":{"a":0,"k":0,"ix":10},"p":{"a":0,"k":[240,427,0],"ix":2},"a":{"a":0,"k":[240,427,0],"ix":1},"s":{"a":0,"k":[100,100,100],"ix":6}},"ao":0,"ip":100,"op":101.666666666667,"st":100,"bm":0},{"ddd":0,"ind":62,"ty":2,"nm":"mmexport1590722816566_00061.png","cl":"png","refId":"image_61","sr":1,"ks":{"o":{"a":0,"k":100,"ix":11},"r":{"a":0,"k":0,"ix":10},"p":{"a":0,"k":[240,427,0],"ix":2},"a":{"a":0,"k":[240,427,0],"ix":1},"s":{"a":0,"k":[100,100,100],"ix":6}},"ao":0,"ip":101.666666666667,"op":103.333333333333,"st":101.666666666667,"bm":0},{"ddd":0,"ind":63,"ty":2,"nm":"mmexport1590722816566_00062.png","cl":"png","refId":"image_62","sr":1,"ks":{"o":{"a":0,"k":100,"ix":11},"r":{"a":0,"k":0,"ix":10},"p":{"a":0,"k":[240,427,0],"ix":2},"a":{"a":0,"k":[240,427,0],"ix":1},"s":{"a":0,"k":[100,100,100],"ix":6}},"ao":0,"ip":103.333333333333,"op":105,"st":103.333333333333,"bm":0},{"ddd":0,"ind":64,"ty":2,"nm":"mmexport1590722816566_00063.png","cl":"png","refId":"image_63","sr":1,"ks":{"o":{"a":0,"k":100,"ix":11},"r":{"a":0,"k":0,"ix":10},"p":{"a":0,"k":[240,427,0],"ix":2},"a":{"a":0,"k":[240,427,0],"ix":1},"s":{"a":0,"k":[100,100,100],"ix":6}},"ao":0,"ip":105,"op":106.666666666667,"st":105,"bm":0},{"ddd":0,"ind":65,"ty":2,"nm":"mmexport1590722816566_00064.png","cl":"png","refId":"image_64","sr":1,"ks":{"o":{"a":0,"k":100,"ix":11},"r":{"a":0,"k":0,"ix":10},"p":{"a":0,"k":[240,427,0],"ix":2},"a":{"a":0,"k":[240,427,0],"ix":1},"s":{"a":0,"k":[100,100,100],"ix":6}},"ao":0,"ip":106.666666666667,"op":108.333333333333,"st":106.666666666667,"bm":0},{"ddd":0,"ind":66,"ty":2,"nm":"mmexport1590722816566_00065.png","cl":"png","refId":"image_65","sr":1,"ks":{"o":{"a":0,"k":100,"ix":11},"r":{"a":0,"k":0,"ix":10},"p":{"a":0,"k":[240,427,0],"ix":2},"a":{"a":0,"k":[240,427,0],"ix":1},"s":{"a":0,"k":[100,100,100],"ix":6}},"ao":0,"ip":108.333333333333,"op":110,"st":108.333333333333,"bm":0},{"ddd":0,"ind":67,"ty":2,"nm":"mmexport1590722816566_00066.png","cl":"png","refId":"image_66","sr":1,"ks":{"o":{"a":0,"k":100,"ix":11},"r":{"a":0,"k":0,"ix":10},"p":{"a":0,"k":[240,427,0],"ix":2},"a":{"a":0,"k":[240,427,0],"ix":1},"s":{"a":0,"k":[100,100,100],"ix":6}},"ao":0,"ip":110,"op":111.666666666667,"st":110,"bm":0},{"ddd":0,"ind":68,"ty":2,"nm":"mmexport1590722816566_00067.png","cl":"png","refId":"image_67","sr":1,"ks":{"o":{"a":0,"k":100,"ix":11},"r":{"a":0,"k":0,"ix":10},"p":{"a":0,"k":[240,427,0],"ix":2},"a":{"a":0,"k":[240,427,0],"ix":1},"s":{"a":0,"k":[100,100,100],"ix":6}},"ao":0,"ip":111.666666666667,"op":113.333333333333,"st":111.666666666667,"bm":0},{"ddd":0,"ind":69,"ty":2,"nm":"mmexport1590722816566_00068.png","cl":"png","refId":"image_68","sr":1,"ks":{"o":{"a":0,"k":100,"ix":11},"r":{"a":0,"k":0,"ix":10},"p":{"a":0,"k":[240,427,0],"ix":2},"a":{"a":0,"k":[240,427,0],"ix":1},"s":{"a":0,"k":[100,100,100],"ix":6}},"ao":0,"ip":113.333333333333,"op":115,"st":113.333333333333,"bm":0},{"ddd":0,"ind":70,"ty":2,"nm":"mmexport1590722816566_00069.png","cl":"png","refId":"image_69","sr":1,"ks":{"o":{"a":0,"k":100,"ix":11},"r":{"a":0,"k":0,"ix":10},"p":{"a":0,"k":[240,427,0],"ix":2},"a":{"a":0,"k":[240,427,0],"ix":1},"s":{"a":0,"k":[100,100,100],"ix":6}},"ao":0,"ip":115,"op":116.666666666667,"st":115,"bm":0},{"ddd":0,"ind":71,"ty":2,"nm":"mmexport1590722816566_00070.png","cl":"png","refId":"image_70","sr":1,"ks":{"o":{"a":0,"k":100,"ix":11},"r":{"a":0,"k":0,"ix":10},"p":{"a":0,"k":[240,427,0],"ix":2},"a":{"a":0,"k":[240,427,0],"ix":1},"s":{"a":0,"k":[100,100,100],"ix":6}},"ao":0,"ip":116.666666666667,"op":118.333333333333,"st":116.666666666667,"bm":0},{"ddd":0,"ind":72,"ty":2,"nm":"mmexport1590722816566_00071.png","cl":"png","refId":"image_71","sr":1,"ks":{"o":{"a":0,"k":100,"ix":11},"r":{"a":0,"k":0,"ix":10},"p":{"a":0,"k":[240,427,0],"ix":2},"a":{"a":0,"k":[240,427,0],"ix":1},"s":{"a":0,"k":[100,100,100],"ix":6}},"ao":0,"ip":118.333333333333,"op":120,"st":118.333333333333,"bm":0},{"ddd":0,"ind":73,"ty":2,"nm":"mmexport1590722816566_00072.png","cl":"png","refId":"image_72","sr":1,"ks":{"o":{"a":0,"k":100,"ix":11},"r":{"a":0,"k":0,"ix":10},"p":{"a":0,"k":[240,427,0],"ix":2},"a":{"a":0,"k":[240,427,0],"ix":1},"s":{"a":0,"k":[100,100,100],"ix":6}},"ao":0,"ip":120,"op":121.666666666667,"st":120,"bm":0},{"ddd":0,"ind":74,"ty":2,"nm":"mmexport1590722816566_00073.png","cl":"png","refId":"image_73","sr":1,"ks":{"o":{"a":0,"k":100,"ix":11},"r":{"a":0,"k":0,"ix":10},"p":{"a":0,"k":[240,427,0],"ix":2},"a":{"a":0,"k":[240,427,0],"ix":1},"s":{"a":0,"k":[100,100,100],"ix":6}},"ao":0,"ip":121.666666666667,"op":123.333333333333,"st":121.666666666667,"bm":0},{"ddd":0,"ind":75,"ty":2,"nm":"mmexport1590722816566_00074.png","cl":"png","refId":"image_74","sr":1,"ks":{"o":{"a":0,"k":100,"ix":11},"r":{"a":0,"k":0,"ix":10},"p":{"a":0,"k":[240,427,0],"ix":2},"a":{"a":0,"k":[240,427,0],"ix":1},"s":{"a":0,"k":[100,100,100],"ix":6}},"ao":0,"ip":123.333333333333,"op":125,"st":123.333333333333,"bm":0},{"ddd":0,"ind":76,"ty":2,"nm":"mmexport1590722816566_00075.png","cl":"png","refId":"image_75","sr":1,"ks":{"o":{"a":0,"k":100,"ix":11},"r":{"a":0,"k":0,"ix":10},"p":{"a":0,"k":[240,427,0],"ix":2},"a":{"a":0,"k":[240,427,0],"ix":1},"s":{"a":0,"k":[100,100,100],"ix":6}},"ao":0,"ip":125,"op":126.666666666667,"st":125,"bm":0},{"ddd":0,"ind":77,"ty":2,"nm":"mmexport1590722816566_00076.png","cl":"png","refId":"image_76","sr":1,"ks":{"o":{"a":0,"k":100,"ix":11},"r":{"a":0,"k":0,"ix":10},"p":{"a":0,"k":[240,427,0],"ix":2},"a":{"a":0,"k":[240,427,0],"ix":1},"s":{"a":0,"k":[100,100,100],"ix":6}},"ao":0,"ip":126.666666666667,"op":128.333333333333,"st":126.666666666667,"bm":0},{"ddd":0,"ind":78,"ty":2,"nm":"mmexport1590722816566_00077.png","cl":"png","refId":"image_77","sr":1,"ks":{"o":{"a":0,"k":100,"ix":11},"r":{"a":0,"k":0,"ix":10},"p":{"a":0,"k":[240,427,0],"ix":2},"a":{"a":0,"k":[240,427,0],"ix":1},"s":{"a":0,"k":[100,100,100],"ix":6}},"ao":0,"ip":128.333333333333,"op":130,"st":128.333333333333,"bm":0},{"ddd":0,"ind":79,"ty":2,"nm":"mmexport1590722816566_00078.png","cl":"png","refId":"image_78","sr":1,"ks":{"o":{"a":0,"k":100,"ix":11},"r":{"a":0,"k":0,"ix":10},"p":{"a":0,"k":[240,427,0],"ix":2},"a":{"a":0,"k":[240,427,0],"ix":1},"s":{"a":0,"k":[100,100,100],"ix":6}},"ao":0,"ip":130,"op":131.666666666667,"st":130,"bm":0},{"ddd":0,"ind":80,"ty":2,"nm":"mmexport1590722816566_00079.png","cl":"png","refId":"image_79","sr":1,"ks":{"o":{"a":0,"k":100,"ix":11},"r":{"a":0,"k":0,"ix":10},"p":{"a":0,"k":[240,427,0],"ix":2},"a":{"a":0,"k":[240,427,0],"ix":1},"s":{"a":0,"k":[100,100,100],"ix":6}},"ao":0,"ip":131.666666666667,"op":133.333333333333,"st":131.666666666667,"bm":0},{"ddd":0,"ind":81,"ty":2,"nm":"mmexport1590722816566_00080.png","cl":"png","refId":"image_80","sr":1,"ks":{"o":{"a":0,"k":100,"ix":11},"r":{"a":0,"k":0,"ix":10},"p":{"a":0,"k":[240,427,0],"ix":2},"a":{"a":0,"k":[240,427,0],"ix":1},"s":{"a":0,"k":[100,100,100],"ix":6}},"ao":0,"ip":133.333333333333,"op":135,"st":133.333333333333,"bm":0},{"ddd":0,"ind":82,"ty":2,"nm":"mmexport1590722816566_00081.png","cl":"png","refId":"image_81","sr":1,"ks":{"o":{"a":0,"k":100,"ix":11},"r":{"a":0,"k":0,"ix":10},"p":{"a":0,"k":[240,427,0],"ix":2},"a":{"a":0,"k":[240,427,0],"ix":1},"s":{"a":0,"k":[100,100,100],"ix":6}},"ao":0,"ip":135,"op":136.666666666667,"st":135,"bm":0},{"ddd":0,"ind":83,"ty":2,"nm":"mmexport1590722816566_00082.png","cl":"png","refId":"image_82","sr":1,"ks":{"o":{"a":0,"k":100,"ix":11},"r":{"a":0,"k":0,"ix":10},"p":{"a":0,"k":[240,427,0],"ix":2},"a":{"a":0,"k":[240,427,0],"ix":1},"s":{"a":0,"k":[100,100,100],"ix":6}},"ao":0,"ip":136.666666666667,"op":138.333333333333,"st":136.666666666667,"bm":0},{"ddd":0,"ind":84,"ty":2,"nm":"mmexport1590722816566_00083.png","cl":"png","refId":"image_83","sr":1,"ks":{"o":{"a":0,"k":100,"ix":11},"r":{"a":0,"k":0,"ix":10},"p":{"a":0,"k":[240,427,0],"ix":2},"a":{"a":0,"k":[240,427,0],"ix":1},"s":{"a":0,"k":[100,100,100],"ix":6}},"ao":0,"ip":138.333333333333,"op":140,"st":138.333333333333,"bm":0},{"ddd":0,"ind":85,"ty":2,"nm":"mmexport1590722816566_00084.png","cl":"png","refId":"image_84","sr":1,"ks":{"o":{"a":0,"k":100,"ix":11},"r":{"a":0,"k":0,"ix":10},"p":{"a":0,"k":[240,427,0],"ix":2},"a":{"a":0,"k":[240,427,0],"ix":1},"s":{"a":0,"k":[100,100,100],"ix":6}},"ao":0,"ip":140,"op":141.666666666667,"st":140,"bm":0},{"ddd":0,"ind":86,"ty":2,"nm":"mmexport1590722816566_00085.png","cl":"png","refId":"image_85","sr":1,"ks":{"o":{"a":0,"k":100,"ix":11},"r":{"a":0,"k":0,"ix":10},"p":{"a":0,"k":[240,427,0],"ix":2},"a":{"a":0,"k":[240,427,0],"ix":1},"s":{"a":0,"k":[100,100,100],"ix":6}},"ao":0,"ip":141.666666666667,"op":143.333333333333,"st":141.666666666667,"bm":0},{"ddd":0,"ind":87,"ty":2,"nm":"mmexport1590722816566_00086.png","cl":"png","refId":"image_86","sr":1,"ks":{"o":{"a":0,"k":100,"ix":11},"r":{"a":0,"k":0,"ix":10},"p":{"a":0,"k":[240,427,0],"ix":2},"a":{"a":0,"k":[240,427,0],"ix":1},"s":{"a":0,"k":[100,100,100],"ix":6}},"ao":0,"ip":143.333333333333,"op":145,"st":143.333333333333,"bm":0},{"ddd":0,"ind":88,"ty":2,"nm":"mmexport1590722816566_00087.png","cl":"png","refId":"image_87","sr":1,"ks":{"o":{"a":0,"k":100,"ix":11},"r":{"a":0,"k":0,"ix":10},"p":{"a":0,"k":[240,427,0],"ix":2},"a":{"a":0,"k":[240,427,0],"ix":1},"s":{"a":0,"k":[100,100,100],"ix":6}},"ao":0,"ip":145,"op":146.666666666667,"st":145,"bm":0},{"ddd":0,"ind":89,"ty":2,"nm":"mmexport1590722816566_00088.png","cl":"png","refId":"image_88","sr":1,"ks":{"o":{"a":0,"k":100,"ix":11},"r":{"a":0,"k":0,"ix":10},"p":{"a":0,"k":[240,427,0],"ix":2},"a":{"a":0,"k":[240,427,0],"ix":1},"s":{"a":0,"k":[100,100,100],"ix":6}},"ao":0,"ip":146.666666666667,"op":148.333333333333,"st":146.666666666667,"bm":0},{"ddd":0,"ind":90,"ty":2,"nm":"mmexport1590722816566_00089.png","cl":"png","refId":"image_89","sr":1,"ks":{"o":{"a":0,"k":100,"ix":11},"r":{"a":0,"k":0,"ix":10},"p":{"a":0,"k":[240,427,0],"ix":2},"a":{"a":0,"k":[240,427,0],"ix":1},"s":{"a":0,"k":[100,100,100],"ix":6}},"ao":0,"ip":148.333333333333,"op":150,"st":148.333333333333,"bm":0},{"ddd":0,"ind":91,"ty":2,"nm":"mmexport1590722816566_00090.png","cl":"png","refId":"image_90","sr":1,"ks":{"o":{"a":0,"k":100,"ix":11},"r":{"a":0,"k":0,"ix":10},"p":{"a":0,"k":[240,427,0],"ix":2},"a":{"a":0,"k":[240,427,0],"ix":1},"s":{"a":0,"k":[100,100,100],"ix":6}},"ao":0,"ip":150,"op":151.666666666667,"st":150,"bm":0},{"ddd":0,"ind":92,"ty":2,"nm":"mmexport1590722816566_00091.png","cl":"png","refId":"image_91","sr":1,"ks":{"o":{"a":0,"k":100,"ix":11},"r":{"a":0,"k":0,"ix":10},"p":{"a":0,"k":[240,427,0],"ix":2},"a":{"a":0,"k":[240,427,0],"ix":1},"s":{"a":0,"k":[100,100,100],"ix":6}},"ao":0,"ip":151.666666666667,"op":153.333333333333,"st":151.666666666667,"bm":0},{"ddd":0,"ind":93,"ty":2,"nm":"mmexport1590722816566_00092.png","cl":"png","refId":"image_92","sr":1,"ks":{"o":{"a":0,"k":100,"ix":11},"r":{"a":0,"k":0,"ix":10},"p":{"a":0,"k":[240,427,0],"ix":2},"a":{"a":0,"k":[240,427,0],"ix":1},"s":{"a":0,"k":[100,100,100],"ix":6}},"ao":0,"ip":153.333333333333,"op":155,"st":153.333333333333,"bm":0},{"ddd":0,"ind":94,"ty":2,"nm":"mmexport1590722816566_00093.png","cl":"png","refId":"image_93","sr":1,"ks":{"o":{"a":0,"k":100,"ix":11},"r":{"a":0,"k":0,"ix":10},"p":{"a":0,"k":[240,427,0],"ix":2},"a":{"a":0,"k":[240,427,0],"ix":1},"s":{"a":0,"k":[100,100,100],"ix":6}},"ao":0,"ip":155,"op":156.666666666667,"st":155,"bm":0},{"ddd":0,"ind":95,"ty":2,"nm":"mmexport1590722816566_00094.png","cl":"png","refId":"image_94","sr":1,"ks":{"o":{"a":0,"k":100,"ix":11},"r":{"a":0,"k":0,"ix":10},"p":{"a":0,"k":[240,427,0],"ix":2},"a":{"a":0,"k":[240,427,0],"ix":1},"s":{"a":0,"k":[100,100,100],"ix":6}},"ao":0,"ip":156.666666666667,"op":158.333333333333,"st":156.666666666667,"bm":0},{"ddd":0,"ind":96,"ty":2,"nm":"mmexport1590722816566_00095.png","cl":"png","refId":"image_95","sr":1,"ks":{"o":{"a":0,"k":100,"ix":11},"r":{"a":0,"k":0,"ix":10},"p":{"a":0,"k":[240,427,0],"ix":2},"a":{"a":0,"k":[240,427,0],"ix":1},"s":{"a":0,"k":[100,100,100],"ix":6}},"ao":0,"ip":158.333333333333,"op":160,"st":158.333333333333,"bm":0},{"ddd":0,"ind":97,"ty":2,"nm":"mmexport1590722816566_00096.png","cl":"png","refId":"image_96","sr":1,"ks":{"o":{"a":0,"k":100,"ix":11},"r":{"a":0,"k":0,"ix":10},"p":{"a":0,"k":[240,427,0],"ix":2},"a":{"a":0,"k":[240,427,0],"ix":1},"s":{"a":0,"k":[100,100,100],"ix":6}},"ao":0,"ip":160,"op":161.666666666667,"st":160,"bm":0},{"ddd":0,"ind":98,"ty":2,"nm":"mmexport1590722816566_00097.png","cl":"png","refId":"image_97","sr":1,"ks":{"o":{"a":0,"k":100,"ix":11},"r":{"a":0,"k":0,"ix":10},"p":{"a":0,"k":[240,427,0],"ix":2},"a":{"a":0,"k":[240,427,0],"ix":1},"s":{"a":0,"k":[100,100,100],"ix":6}},"ao":0,"ip":161.666666666667,"op":163.333333333333,"st":161.666666666667,"bm":0},{"ddd":0,"ind":99,"ty":2,"nm":"mmexport1590722816566_00098.png","cl":"png","refId":"image_98","sr":1,"ks":{"o":{"a":0,"k":100,"ix":11},"r":{"a":0,"k":0,"ix":10},"p":{"a":0,"k":[240,427,0],"ix":2},"a":{"a":0,"k":[240,427,0],"ix":1},"s":{"a":0,"k":[100,100,100],"ix":6}},"ao":0,"ip":163.333333333333,"op":165,"st":163.333333333333,"bm":0},{"ddd":0,"ind":100,"ty":2,"nm":"mmexport1590722816566_00099.png","cl":"png","refId":"image_99","sr":1,"ks":{"o":{"a":0,"k":100,"ix":11},"r":{"a":0,"k":0,"ix":10},"p":{"a":0,"k":[240,427,0],"ix":2},"a":{"a":0,"k":[240,427,0],"ix":1},"s":{"a":0,"k":[100,100,100],"ix":6}},"ao":0,"ip":165,"op":166.666666666667,"st":165,"bm":0},{"ddd":0,"ind":101,"ty":2,"nm":"mmexport1590722816566_00100.png","cl":"png","refId":"image_100","sr":1,"ks":{"o":{"a":0,"k":100,"ix":11},"r":{"a":0,"k":0,"ix":10},"p":{"a":0,"k":[240,427,0],"ix":2},"a":{"a":0,"k":[240,427,0],"ix":1},"s":{"a":0,"k":[100,100,100],"ix":6}},"ao":0,"ip":166.666666666667,"op":168.333333333333,"st":166.666666666667,"bm":0},{"ddd":0,"ind":102,"ty":2,"nm":"mmexport1590722816566_00101.png","cl":"png","refId":"image_101","sr":1,"ks":{"o":{"a":0,"k":100,"ix":11},"r":{"a":0,"k":0,"ix":10},"p":{"a":0,"k":[240,427,0],"ix":2},"a":{"a":0,"k":[240,427,0],"ix":1},"s":{"a":0,"k":[100,100,100],"ix":6}},"ao":0,"ip":168.333333333333,"op":170,"st":168.333333333333,"bm":0},{"ddd":0,"ind":103,"ty":2,"nm":"mmexport1590722816566_00102.png","cl":"png","refId":"image_102","sr":1,"ks":{"o":{"a":0,"k":100,"ix":11},"r":{"a":0,"k":0,"ix":10},"p":{"a":0,"k":[240,427,0],"ix":2},"a":{"a":0,"k":[240,427,0],"ix":1},"s":{"a":0,"k":[100,100,100],"ix":6}},"ao":0,"ip":170,"op":171.666666666667,"st":170,"bm":0},{"ddd":0,"ind":104,"ty":2,"nm":"mmexport1590722816566_00103.png","cl":"png","refId":"image_103","sr":1,"ks":{"o":{"a":0,"k":100,"ix":11},"r":{"a":0,"k":0,"ix":10},"p":{"a":0,"k":[240,427,0],"ix":2},"a":{"a":0,"k":[240,427,0],"ix":1},"s":{"a":0,"k":[100,100,100],"ix":6}},"ao":0,"ip":171.666666666667,"op":173.333333333333,"st":171.666666666667,"bm":0},{"ddd":0,"ind":105,"ty":2,"nm":"mmexport1590722816566_00104.png","cl":"png","refId":"image_104","sr":1,"ks":{"o":{"a":0,"k":100,"ix":11},"r":{"a":0,"k":0,"ix":10},"p":{"a":0,"k":[240,427,0],"ix":2},"a":{"a":0,"k":[240,427,0],"ix":1},"s":{"a":0,"k":[100,100,100],"ix":6}},"ao":0,"ip":173.333333333333,"op":175,"st":173.333333333333,"bm":0},{"ddd":0,"ind":106,"ty":2,"nm":"mmexport1590722816566_00105.png","cl":"png","refId":"image_105","sr":1,"ks":{"o":{"a":0,"k":100,"ix":11},"r":{"a":0,"k":0,"ix":10},"p":{"a":0,"k":[240,427,0],"ix":2},"a":{"a":0,"k":[240,427,0],"ix":1},"s":{"a":0,"k":[100,100,100],"ix":6}},"ao":0,"ip":175,"op":176.666666666667,"st":175,"bm":0},{"ddd":0,"ind":107,"ty":2,"nm":"mmexport1590722816566_00106.png","cl":"png","refId":"image_106","sr":1,"ks":{"o":{"a":0,"k":100,"ix":11},"r":{"a":0,"k":0,"ix":10},"p":{"a":0,"k":[240,427,0],"ix":2},"a":{"a":0,"k":[240,427,0],"ix":1},"s":{"a":0,"k":[100,100,100],"ix":6}},"ao":0,"ip":176.666666666667,"op":178.333333333333,"st":176.666666666667,"bm":0},{"ddd":0,"ind":108,"ty":2,"nm":"mmexport1590722816566_00107.png","cl":"png","refId":"image_107","sr":1,"ks":{"o":{"a":0,"k":100,"ix":11},"r":{"a":0,"k":0,"ix":10},"p":{"a":0,"k":[240,427,0],"ix":2},"a":{"a":0,"k":[240,427,0],"ix":1},"s":{"a":0,"k":[100,100,100],"ix":6}},"ao":0,"ip":178.333333333333,"op":180,"st":178.333333333333,"bm":0},{"ddd":0,"ind":109,"ty":2,"nm":"mmexport1590722816566_00108.png","cl":"png","refId":"image_108","sr":1,"ks":{"o":{"a":0,"k":100,"ix":11},"r":{"a":0,"k":0,"ix":10},"p":{"a":0,"k":[240,427,0],"ix":2},"a":{"a":0,"k":[240,427,0],"ix":1},"s":{"a":0,"k":[100,100,100],"ix":6}},"ao":0,"ip":180,"op":181.666666666667,"st":180,"bm":0},{"ddd":0,"ind":110,"ty":2,"nm":"mmexport1590722816566_00109.png","cl":"png","refId":"image_109","sr":1,"ks":{"o":{"a":0,"k":100,"ix":11},"r":{"a":0,"k":0,"ix":10},"p":{"a":0,"k":[240,427,0],"ix":2},"a":{"a":0,"k":[240,427,0],"ix":1},"s":{"a":0,"k":[100,100,100],"ix":6}},"ao":0,"ip":181.666666666667,"op":183.333333333333,"st":181.666666666667,"bm":0},{"ddd":0,"ind":111,"ty":2,"nm":"mmexport1590722816566_00110.png","cl":"png","refId":"image_110","sr":1,"ks":{"o":{"a":0,"k":100,"ix":11},"r":{"a":0,"k":0,"ix":10},"p":{"a":0,"k":[240,427,0],"ix":2},"a":{"a":0,"k":[240,427,0],"ix":1},"s":{"a":0,"k":[100,100,100],"ix":6}},"ao":0,"ip":183.333333333333,"op":185,"st":183.333333333333,"bm":0},{"ddd":0,"ind":112,"ty":2,"nm":"mmexport1590722816566_00111.png","cl":"png","refId":"image_111","sr":1,"ks":{"o":{"a":0,"k":100,"ix":11},"r":{"a":0,"k":0,"ix":10},"p":{"a":0,"k":[240,427,0],"ix":2},"a":{"a":0,"k":[240,427,0],"ix":1},"s":{"a":0,"k":[100,100,100],"ix":6}},"ao":0,"ip":185,"op":186.666666666667,"st":185,"bm":0},{"ddd":0,"ind":113,"ty":2,"nm":"mmexport1590722816566_00112.png","cl":"png","refId":"image_112","sr":1,"ks":{"o":{"a":0,"k":100,"ix":11},"r":{"a":0,"k":0,"ix":10},"p":{"a":0,"k":[240,427,0],"ix":2},"a":{"a":0,"k":[240,427,0],"ix":1},"s":{"a":0,"k":[100,100,100],"ix":6}},"ao":0,"ip":186.666666666667,"op":188.333333333333,"st":186.666666666667,"bm":0},{"ddd":0,"ind":114,"ty":2,"nm":"mmexport1590722816566_00113.png","cl":"png","refId":"image_113","sr":1,"ks":{"o":{"a":0,"k":100,"ix":11},"r":{"a":0,"k":0,"ix":10},"p":{"a":0,"k":[240,427,0],"ix":2},"a":{"a":0,"k":[240,427,0],"ix":1},"s":{"a":0,"k":[100,100,100],"ix":6}},"ao":0,"ip":188.333333333333,"op":190,"st":188.333333333333,"bm":0},{"ddd":0,"ind":115,"ty":2,"nm":"mmexport1590722816566_00114.png","cl":"png","refId":"image_114","sr":1,"ks":{"o":{"a":0,"k":100,"ix":11},"r":{"a":0,"k":0,"ix":10},"p":{"a":0,"k":[240,427,0],"ix":2},"a":{"a":0,"k":[240,427,0],"ix":1},"s":{"a":0,"k":[100,100,100],"ix":6}},"ao":0,"ip":190,"op":191.666666666667,"st":190,"bm":0},{"ddd":0,"ind":116,"ty":2,"nm":"mmexport1590722816566_00115.png","cl":"png","refId":"image_115","sr":1,"ks":{"o":{"a":0,"k":100,"ix":11},"r":{"a":0,"k":0,"ix":10},"p":{"a":0,"k":[240,427,0],"ix":2},"a":{"a":0,"k":[240,427,0],"ix":1},"s":{"a":0,"k":[100,100,100],"ix":6}},"ao":0,"ip":191.666666666667,"op":193.333333333333,"st":191.666666666667,"bm":0},{"ddd":0,"ind":117,"ty":2,"nm":"mmexport1590722816566_00116.png","cl":"png","refId":"image_116","sr":1,"ks":{"o":{"a":0,"k":100,"ix":11},"r":{"a":0,"k":0,"ix":10},"p":{"a":0,"k":[240,427,0],"ix":2},"a":{"a":0,"k":[240,427,0],"ix":1},"s":{"a":0,"k":[100,100,100],"ix":6}},"ao":0,"ip":193.333333333333,"op":195,"st":193.333333333333,"bm":0},{"ddd":0,"ind":118,"ty":2,"nm":"mmexport1590722816566_00117.png","cl":"png","refId":"image_117","sr":1,"ks":{"o":{"a":0,"k":100,"ix":11},"r":{"a":0,"k":0,"ix":10},"p":{"a":0,"k":[240,427,0],"ix":2},"a":{"a":0,"k":[240,427,0],"ix":1},"s":{"a":0,"k":[100,100,100],"ix":6}},"ao":0,"ip":195,"op":196.666666666667,"st":195,"bm":0},{"ddd":0,"ind":119,"ty":2,"nm":"mmexport1590722816566_00118.png","cl":"png","refId":"image_118","sr":1,"ks":{"o":{"a":0,"k":100,"ix":11},"r":{"a":0,"k":0,"ix":10},"p":{"a":0,"k":[240,427,0],"ix":2},"a":{"a":0,"k":[240,427,0],"ix":1},"s":{"a":0,"k":[100,100,100],"ix":6}},"ao":0,"ip":196.666666666667,"op":198.333333333333,"st":196.666666666667,"bm":0},{"ddd":0,"ind":120,"ty":2,"nm":"mmexport1590722816566_00119.png","cl":"png","refId":"image_119","sr":1,"ks":{"o":{"a":0,"k":100,"ix":11},"r":{"a":0,"k":0,"ix":10},"p":{"a":0,"k":[240,427,0],"ix":2},"a":{"a":0,"k":[240,427,0],"ix":1},"s":{"a":0,"k":[100,100,100],"ix":6}},"ao":0,"ip":198.333333333333,"op":200,"st":198.333333333333,"bm":0},{"ddd":0,"ind":121,"ty":2,"nm":"mmexport1590722816566_00120.png","cl":"png","refId":"image_120","sr":1,"ks":{"o":{"a":0,"k":100,"ix":11},"r":{"a":0,"k":0,"ix":10},"p":{"a":0,"k":[240,427,0],"ix":2},"a":{"a":0,"k":[240,427,0],"ix":1},"s":{"a":0,"k":[100,100,100],"ix":6}},"ao":0,"ip":200,"op":201.666666666667,"st":200,"bm":0},{"ddd":0,"ind":122,"ty":2,"nm":"mmexport1590722816566_00121.png","cl":"png","refId":"image_121","sr":1,"ks":{"o":{"a":0,"k":100,"ix":11},"r":{"a":0,"k":0,"ix":10},"p":{"a":0,"k":[240,427,0],"ix":2},"a":{"a":0,"k":[240,427,0],"ix":1},"s":{"a":0,"k":[100,100,100],"ix":6}},"ao":0,"ip":201.666666666667,"op":203.333333333333,"st":201.666666666667,"bm":0},{"ddd":0,"ind":123,"ty":2,"nm":"mmexport1590722816566_00122.png","cl":"png","refId":"image_122","sr":1,"ks":{"o":{"a":0,"k":100,"ix":11},"r":{"a":0,"k":0,"ix":10},"p":{"a":0,"k":[240,427,0],"ix":2},"a":{"a":0,"k":[240,427,0],"ix":1},"s":{"a":0,"k":[100,100,100],"ix":6}},"ao":0,"ip":203.333333333333,"op":205,"st":203.333333333333,"bm":0},{"ddd":0,"ind":124,"ty":2,"nm":"mmexport1590722816566_00123.png","cl":"png","refId":"image_123","sr":1,"ks":{"o":{"a":0,"k":100,"ix":11},"r":{"a":0,"k":0,"ix":10},"p":{"a":0,"k":[240,427,0],"ix":2},"a":{"a":0,"k":[240,427,0],"ix":1},"s":{"a":0,"k":[100,100,100],"ix":6}},"ao":0,"ip":205,"op":206.666666666667,"st":205,"bm":0},{"ddd":0,"ind":125,"ty":2,"nm":"mmexport1590722816566_00124.png","cl":"png","refId":"image_124","sr":1,"ks":{"o":{"a":0,"k":100,"ix":11},"r":{"a":0,"k":0,"ix":10},"p":{"a":0,"k":[240,427,0],"ix":2},"a":{"a":0,"k":[240,427,0],"ix":1},"s":{"a":0,"k":[100,100,100],"ix":6}},"ao":0,"ip":206.666666666667,"op":208.333333333333,"st":206.666666666667,"bm":0},{"ddd":0,"ind":126,"ty":2,"nm":"mmexport1590722816566_00125.png","cl":"png","refId":"image_125","sr":1,"ks":{"o":{"a":0,"k":100,"ix":11},"r":{"a":0,"k":0,"ix":10},"p":{"a":0,"k":[240,427,0],"ix":2},"a":{"a":0,"k":[240,427,0],"ix":1},"s":{"a":0,"k":[100,100,100],"ix":6}},"ao":0,"ip":208.333333333333,"op":210,"st":208.333333333333,"bm":0},{"ddd":0,"ind":127,"ty":2,"nm":"mmexport1590722816566_00126.png","cl":"png","refId":"image_126","sr":1,"ks":{"o":{"a":0,"k":100,"ix":11},"r":{"a":0,"k":0,"ix":10},"p":{"a":0,"k":[240,427,0],"ix":2},"a":{"a":0,"k":[240,427,0],"ix":1},"s":{"a":0,"k":[100,100,100],"ix":6}},"ao":0,"ip":210,"op":211.666666666667,"st":210,"bm":0},{"ddd":0,"ind":128,"ty":2,"nm":"mmexport1590722816566_00127.png","cl":"png","refId":"image_127","sr":1,"ks":{"o":{"a":0,"k":100,"ix":11},"r":{"a":0,"k":0,"ix":10},"p":{"a":0,"k":[240,427,0],"ix":2},"a":{"a":0,"k":[240,427,0],"ix":1},"s":{"a":0,"k":[100,100,100],"ix":6}},"ao":0,"ip":211.666666666667,"op":213.333333333333,"st":211.666666666667,"bm":0},{"ddd":0,"ind":129,"ty":2,"nm":"mmexport1590722816566_00128.png","cl":"png","refId":"image_128","sr":1,"ks":{"o":{"a":0,"k":100,"ix":11},"r":{"a":0,"k":0,"ix":10},"p":{"a":0,"k":[240,427,0],"ix":2},"a":{"a":0,"k":[240,427,0],"ix":1},"s":{"a":0,"k":[100,100,100],"ix":6}},"ao":0,"ip":213.333333333333,"op":215,"st":213.333333333333,"bm":0},{"ddd":0,"ind":130,"ty":2,"nm":"mmexport1590722816566_00129.png","cl":"png","refId":"image_129","sr":1,"ks":{"o":{"a":0,"k":100,"ix":11},"r":{"a":0,"k":0,"ix":10},"p":{"a":0,"k":[240,427,0],"ix":2},"a":{"a":0,"k":[240,427,0],"ix":1},"s":{"a":0,"k":[100,100,100],"ix":6}},"ao":0,"ip":215,"op":216.666666666667,"st":215,"bm":0},{"ddd":0,"ind":131,"ty":2,"nm":"mmexport1590722816566_00130.png","cl":"png","refId":"image_130","sr":1,"ks":{"o":{"a":0,"k":100,"ix":11},"r":{"a":0,"k":0,"ix":10},"p":{"a":0,"k":[240,427,0],"ix":2},"a":{"a":0,"k":[240,427,0],"ix":1},"s":{"a":0,"k":[100,100,100],"ix":6}},"ao":0,"ip":216.666666666667,"op":218.333333333333,"st":216.666666666667,"bm":0},{"ddd":0,"ind":132,"ty":2,"nm":"mmexport1590722816566_00131.png","cl":"png","refId":"image_131","sr":1,"ks":{"o":{"a":0,"k":100,"ix":11},"r":{"a":0,"k":0,"ix":10},"p":{"a":0,"k":[240,427,0],"ix":2},"a":{"a":0,"k":[240,427,0],"ix":1},"s":{"a":0,"k":[100,100,100],"ix":6}},"ao":0,"ip":218.333333333333,"op":220,"st":218.333333333333,"bm":0},{"ddd":0,"ind":133,"ty":2,"nm":"mmexport1590722816566_00132.png","cl":"png","refId":"image_132","sr":1,"ks":{"o":{"a":0,"k":100,"ix":11},"r":{"a":0,"k":0,"ix":10},"p":{"a":0,"k":[240,427,0],"ix":2},"a":{"a":0,"k":[240,427,0],"ix":1},"s":{"a":0,"k":[100,100,100],"ix":6}},"ao":0,"ip":220,"op":221.666666666667,"st":220,"bm":0},{"ddd":0,"ind":134,"ty":2,"nm":"mmexport1590722816566_00133.png","cl":"png","refId":"image_133","sr":1,"ks":{"o":{"a":0,"k":100,"ix":11},"r":{"a":0,"k":0,"ix":10},"p":{"a":0,"k":[240,427,0],"ix":2},"a":{"a":0,"k":[240,427,0],"ix":1},"s":{"a":0,"k":[100,100,100],"ix":6}},"ao":0,"ip":221.666666666667,"op":223.333333333333,"st":221.666666666667,"bm":0},{"ddd":0,"ind":135,"ty":2,"nm":"mmexport1590722816566_00134.png","cl":"png","refId":"image_134","sr":1,"ks":{"o":{"a":0,"k":100,"ix":11},"r":{"a":0,"k":0,"ix":10},"p":{"a":0,"k":[240,427,0],"ix":2},"a":{"a":0,"k":[240,427,0],"ix":1},"s":{"a":0,"k":[100,100,100],"ix":6}},"ao":0,"ip":223.333333333333,"op":225,"st":223.333333333333,"bm":0},{"ddd":0,"ind":136,"ty":2,"nm":"mmexport1590722816566_00135.png","cl":"png","refId":"image_135","sr":1,"ks":{"o":{"a":0,"k":100,"ix":11},"r":{"a":0,"k":0,"ix":10},"p":{"a":0,"k":[240,427,0],"ix":2},"a":{"a":0,"k":[240,427,0],"ix":1},"s":{"a":0,"k":[100,100,100],"ix":6}},"ao":0,"ip":225,"op":226.666666666667,"st":225,"bm":0},{"ddd":0,"ind":137,"ty":2,"nm":"mmexport1590722816566_00136.png","cl":"png","refId":"image_136","sr":1,"ks":{"o":{"a":0,"k":100,"ix":11},"r":{"a":0,"k":0,"ix":10},"p":{"a":0,"k":[240,427,0],"ix":2},"a":{"a":0,"k":[240,427,0],"ix":1},"s":{"a":0,"k":[100,100,100],"ix":6}},"ao":0,"ip":226.666666666667,"op":228.333333333333,"st":226.666666666667,"bm":0},{"ddd":0,"ind":138,"ty":2,"nm":"mmexport1590722816566_00137.png","cl":"png","refId":"image_137","sr":1,"ks":{"o":{"a":0,"k":100,"ix":11},"r":{"a":0,"k":0,"ix":10},"p":{"a":0,"k":[240,427,0],"ix":2},"a":{"a":0,"k":[240,427,0],"ix":1},"s":{"a":0,"k":[100,100,100],"ix":6}},"ao":0,"ip":228.333333333333,"op":230,"st":228.333333333333,"bm":0},{"ddd":0,"ind":139,"ty":2,"nm":"mmexport1590722816566_00138.png","cl":"png","refId":"image_138","sr":1,"ks":{"o":{"a":0,"k":100,"ix":11},"r":{"a":0,"k":0,"ix":10},"p":{"a":0,"k":[240,427,0],"ix":2},"a":{"a":0,"k":[240,427,0],"ix":1},"s":{"a":0,"k":[100,100,100],"ix":6}},"ao":0,"ip":230,"op":231.666666666667,"st":230,"bm":0},{"ddd":0,"ind":140,"ty":2,"nm":"mmexport1590722816566_00139.png","cl":"png","refId":"image_139","sr":1,"ks":{"o":{"a":0,"k":100,"ix":11},"r":{"a":0,"k":0,"ix":10},"p":{"a":0,"k":[240,427,0],"ix":2},"a":{"a":0,"k":[240,427,0],"ix":1},"s":{"a":0,"k":[100,100,100],"ix":6}},"ao":0,"ip":231.666666666667,"op":233.333333333333,"st":231.666666666667,"bm":0},{"ddd":0,"ind":141,"ty":2,"nm":"mmexport1590722816566_00140.png","cl":"png","refId":"image_140","sr":1,"ks":{"o":{"a":0,"k":100,"ix":11},"r":{"a":0,"k":0,"ix":10},"p":{"a":0,"k":[240,427,0],"ix":2},"a":{"a":0,"k":[240,427,0],"ix":1},"s":{"a":0,"k":[100,100,100],"ix":6}},"ao":0,"ip":233.333333333333,"op":235,"st":233.333333333333,"bm":0},{"ddd":0,"ind":142,"ty":2,"nm":"mmexport1590722816566_00141.png","cl":"png","refId":"image_141","sr":1,"ks":{"o":{"a":0,"k":100,"ix":11},"r":{"a":0,"k":0,"ix":10},"p":{"a":0,"k":[240,427,0],"ix":2},"a":{"a":0,"k":[240,427,0],"ix":1},"s":{"a":0,"k":[100,100,100],"ix":6}},"ao":0,"ip":235,"op":236.666666666667,"st":235,"bm":0},{"ddd":0,"ind":143,"ty":2,"nm":"mmexport1590722816566_00142.png","cl":"png","refId":"image_142","sr":1,"ks":{"o":{"a":0,"k":100,"ix":11},"r":{"a":0,"k":0,"ix":10},"p":{"a":0,"k":[240,427,0],"ix":2},"a":{"a":0,"k":[240,427,0],"ix":1},"s":{"a":0,"k":[100,100,100],"ix":6}},"ao":0,"ip":236.666666666667,"op":238.333333333333,"st":236.666666666667,"bm":0},{"ddd":0,"ind":144,"ty":2,"nm":"mmexport1590722816566_00143.png","cl":"png","refId":"image_143","sr":1,"ks":{"o":{"a":0,"k":100,"ix":11},"r":{"a":0,"k":0,"ix":10},"p":{"a":0,"k":[240,427,0],"ix":2},"a":{"a":0,"k":[240,427,0],"ix":1},"s":{"a":0,"k":[100,100,100],"ix":6}},"ao":0,"ip":238.333333333333,"op":240,"st":238.333333333333,"bm":0},{"ddd":0,"ind":145,"ty":2,"nm":"mmexport1590722816566_00144.png","cl":"png","refId":"image_144","sr":1,"ks":{"o":{"a":0,"k":100,"ix":11},"r":{"a":0,"k":0,"ix":10},"p":{"a":0,"k":[240,427,0],"ix":2},"a":{"a":0,"k":[240,427,0],"ix":1},"s":{"a":0,"k":[100,100,100],"ix":6}},"ao":0,"ip":240,"op":241.666666666667,"st":240,"bm":0},{"ddd":0,"ind":146,"ty":2,"nm":"mmexport1590722816566_00145.png","cl":"png","refId":"image_145","sr":1,"ks":{"o":{"a":0,"k":100,"ix":11},"r":{"a":0,"k":0,"ix":10},"p":{"a":0,"k":[240,427,0],"ix":2},"a":{"a":0,"k":[240,427,0],"ix":1},"s":{"a":0,"k":[100,100,100],"ix":6}},"ao":0,"ip":241.666666666667,"op":243.333333333333,"st":241.666666666667,"bm":0},{"ddd":0,"ind":147,"ty":2,"nm":"mmexport1590722816566_00146.png","cl":"png","refId":"image_146","sr":1,"ks":{"o":{"a":0,"k":100,"ix":11},"r":{"a":0,"k":0,"ix":10},"p":{"a":0,"k":[240,427,0],"ix":2},"a":{"a":0,"k":[240,427,0],"ix":1},"s":{"a":0,"k":[100,100,100],"ix":6}},"ao":0,"ip":243.333333333333,"op":245,"st":243.333333333333,"bm":0},{"ddd":0,"ind":148,"ty":2,"nm":"mmexport1590722816566_00147.png","cl":"png","refId":"image_147","sr":1,"ks":{"o":{"a":0,"k":100,"ix":11},"r":{"a":0,"k":0,"ix":10},"p":{"a":0,"k":[240,427,0],"ix":2},"a":{"a":0,"k":[240,427,0],"ix":1},"s":{"a":0,"k":[100,100,100],"ix":6}},"ao":0,"ip":245,"op":246.666666666667,"st":245,"bm":0},{"ddd":0,"ind":149,"ty":2,"nm":"mmexport1590722816566_00148.png","cl":"png","refId":"image_148","sr":1,"ks":{"o":{"a":0,"k":100,"ix":11},"r":{"a":0,"k":0,"ix":10},"p":{"a":0,"k":[240,427,0],"ix":2},"a":{"a":0,"k":[240,427,0],"ix":1},"s":{"a":0,"k":[100,100,100],"ix":6}},"ao":0,"ip":246.666666666667,"op":248.333333333333,"st":246.666666666667,"bm":0},{"ddd":0,"ind":150,"ty":2,"nm":"mmexport1590722816566_00149.png","cl":"png","refId":"image_149","sr":1,"ks":{"o":{"a":0,"k":100,"ix":11},"r":{"a":0,"k":0,"ix":10},"p":{"a":0,"k":[240,427,0],"ix":2},"a":{"a":0,"k":[240,427,0],"ix":1},"s":{"a":0,"k":[100,100,100],"ix":6}},"ao":0,"ip":248.333333333333,"op":250,"st":248.333333333333,"bm":0},{"ddd":0,"ind":151,"ty":2,"nm":"mmexport1590722816566_00150.png","cl":"png","refId":"image_150","sr":1,"ks":{"o":{"a":0,"k":100,"ix":11},"r":{"a":0,"k":0,"ix":10},"p":{"a":0,"k":[240,427,0],"ix":2},"a":{"a":0,"k":[240,427,0],"ix":1},"s":{"a":0,"k":[100,100,100],"ix":6}},"ao":0,"ip":250,"op":251.666666666667,"st":250,"bm":0},{"ddd":0,"ind":152,"ty":2,"nm":"mmexport1590722816566_00151.png","cl":"png","refId":"image_151","sr":1,"ks":{"o":{"a":0,"k":100,"ix":11},"r":{"a":0,"k":0,"ix":10},"p":{"a":0,"k":[240,427,0],"ix":2},"a":{"a":0,"k":[240,427,0],"ix":1},"s":{"a":0,"k":[100,100,100],"ix":6}},"ao":0,"ip":251.666666666667,"op":253.333333333333,"st":251.666666666667,"bm":0},{"ddd":0,"ind":153,"ty":2,"nm":"mmexport1590722816566_00152.png","cl":"png","refId":"image_152","sr":1,"ks":{"o":{"a":0,"k":100,"ix":11},"r":{"a":0,"k":0,"ix":10},"p":{"a":0,"k":[240,427,0],"ix":2},"a":{"a":0,"k":[240,427,0],"ix":1},"s":{"a":0,"k":[100,100,100],"ix":6}},"ao":0,"ip":253.333333333333,"op":255,"st":253.333333333333,"bm":0},{"ddd":0,"ind":154,"ty":2,"nm":"mmexport1590722816566_00153.png","cl":"png","refId":"image_153","sr":1,"ks":{"o":{"a":0,"k":100,"ix":11},"r":{"a":0,"k":0,"ix":10},"p":{"a":0,"k":[240,427,0],"ix":2},"a":{"a":0,"k":[240,427,0],"ix":1},"s":{"a":0,"k":[100,100,100],"ix":6}},"ao":0,"ip":255,"op":256.666666666667,"st":255,"bm":0},{"ddd":0,"ind":155,"ty":2,"nm":"mmexport1590722816566_00154.png","cl":"png","refId":"image_154","sr":1,"ks":{"o":{"a":0,"k":100,"ix":11},"r":{"a":0,"k":0,"ix":10},"p":{"a":0,"k":[240,427,0],"ix":2},"a":{"a":0,"k":[240,427,0],"ix":1},"s":{"a":0,"k":[100,100,100],"ix":6}},"ao":0,"ip":256.666666666667,"op":258.333333333333,"st":256.666666666667,"bm":0},{"ddd":0,"ind":156,"ty":2,"nm":"mmexport1590722816566_00155.png","cl":"png","refId":"image_155","sr":1,"ks":{"o":{"a":0,"k":100,"ix":11},"r":{"a":0,"k":0,"ix":10},"p":{"a":0,"k":[240,427,0],"ix":2},"a":{"a":0,"k":[240,427,0],"ix":1},"s":{"a":0,"k":[100,100,100],"ix":6}},"ao":0,"ip":258.333333333333,"op":260,"st":258.333333333333,"bm":0},{"ddd":0,"ind":157,"ty":2,"nm":"mmexport1590722816566_00156.png","cl":"png","refId":"image_156","sr":1,"ks":{"o":{"a":0,"k":100,"ix":11},"r":{"a":0,"k":0,"ix":10},"p":{"a":0,"k":[240,427,0],"ix":2},"a":{"a":0,"k":[240,427,0],"ix":1},"s":{"a":0,"k":[100,100,100],"ix":6}},"ao":0,"ip":260,"op":261.666666666667,"st":260,"bm":0},{"ddd":0,"ind":158,"ty":2,"nm":"mmexport1590722816566_00157.png","cl":"png","refId":"image_157","sr":1,"ks":{"o":{"a":0,"k":100,"ix":11},"r":{"a":0,"k":0,"ix":10},"p":{"a":0,"k":[240,427,0],"ix":2},"a":{"a":0,"k":[240,427,0],"ix":1},"s":{"a":0,"k":[100,100,100],"ix":6}},"ao":0,"ip":261.666666666667,"op":263.333333333333,"st":261.666666666667,"bm":0},{"ddd":0,"ind":159,"ty":2,"nm":"mmexport1590722816566_00158.png","cl":"png","refId":"image_158","sr":1,"ks":{"o":{"a":0,"k":100,"ix":11},"r":{"a":0,"k":0,"ix":10},"p":{"a":0,"k":[240,427,0],"ix":2},"a":{"a":0,"k":[240,427,0],"ix":1},"s":{"a":0,"k":[100,100,100],"ix":6}},"ao":0,"ip":263.333333333333,"op":265,"st":263.333333333333,"bm":0},{"ddd":0,"ind":160,"ty":2,"nm":"mmexport1590722816566_00159.png","cl":"png","refId":"image_159","sr":1,"ks":{"o":{"a":0,"k":100,"ix":11},"r":{"a":0,"k":0,"ix":10},"p":{"a":0,"k":[240,427,0],"ix":2},"a":{"a":0,"k":[240,427,0],"ix":1},"s":{"a":0,"k":[100,100,100],"ix":6}},"ao":0,"ip":265,"op":266.666666666667,"st":265,"bm":0},{"ddd":0,"ind":161,"ty":2,"nm":"mmexport1590722816566_00160.png","cl":"png","refId":"image_160","sr":1,"ks":{"o":{"a":0,"k":100,"ix":11},"r":{"a":0,"k":0,"ix":10},"p":{"a":0,"k":[240,427,0],"ix":2},"a":{"a":0,"k":[240,427,0],"ix":1},"s":{"a":0,"k":[100,100,100],"ix":6}},"ao":0,"ip":266.666666666667,"op":268.333333333333,"st":266.666666666667,"bm":0},{"ddd":0,"ind":162,"ty":2,"nm":"mmexport1590722816566_00161.png","cl":"png","refId":"image_161","sr":1,"ks":{"o":{"a":0,"k":100,"ix":11},"r":{"a":0,"k":0,"ix":10},"p":{"a":0,"k":[240,427,0],"ix":2},"a":{"a":0,"k":[240,427,0],"ix":1},"s":{"a":0,"k":[100,100,100],"ix":6}},"ao":0,"ip":268.333333333333,"op":270,"st":268.333333333333,"bm":0},{"ddd":0,"ind":163,"ty":2,"nm":"mmexport1590722816566_00162.png","cl":"png","refId":"image_162","sr":1,"ks":{"o":{"a":0,"k":100,"ix":11},"r":{"a":0,"k":0,"ix":10},"p":{"a":0,"k":[240,427,0],"ix":2},"a":{"a":0,"k":[240,427,0],"ix":1},"s":{"a":0,"k":[100,100,100],"ix":6}},"ao":0,"ip":270,"op":271.666666666667,"st":270,"bm":0},{"ddd":0,"ind":164,"ty":2,"nm":"mmexport1590722816566_00163.png","cl":"png","refId":"image_163","sr":1,"ks":{"o":{"a":0,"k":100,"ix":11},"r":{"a":0,"k":0,"ix":10},"p":{"a":0,"k":[240,427,0],"ix":2},"a":{"a":0,"k":[240,427,0],"ix":1},"s":{"a":0,"k":[100,100,100],"ix":6}},"ao":0,"ip":271.666666666667,"op":273.333333333333,"st":271.666666666667,"bm":0},{"ddd":0,"ind":165,"ty":2,"nm":"mmexport1590722816566_00164.png","cl":"png","refId":"image_164","sr":1,"ks":{"o":{"a":0,"k":100,"ix":11},"r":{"a":0,"k":0,"ix":10},"p":{"a":0,"k":[240,427,0],"ix":2},"a":{"a":0,"k":[240,427,0],"ix":1},"s":{"a":0,"k":[100,100,100],"ix":6}},"ao":0,"ip":273.333333333333,"op":275,"st":273.333333333333,"bm":0},{"ddd":0,"ind":166,"ty":2,"nm":"mmexport1590722816566_00165.png","cl":"png","refId":"image_165","sr":1,"ks":{"o":{"a":0,"k":100,"ix":11},"r":{"a":0,"k":0,"ix":10},"p":{"a":0,"k":[240,427,0],"ix":2},"a":{"a":0,"k":[240,427,0],"ix":1},"s":{"a":0,"k":[100,100,100],"ix":6}},"ao":0,"ip":275,"op":276.666666666667,"st":275,"bm":0},{"ddd":0,"ind":167,"ty":2,"nm":"mmexport1590722816566_00166.png","cl":"png","refId":"image_166","sr":1,"ks":{"o":{"a":0,"k":100,"ix":11},"r":{"a":0,"k":0,"ix":10},"p":{"a":0,"k":[240,427,0],"ix":2},"a":{"a":0,"k":[240,427,0],"ix":1},"s":{"a":0,"k":[100,100,100],"ix":6}},"ao":0,"ip":276.666666666667,"op":278.333333333333,"st":276.666666666667,"bm":0},{"ddd":0,"ind":168,"ty":2,"nm":"mmexport1590722816566_00167.png","cl":"png","refId":"image_167","sr":1,"ks":{"o":{"a":0,"k":100,"ix":11},"r":{"a":0,"k":0,"ix":10},"p":{"a":0,"k":[240,427,0],"ix":2},"a":{"a":0,"k":[240,427,0],"ix":1},"s":{"a":0,"k":[100,100,100],"ix":6}},"ao":0,"ip":278.333333333333,"op":280,"st":278.333333333333,"bm":0},{"ddd":0,"ind":169,"ty":2,"nm":"mmexport1590722816566_00168.png","cl":"png","refId":"image_168","sr":1,"ks":{"o":{"a":0,"k":100,"ix":11},"r":{"a":0,"k":0,"ix":10},"p":{"a":0,"k":[240,427,0],"ix":2},"a":{"a":0,"k":[240,427,0],"ix":1},"s":{"a":0,"k":[100,100,100],"ix":6}},"ao":0,"ip":280,"op":281.666666666667,"st":280,"bm":0},{"ddd":0,"ind":170,"ty":2,"nm":"mmexport1590722816566_00169.png","cl":"png","refId":"image_169","sr":1,"ks":{"o":{"a":0,"k":100,"ix":11},"r":{"a":0,"k":0,"ix":10},"p":{"a":0,"k":[240,427,0],"ix":2},"a":{"a":0,"k":[240,427,0],"ix":1},"s":{"a":0,"k":[100,100,100],"ix":6}},"ao":0,"ip":281.666666666667,"op":283.333333333333,"st":281.666666666667,"bm":0},{"ddd":0,"ind":171,"ty":2,"nm":"mmexport1590722816566_00170.png","cl":"png","refId":"image_170","sr":1,"ks":{"o":{"a":0,"k":100,"ix":11},"r":{"a":0,"k":0,"ix":10},"p":{"a":0,"k":[240,427,0],"ix":2},"a":{"a":0,"k":[240,427,0],"ix":1},"s":{"a":0,"k":[100,100,100],"ix":6}},"ao":0,"ip":283.333333333333,"op":285,"st":283.333333333333,"bm":0},{"ddd":0,"ind":172,"ty":2,"nm":"mmexport1590722816566_00171.png","cl":"png","refId":"image_171","sr":1,"ks":{"o":{"a":0,"k":100,"ix":11},"r":{"a":0,"k":0,"ix":10},"p":{"a":0,"k":[240,427,0],"ix":2},"a":{"a":0,"k":[240,427,0],"ix":1},"s":{"a":0,"k":[100,100,100],"ix":6}},"ao":0,"ip":285,"op":286.666666666667,"st":285,"bm":0},{"ddd":0,"ind":173,"ty":2,"nm":"mmexport1590722816566_00172.png","cl":"png","refId":"image_172","sr":1,"ks":{"o":{"a":0,"k":100,"ix":11},"r":{"a":0,"k":0,"ix":10},"p":{"a":0,"k":[240,427,0],"ix":2},"a":{"a":0,"k":[240,427,0],"ix":1},"s":{"a":0,"k":[100,100,100],"ix":6}},"ao":0,"ip":286.666666666667,"op":288.333333333333,"st":286.666666666667,"bm":0},{"ddd":0,"ind":174,"ty":2,"nm":"mmexport1590722816566_00173.png","cl":"png","refId":"image_173","sr":1,"ks":{"o":{"a":0,"k":100,"ix":11},"r":{"a":0,"k":0,"ix":10},"p":{"a":0,"k":[240,427,0],"ix":2},"a":{"a":0,"k":[240,427,0],"ix":1},"s":{"a":0,"k":[100,100,100],"ix":6}},"ao":0,"ip":288.333333333333,"op":290,"st":288.333333333333,"bm":0},{"ddd":0,"ind":175,"ty":2,"nm":"mmexport1590722816566_00174.png","cl":"png","refId":"image_174","sr":1,"ks":{"o":{"a":0,"k":100,"ix":11},"r":{"a":0,"k":0,"ix":10},"p":{"a":0,"k":[240,427,0],"ix":2},"a":{"a":0,"k":[240,427,0],"ix":1},"s":{"a":0,"k":[100,100,100],"ix":6}},"ao":0,"ip":290,"op":291.666666666667,"st":290,"bm":0},{"ddd":0,"ind":176,"ty":2,"nm":"mmexport1590722816566_00175.png","cl":"png","refId":"image_175","sr":1,"ks":{"o":{"a":0,"k":100,"ix":11},"r":{"a":0,"k":0,"ix":10},"p":{"a":0,"k":[240,427,0],"ix":2},"a":{"a":0,"k":[240,427,0],"ix":1},"s":{"a":0,"k":[100,100,100],"ix":6}},"ao":0,"ip":291.666666666667,"op":293.333333333333,"st":291.666666666667,"bm":0},{"ddd":0,"ind":177,"ty":2,"nm":"mmexport1590722816566_00176.png","cl":"png","refId":"image_176","sr":1,"ks":{"o":{"a":0,"k":100,"ix":11},"r":{"a":0,"k":0,"ix":10},"p":{"a":0,"k":[240,427,0],"ix":2},"a":{"a":0,"k":[240,427,0],"ix":1},"s":{"a":0,"k":[100,100,100],"ix":6}},"ao":0,"ip":293.333333333333,"op":295,"st":293.333333333333,"bm":0},{"ddd":0,"ind":178,"ty":2,"nm":"mmexport1590722816566_00177.png","cl":"png","refId":"image_177","sr":1,"ks":{"o":{"a":0,"k":100,"ix":11},"r":{"a":0,"k":0,"ix":10},"p":{"a":0,"k":[240,427,0],"ix":2},"a":{"a":0,"k":[240,427,0],"ix":1},"s":{"a":0,"k":[100,100,100],"ix":6}},"ao":0,"ip":295,"op":296.666666666667,"st":295,"bm":0},{"ddd":0,"ind":179,"ty":2,"nm":"mmexport1590722816566_00178.png","cl":"png","refId":"image_178","sr":1,"ks":{"o":{"a":0,"k":100,"ix":11},"r":{"a":0,"k":0,"ix":10},"p":{"a":0,"k":[240,427,0],"ix":2},"a":{"a":0,"k":[240,427,0],"ix":1},"s":{"a":0,"k":[100,100,100],"ix":6}},"ao":0,"ip":296.666666666667,"op":298.333333333333,"st":296.666666666667,"bm":0},{"ddd":0,"ind":180,"ty":2,"nm":"mmexport1590722816566_00179.png","cl":"png","refId":"image_179","sr":1,"ks":{"o":{"a":0,"k":100,"ix":11},"r":{"a":0,"k":0,"ix":10},"p":{"a":0,"k":[240,427,0],"ix":2},"a":{"a":0,"k":[240,427,0],"ix":1},"s":{"a":0,"k":[100,100,100],"ix":6}},"ao":0,"ip":298.333333333333,"op":300,"st":298.333333333333,"bm":0},{"ddd":0,"ind":181,"ty":2,"nm":"mmexport1590722816566_00180.png","cl":"png","refId":"image_180","sr":1,"ks":{"o":{"a":0,"k":100,"ix":11},"r":{"a":0,"k":0,"ix":10},"p":{"a":0,"k":[240,427,0],"ix":2},"a":{"a":0,"k":[240,427,0],"ix":1},"s":{"a":0,"k":[100,100,100],"ix":6}},"ao":0,"ip":300,"op":301.666666666667,"st":300,"bm":0},{"ddd":0,"ind":182,"ty":2,"nm":"mmexport1590722816566_00181.png","cl":"png","refId":"image_181","sr":1,"ks":{"o":{"a":0,"k":100,"ix":11},"r":{"a":0,"k":0,"ix":10},"p":{"a":0,"k":[240,427,0],"ix":2},"a":{"a":0,"k":[240,427,0],"ix":1},"s":{"a":0,"k":[100,100,100],"ix":6}},"ao":0,"ip":301.666666666667,"op":303.333333333333,"st":301.666666666667,"bm":0},{"ddd":0,"ind":183,"ty":2,"nm":"mmexport1590722816566_00182.png","cl":"png","refId":"image_182","sr":1,"ks":{"o":{"a":0,"k":100,"ix":11},"r":{"a":0,"k":0,"ix":10},"p":{"a":0,"k":[240,427,0],"ix":2},"a":{"a":0,"k":[240,427,0],"ix":1},"s":{"a":0,"k":[100,100,100],"ix":6}},"ao":0,"ip":303.333333333333,"op":305,"st":303.333333333333,"bm":0},{"ddd":0,"ind":184,"ty":2,"nm":"mmexport1590722816566_00183.png","cl":"png","refId":"image_183","sr":1,"ks":{"o":{"a":0,"k":100,"ix":11},"r":{"a":0,"k":0,"ix":10},"p":{"a":0,"k":[240,427,0],"ix":2},"a":{"a":0,"k":[240,427,0],"ix":1},"s":{"a":0,"k":[100,100,100],"ix":6}},"ao":0,"ip":305,"op":306.666666666667,"st":305,"bm":0},{"ddd":0,"ind":185,"ty":2,"nm":"mmexport1590722816566_00184.png","cl":"png","refId":"image_184","sr":1,"ks":{"o":{"a":0,"k":100,"ix":11},"r":{"a":0,"k":0,"ix":10},"p":{"a":0,"k":[240,427,0],"ix":2},"a":{"a":0,"k":[240,427,0],"ix":1},"s":{"a":0,"k":[100,100,100],"ix":6}},"ao":0,"ip":306.666666666667,"op":308.333333333333,"st":306.666666666667,"bm":0},{"ddd":0,"ind":186,"ty":2,"nm":"mmexport1590722816566_00185.png","cl":"png","refId":"image_185","sr":1,"ks":{"o":{"a":0,"k":100,"ix":11},"r":{"a":0,"k":0,"ix":10},"p":{"a":0,"k":[240,427,0],"ix":2},"a":{"a":0,"k":[240,427,0],"ix":1},"s":{"a":0,"k":[100,100,100],"ix":6}},"ao":0,"ip":308.333333333333,"op":310,"st":308.333333333333,"bm":0},{"ddd":0,"ind":187,"ty":2,"nm":"mmexport1590722816566_00186.png","cl":"png","refId":"image_186","sr":1,"ks":{"o":{"a":0,"k":100,"ix":11},"r":{"a":0,"k":0,"ix":10},"p":{"a":0,"k":[240,427,0],"ix":2},"a":{"a":0,"k":[240,427,0],"ix":1},"s":{"a":0,"k":[100,100,100],"ix":6}},"ao":0,"ip":310,"op":311.666666666667,"st":310,"bm":0},{"ddd":0,"ind":188,"ty":2,"nm":"mmexport1590722816566_00187.png","cl":"png","refId":"image_187","sr":1,"ks":{"o":{"a":0,"k":100,"ix":11},"r":{"a":0,"k":0,"ix":10},"p":{"a":0,"k":[240,427,0],"ix":2},"a":{"a":0,"k":[240,427,0],"ix":1},"s":{"a":0,"k":[100,100,100],"ix":6}},"ao":0,"ip":311.666666666667,"op":313.333333333333,"st":311.666666666667,"bm":0},{"ddd":0,"ind":189,"ty":2,"nm":"mmexport1590722816566_00188.png","cl":"png","refId":"image_188","sr":1,"ks":{"o":{"a":0,"k":100,"ix":11},"r":{"a":0,"k":0,"ix":10},"p":{"a":0,"k":[240,427,0],"ix":2},"a":{"a":0,"k":[240,427,0],"ix":1},"s":{"a":0,"k":[100,100,100],"ix":6}},"ao":0,"ip":313.333333333333,"op":315,"st":313.333333333333,"bm":0},{"ddd":0,"ind":190,"ty":2,"nm":"mmexport1590722816566_00189.png","cl":"png","refId":"image_189","sr":1,"ks":{"o":{"a":0,"k":100,"ix":11},"r":{"a":0,"k":0,"ix":10},"p":{"a":0,"k":[240,427,0],"ix":2},"a":{"a":0,"k":[240,427,0],"ix":1},"s":{"a":0,"k":[100,100,100],"ix":6}},"ao":0,"ip":315,"op":316.666666666667,"st":315,"bm":0},{"ddd":0,"ind":191,"ty":2,"nm":"mmexport1590722816566_00190.png","cl":"png","refId":"image_190","sr":1,"ks":{"o":{"a":0,"k":100,"ix":11},"r":{"a":0,"k":0,"ix":10},"p":{"a":0,"k":[240,427,0],"ix":2},"a":{"a":0,"k":[240,427,0],"ix":1},"s":{"a":0,"k":[100,100,100],"ix":6}},"ao":0,"ip":316.666666666667,"op":318.333333333333,"st":316.666666666667,"bm":0},{"ddd":0,"ind":192,"ty":2,"nm":"mmexport1590722816566_00191.png","cl":"png","refId":"image_191","sr":1,"ks":{"o":{"a":0,"k":100,"ix":11},"r":{"a":0,"k":0,"ix":10},"p":{"a":0,"k":[240,427,0],"ix":2},"a":{"a":0,"k":[240,427,0],"ix":1},"s":{"a":0,"k":[100,100,100],"ix":6}},"ao":0,"ip":318.333333333333,"op":320,"st":318.333333333333,"bm":0},{"ddd":0,"ind":193,"ty":2,"nm":"mmexport1590722816566_00192.png","cl":"png","refId":"image_192","sr":1,"ks":{"o":{"a":0,"k":100,"ix":11},"r":{"a":0,"k":0,"ix":10},"p":{"a":0,"k":[240,427,0],"ix":2},"a":{"a":0,"k":[240,427,0],"ix":1},"s":{"a":0,"k":[100,100,100],"ix":6}},"ao":0,"ip":320,"op":321.666666666667,"st":320,"bm":0},{"ddd":0,"ind":194,"ty":2,"nm":"mmexport1590722816566_00193.png","cl":"png","refId":"image_193","sr":1,"ks":{"o":{"a":0,"k":100,"ix":11},"r":{"a":0,"k":0,"ix":10},"p":{"a":0,"k":[240,427,0],"ix":2},"a":{"a":0,"k":[240,427,0],"ix":1},"s":{"a":0,"k":[100,100,100],"ix":6}},"ao":0,"ip":321.666666666667,"op":323.333333333333,"st":321.666666666667,"bm":0},{"ddd":0,"ind":195,"ty":2,"nm":"mmexport1590722816566_00194.png","cl":"png","refId":"image_194","sr":1,"ks":{"o":{"a":0,"k":100,"ix":11},"r":{"a":0,"k":0,"ix":10},"p":{"a":0,"k":[240,427,0],"ix":2},"a":{"a":0,"k":[240,427,0],"ix":1},"s":{"a":0,"k":[100,100,100],"ix":6}},"ao":0,"ip":323.333333333333,"op":325,"st":323.333333333333,"bm":0},{"ddd":0,"ind":196,"ty":2,"nm":"mmexport1590722816566_00195.png","cl":"png","refId":"image_195","sr":1,"ks":{"o":{"a":0,"k":100,"ix":11},"r":{"a":0,"k":0,"ix":10},"p":{"a":0,"k":[240,427,0],"ix":2},"a":{"a":0,"k":[240,427,0],"ix":1},"s":{"a":0,"k":[100,100,100],"ix":6}},"ao":0,"ip":325,"op":326.666666666667,"st":325,"bm":0}],"markers":[]}