{"v":"5.6.6","fr":5,"ip":0,"op":17,"w":576,"h":1024,"nm":"mmexport1591259546775_00000","ddd":0,"assets":[{"id":"image_0","w":576,"h":1024,"u":"images/","p":"img_0.jpg","e":0},{"id":"image_1","w":576,"h":1024,"u":"images/","p":"img_1.jpg","e":0},{"id":"image_2","w":576,"h":1024,"u":"images/","p":"img_2.jpg","e":0},{"id":"image_3","w":576,"h":1024,"u":"images/","p":"img_3.jpg","e":0},{"id":"image_4","w":576,"h":1024,"u":"images/","p":"img_4.jpg","e":0},{"id":"image_5","w":576,"h":1024,"u":"images/","p":"img_5.jpg","e":0},{"id":"image_6","w":576,"h":1024,"u":"images/","p":"img_6.jpg","e":0},{"id":"image_7","w":576,"h":1024,"u":"images/","p":"img_7.jpg","e":0},{"id":"image_8","w":576,"h":1024,"u":"images/","p":"img_8.jpg","e":0},{"id":"image_9","w":576,"h":1024,"u":"images/","p":"img_9.jpg","e":0},{"id":"image_10","w":576,"h":1024,"u":"images/","p":"img_10.jpg","e":0},{"id":"image_11","w":576,"h":1024,"u":"images/","p":"img_11.jpg","e":0},{"id":"image_12","w":576,"h":1024,"u":"images/","p":"img_12.jpg","e":0},{"id":"image_13","w":576,"h":1024,"u":"images/","p":"img_13.jpg","e":0},{"id":"image_14","w":576,"h":1024,"u":"images/","p":"img_14.jpg","e":0},{"id":"image_15","w":576,"h":1024,"u":"images/","p":"img_15.jpg","e":0},{"id":"image_16","w":576,"h":1024,"u":"images/","p":"img_16.jpg","e":0},{"id":"image_17","w":576,"h":1024,"u":"images/","p":"img_17.jpg","e":0},{"id":"image_18","w":576,"h":1024,"u":"images/","p":"img_18.jpg","e":0},{"id":"image_19","w":576,"h":1024,"u":"images/","p":"img_19.jpg","e":0},{"id":"image_20","w":576,"h":1024,"u":"images/","p":"img_20.jpg","e":0},{"id":"image_21","w":576,"h":1024,"u":"images/","p":"img_21.jpg","e":0},{"id":"image_22","w":576,"h":1024,"u":"images/","p":"img_22.jpg","e":0},{"id":"image_23","w":576,"h":1024,"u":"images/","p":"img_23.jpg","e":0},{"id":"image_24","w":576,"h":1024,"u":"images/","p":"img_24.jpg","e":0},{"id":"image_25","w":576,"h":1024,"u":"images/","p":"img_25.jpg","e":0},{"id":"image_26","w":576,"h":1024,"u":"images/","p":"img_26.jpg","e":0},{"id":"image_27","w":576,"h":1024,"u":"images/","p":"img_27.jpg","e":0},{"id":"image_28","w":576,"h":1024,"u":"images/","p":"img_28.jpg","e":0},{"id":"image_29","w":576,"h":1024,"u":"images/","p":"img_29.jpg","e":0},{"id":"image_30","w":576,"h":1024,"u":"images/","p":"img_30.jpg","e":0},{"id":"image_31","w":576,"h":1024,"u":"images/","p":"img_31.jpg","e":0},{"id":"image_32","w":576,"h":1024,"u":"images/","p":"img_32.jpg","e":0},{"id":"image_33","w":576,"h":1024,"u":"images/","p":"img_33.jpg","e":0},{"id":"image_34","w":576,"h":1024,"u":"images/","p":"img_34.jpg","e":0},{"id":"image_35","w":576,"h":1024,"u":"images/","p":"img_35.jpg","e":0},{"id":"image_36","w":576,"h":1024,"u":"images/","p":"img_36.jpg","e":0},{"id":"image_37","w":576,"h":1024,"u":"images/","p":"img_37.jpg","e":0},{"id":"image_38","w":576,"h":1024,"u":"images/","p":"img_38.jpg","e":0},{"id":"image_39","w":576,"h":1024,"u":"images/","p":"img_39.jpg","e":0},{"id":"image_40","w":576,"h":1024,"u":"images/","p":"img_40.jpg","e":0},{"id":"image_41","w":576,"h":1024,"u":"images/","p":"img_41.jpg","e":0},{"id":"image_42","w":576,"h":1024,"u":"images/","p":"img_42.jpg","e":0},{"id":"image_43","w":576,"h":1024,"u":"images/","p":"img_43.jpg","e":0},{"id":"image_44","w":576,"h":1024,"u":"images/","p":"img_44.jpg","e":0},{"id":"image_45","w":576,"h":1024,"u":"images/","p":"img_45.jpg","e":0},{"id":"image_46","w":576,"h":1024,"u":"images/","p":"img_46.jpg","e":0},{"id":"image_47","w":576,"h":1024,"u":"images/","p":"img_47.jpg","e":0},{"id":"image_48","w":576,"h":1024,"u":"images/","p":"img_48.jpg","e":0},{"id":"image_49","w":576,"h":1024,"u":"images/","p":"img_49.jpg","e":0}],"layers":[{"ddd":0,"ind":1,"ty":2,"nm":"mmexport1591259546775_00000.png","cl":"png","refId":"image_0","sr":1,"ks":{"o":{"a":0,"k":100,"ix":11},"r":{"a":0,"k":0,"ix":10},"p":{"a":0,"k":[288,512,0],"ix":2},"a":{"a":0,"k":[288,512,0],"ix":1},"s":{"a":0,"k":[100,100,100],"ix":6}},"ao":0,"ip":0,"op":0.33333333333333,"st":0,"bm":0},{"ddd":0,"ind":2,"ty":2,"nm":"mmexport1591259546775_00001.png","cl":"png","refId":"image_1","sr":1,"ks":{"o":{"a":0,"k":100,"ix":11},"r":{"a":0,"k":0,"ix":10},"p":{"a":0,"k":[288,512,0],"ix":2},"a":{"a":0,"k":[288,512,0],"ix":1},"s":{"a":0,"k":[100,100,100],"ix":6}},"ao":0,"ip":0.33333333333333,"op":0.66666666666667,"st":0.33333333333333,"bm":0},{"ddd":0,"ind":3,"ty":2,"nm":"mmexport1591259546775_00002.png","cl":"png","refId":"image_2","sr":1,"ks":{"o":{"a":0,"k":100,"ix":11},"r":{"a":0,"k":0,"ix":10},"p":{"a":0,"k":[288,512,0],"ix":2},"a":{"a":0,"k":[288,512,0],"ix":1},"s":{"a":0,"k":[100,100,100],"ix":6}},"ao":0,"ip":0.66666666666667,"op":1,"st":0.66666666666667,"bm":0},{"ddd":0,"ind":4,"ty":2,"nm":"mmexport1591259546775_00003.png","cl":"png","refId":"image_3","sr":1,"ks":{"o":{"a":0,"k":100,"ix":11},"r":{"a":0,"k":0,"ix":10},"p":{"a":0,"k":[288,512,0],"ix":2},"a":{"a":0,"k":[288,512,0],"ix":1},"s":{"a":0,"k":[100,100,100],"ix":6}},"ao":0,"ip":1,"op":1.33333333333333,"st":1,"bm":0},{"ddd":0,"ind":5,"ty":2,"nm":"mmexport1591259546775_00004.png","cl":"png","refId":"image_4","sr":1,"ks":{"o":{"a":0,"k":100,"ix":11},"r":{"a":0,"k":0,"ix":10},"p":{"a":0,"k":[288,512,0],"ix":2},"a":{"a":0,"k":[288,512,0],"ix":1},"s":{"a":0,"k":[100,100,100],"ix":6}},"ao":0,"ip":1.33333333333333,"op":1.66666666666667,"st":1.33333333333333,"bm":0},{"ddd":0,"ind":6,"ty":2,"nm":"mmexport1591259546775_00005.png","cl":"png","refId":"image_5","sr":1,"ks":{"o":{"a":0,"k":100,"ix":11},"r":{"a":0,"k":0,"ix":10},"p":{"a":0,"k":[288,512,0],"ix":2},"a":{"a":0,"k":[288,512,0],"ix":1},"s":{"a":0,"k":[100,100,100],"ix":6}},"ao":0,"ip":1.66666666666667,"op":2,"st":1.66666666666667,"bm":0},{"ddd":0,"ind":7,"ty":2,"nm":"mmexport1591259546775_00006.png","cl":"png","refId":"image_6","sr":1,"ks":{"o":{"a":0,"k":100,"ix":11},"r":{"a":0,"k":0,"ix":10},"p":{"a":0,"k":[288,512,0],"ix":2},"a":{"a":0,"k":[288,512,0],"ix":1},"s":{"a":0,"k":[100,100,100],"ix":6}},"ao":0,"ip":2,"op":2.33333333333333,"st":2,"bm":0},{"ddd":0,"ind":8,"ty":2,"nm":"mmexport1591259546775_00007.png","cl":"png","refId":"image_7","sr":1,"ks":{"o":{"a":0,"k":100,"ix":11},"r":{"a":0,"k":0,"ix":10},"p":{"a":0,"k":[288,512,0],"ix":2},"a":{"a":0,"k":[288,512,0],"ix":1},"s":{"a":0,"k":[100,100,100],"ix":6}},"ao":0,"ip":2.33333333333333,"op":2.66666666666667,"st":2.33333333333333,"bm":0},{"ddd":0,"ind":9,"ty":2,"nm":"mmexport1591259546775_00008.png","cl":"png","refId":"image_8","sr":1,"ks":{"o":{"a":0,"k":100,"ix":11},"r":{"a":0,"k":0,"ix":10},"p":{"a":0,"k":[288,512,0],"ix":2},"a":{"a":0,"k":[288,512,0],"ix":1},"s":{"a":0,"k":[100,100,100],"ix":6}},"ao":0,"ip":2.66666666666667,"op":3,"st":2.66666666666667,"bm":0},{"ddd":0,"ind":10,"ty":2,"nm":"mmexport1591259546775_00009.png","cl":"png","refId":"image_9","sr":1,"ks":{"o":{"a":0,"k":100,"ix":11},"r":{"a":0,"k":0,"ix":10},"p":{"a":0,"k":[288,512,0],"ix":2},"a":{"a":0,"k":[288,512,0],"ix":1},"s":{"a":0,"k":[100,100,100],"ix":6}},"ao":0,"ip":3,"op":3.33333333333333,"st":3,"bm":0},{"ddd":0,"ind":11,"ty":2,"nm":"mmexport1591259546775_00010.png","cl":"png","refId":"image_10","sr":1,"ks":{"o":{"a":0,"k":100,"ix":11},"r":{"a":0,"k":0,"ix":10},"p":{"a":0,"k":[288,512,0],"ix":2},"a":{"a":0,"k":[288,512,0],"ix":1},"s":{"a":0,"k":[100,100,100],"ix":6}},"ao":0,"ip":3.33333333333333,"op":3.66666666666667,"st":3.33333333333333,"bm":0},{"ddd":0,"ind":12,"ty":2,"nm":"mmexport1591259546775_00011.png","cl":"png","refId":"image_11","sr":1,"ks":{"o":{"a":0,"k":100,"ix":11},"r":{"a":0,"k":0,"ix":10},"p":{"a":0,"k":[288,512,0],"ix":2},"a":{"a":0,"k":[288,512,0],"ix":1},"s":{"a":0,"k":[100,100,100],"ix":6}},"ao":0,"ip":3.66666666666667,"op":4,"st":3.66666666666667,"bm":0},{"ddd":0,"ind":13,"ty":2,"nm":"mmexport1591259546775_00012.png","cl":"png","refId":"image_12","sr":1,"ks":{"o":{"a":0,"k":100,"ix":11},"r":{"a":0,"k":0,"ix":10},"p":{"a":0,"k":[288,512,0],"ix":2},"a":{"a":0,"k":[288,512,0],"ix":1},"s":{"a":0,"k":[100,100,100],"ix":6}},"ao":0,"ip":4,"op":4.33333333333333,"st":4,"bm":0},{"ddd":0,"ind":14,"ty":2,"nm":"mmexport1591259546775_00013.png","cl":"png","refId":"image_13","sr":1,"ks":{"o":{"a":0,"k":100,"ix":11},"r":{"a":0,"k":0,"ix":10},"p":{"a":0,"k":[288,512,0],"ix":2},"a":{"a":0,"k":[288,512,0],"ix":1},"s":{"a":0,"k":[100,100,100],"ix":6}},"ao":0,"ip":4.33333333333333,"op":4.66666666666667,"st":4.33333333333333,"bm":0},{"ddd":0,"ind":15,"ty":2,"nm":"mmexport1591259546775_00014.png","cl":"png","refId":"image_14","sr":1,"ks":{"o":{"a":0,"k":100,"ix":11},"r":{"a":0,"k":0,"ix":10},"p":{"a":0,"k":[288,512,0],"ix":2},"a":{"a":0,"k":[288,512,0],"ix":1},"s":{"a":0,"k":[100,100,100],"ix":6}},"ao":0,"ip":4.66666666666667,"op":5,"st":4.66666666666667,"bm":0},{"ddd":0,"ind":16,"ty":2,"nm":"mmexport1591259546775_00015.png","cl":"png","refId":"image_15","sr":1,"ks":{"o":{"a":0,"k":100,"ix":11},"r":{"a":0,"k":0,"ix":10},"p":{"a":0,"k":[288,512,0],"ix":2},"a":{"a":0,"k":[288,512,0],"ix":1},"s":{"a":0,"k":[100,100,100],"ix":6}},"ao":0,"ip":5,"op":5.33333333333333,"st":5,"bm":0},{"ddd":0,"ind":17,"ty":2,"nm":"mmexport1591259546775_00016.png","cl":"png","refId":"image_16","sr":1,"ks":{"o":{"a":0,"k":100,"ix":11},"r":{"a":0,"k":0,"ix":10},"p":{"a":0,"k":[288,512,0],"ix":2},"a":{"a":0,"k":[288,512,0],"ix":1},"s":{"a":0,"k":[100,100,100],"ix":6}},"ao":0,"ip":5.33333333333333,"op":5.66666666666667,"st":5.33333333333333,"bm":0},{"ddd":0,"ind":18,"ty":2,"nm":"mmexport1591259546775_00017.png","cl":"png","refId":"image_17","sr":1,"ks":{"o":{"a":0,"k":100,"ix":11},"r":{"a":0,"k":0,"ix":10},"p":{"a":0,"k":[288,512,0],"ix":2},"a":{"a":0,"k":[288,512,0],"ix":1},"s":{"a":0,"k":[100,100,100],"ix":6}},"ao":0,"ip":5.66666666666667,"op":6,"st":5.66666666666667,"bm":0},{"ddd":0,"ind":19,"ty":2,"nm":"mmexport1591259546775_00018.png","cl":"png","refId":"image_18","sr":1,"ks":{"o":{"a":0,"k":100,"ix":11},"r":{"a":0,"k":0,"ix":10},"p":{"a":0,"k":[288,512,0],"ix":2},"a":{"a":0,"k":[288,512,0],"ix":1},"s":{"a":0,"k":[100,100,100],"ix":6}},"ao":0,"ip":6,"op":6.33333333333333,"st":6,"bm":0},{"ddd":0,"ind":20,"ty":2,"nm":"mmexport1591259546775_00019.png","cl":"png","refId":"image_19","sr":1,"ks":{"o":{"a":0,"k":100,"ix":11},"r":{"a":0,"k":0,"ix":10},"p":{"a":0,"k":[288,512,0],"ix":2},"a":{"a":0,"k":[288,512,0],"ix":1},"s":{"a":0,"k":[100,100,100],"ix":6}},"ao":0,"ip":6.33333333333333,"op":6.66666666666667,"st":6.33333333333333,"bm":0},{"ddd":0,"ind":21,"ty":2,"nm":"mmexport1591259546775_00020.png","cl":"png","refId":"image_20","sr":1,"ks":{"o":{"a":0,"k":100,"ix":11},"r":{"a":0,"k":0,"ix":10},"p":{"a":0,"k":[288,512,0],"ix":2},"a":{"a":0,"k":[288,512,0],"ix":1},"s":{"a":0,"k":[100,100,100],"ix":6}},"ao":0,"ip":6.66666666666667,"op":7,"st":6.66666666666667,"bm":0},{"ddd":0,"ind":22,"ty":2,"nm":"mmexport1591259546775_00021.png","cl":"png","refId":"image_21","sr":1,"ks":{"o":{"a":0,"k":100,"ix":11},"r":{"a":0,"k":0,"ix":10},"p":{"a":0,"k":[288,512,0],"ix":2},"a":{"a":0,"k":[288,512,0],"ix":1},"s":{"a":0,"k":[100,100,100],"ix":6}},"ao":0,"ip":7,"op":7.33333333333333,"st":7,"bm":0},{"ddd":0,"ind":23,"ty":2,"nm":"mmexport1591259546775_00022.png","cl":"png","refId":"image_22","sr":1,"ks":{"o":{"a":0,"k":100,"ix":11},"r":{"a":0,"k":0,"ix":10},"p":{"a":0,"k":[288,512,0],"ix":2},"a":{"a":0,"k":[288,512,0],"ix":1},"s":{"a":0,"k":[100,100,100],"ix":6}},"ao":0,"ip":7.33333333333333,"op":7.66666666666667,"st":7.33333333333333,"bm":0},{"ddd":0,"ind":24,"ty":2,"nm":"mmexport1591259546775_00023.png","cl":"png","refId":"image_23","sr":1,"ks":{"o":{"a":0,"k":100,"ix":11},"r":{"a":0,"k":0,"ix":10},"p":{"a":0,"k":[288,512,0],"ix":2},"a":{"a":0,"k":[288,512,0],"ix":1},"s":{"a":0,"k":[100,100,100],"ix":6}},"ao":0,"ip":7.66666666666667,"op":8,"st":7.66666666666667,"bm":0},{"ddd":0,"ind":25,"ty":2,"nm":"mmexport1591259546775_00024.png","cl":"png","refId":"image_24","sr":1,"ks":{"o":{"a":0,"k":100,"ix":11},"r":{"a":0,"k":0,"ix":10},"p":{"a":0,"k":[288,512,0],"ix":2},"a":{"a":0,"k":[288,512,0],"ix":1},"s":{"a":0,"k":[100,100,100],"ix":6}},"ao":0,"ip":8,"op":8.33333333333333,"st":8,"bm":0},{"ddd":0,"ind":26,"ty":2,"nm":"mmexport1591259546775_00025.png","cl":"png","refId":"image_25","sr":1,"ks":{"o":{"a":0,"k":100,"ix":11},"r":{"a":0,"k":0,"ix":10},"p":{"a":0,"k":[288,512,0],"ix":2},"a":{"a":0,"k":[288,512,0],"ix":1},"s":{"a":0,"k":[100,100,100],"ix":6}},"ao":0,"ip":8.33333333333333,"op":8.66666666666667,"st":8.33333333333333,"bm":0},{"ddd":0,"ind":27,"ty":2,"nm":"mmexport1591259546775_00026.png","cl":"png","refId":"image_26","sr":1,"ks":{"o":{"a":0,"k":100,"ix":11},"r":{"a":0,"k":0,"ix":10},"p":{"a":0,"k":[288,512,0],"ix":2},"a":{"a":0,"k":[288,512,0],"ix":1},"s":{"a":0,"k":[100,100,100],"ix":6}},"ao":0,"ip":8.66666666666667,"op":9,"st":8.66666666666667,"bm":0},{"ddd":0,"ind":28,"ty":2,"nm":"mmexport1591259546775_00027.png","cl":"png","refId":"image_27","sr":1,"ks":{"o":{"a":0,"k":100,"ix":11},"r":{"a":0,"k":0,"ix":10},"p":{"a":0,"k":[288,512,0],"ix":2},"a":{"a":0,"k":[288,512,0],"ix":1},"s":{"a":0,"k":[100,100,100],"ix":6}},"ao":0,"ip":9,"op":9.33333333333333,"st":9,"bm":0},{"ddd":0,"ind":29,"ty":2,"nm":"mmexport1591259546775_00028.png","cl":"png","refId":"image_28","sr":1,"ks":{"o":{"a":0,"k":100,"ix":11},"r":{"a":0,"k":0,"ix":10},"p":{"a":0,"k":[288,512,0],"ix":2},"a":{"a":0,"k":[288,512,0],"ix":1},"s":{"a":0,"k":[100,100,100],"ix":6}},"ao":0,"ip":9.33333333333333,"op":9.66666666666667,"st":9.33333333333333,"bm":0},{"ddd":0,"ind":30,"ty":2,"nm":"mmexport1591259546775_00029.png","cl":"png","refId":"image_29","sr":1,"ks":{"o":{"a":0,"k":100,"ix":11},"r":{"a":0,"k":0,"ix":10},"p":{"a":0,"k":[288,512,0],"ix":2},"a":{"a":0,"k":[288,512,0],"ix":1},"s":{"a":0,"k":[100,100,100],"ix":6}},"ao":0,"ip":9.66666666666667,"op":10,"st":9.66666666666667,"bm":0},{"ddd":0,"ind":31,"ty":2,"nm":"mmexport1591259546775_00030.png","cl":"png","refId":"image_30","sr":1,"ks":{"o":{"a":0,"k":100,"ix":11},"r":{"a":0,"k":0,"ix":10},"p":{"a":0,"k":[288,512,0],"ix":2},"a":{"a":0,"k":[288,512,0],"ix":1},"s":{"a":0,"k":[100,100,100],"ix":6}},"ao":0,"ip":10,"op":10.3333333333333,"st":10,"bm":0},{"ddd":0,"ind":32,"ty":2,"nm":"mmexport1591259546775_00031.png","cl":"png","refId":"image_31","sr":1,"ks":{"o":{"a":0,"k":100,"ix":11},"r":{"a":0,"k":0,"ix":10},"p":{"a":0,"k":[288,512,0],"ix":2},"a":{"a":0,"k":[288,512,0],"ix":1},"s":{"a":0,"k":[100,100,100],"ix":6}},"ao":0,"ip":10.3333333333333,"op":10.6666666666667,"st":10.3333333333333,"bm":0},{"ddd":0,"ind":33,"ty":2,"nm":"mmexport1591259546775_00032.png","cl":"png","refId":"image_32","sr":1,"ks":{"o":{"a":0,"k":100,"ix":11},"r":{"a":0,"k":0,"ix":10},"p":{"a":0,"k":[288,512,0],"ix":2},"a":{"a":0,"k":[288,512,0],"ix":1},"s":{"a":0,"k":[100,100,100],"ix":6}},"ao":0,"ip":10.6666666666667,"op":11,"st":10.6666666666667,"bm":0},{"ddd":0,"ind":34,"ty":2,"nm":"mmexport1591259546775_00033.png","cl":"png","refId":"image_33","sr":1,"ks":{"o":{"a":0,"k":100,"ix":11},"r":{"a":0,"k":0,"ix":10},"p":{"a":0,"k":[288,512,0],"ix":2},"a":{"a":0,"k":[288,512,0],"ix":1},"s":{"a":0,"k":[100,100,100],"ix":6}},"ao":0,"ip":11,"op":11.3333333333333,"st":11,"bm":0},{"ddd":0,"ind":35,"ty":2,"nm":"mmexport1591259546775_00034.png","cl":"png","refId":"image_34","sr":1,"ks":{"o":{"a":0,"k":100,"ix":11},"r":{"a":0,"k":0,"ix":10},"p":{"a":0,"k":[288,512,0],"ix":2},"a":{"a":0,"k":[288,512,0],"ix":1},"s":{"a":0,"k":[100,100,100],"ix":6}},"ao":0,"ip":11.3333333333333,"op":11.6666666666667,"st":11.3333333333333,"bm":0},{"ddd":0,"ind":36,"ty":2,"nm":"mmexport1591259546775_00035.png","cl":"png","refId":"image_35","sr":1,"ks":{"o":{"a":0,"k":100,"ix":11},"r":{"a":0,"k":0,"ix":10},"p":{"a":0,"k":[288,512,0],"ix":2},"a":{"a":0,"k":[288,512,0],"ix":1},"s":{"a":0,"k":[100,100,100],"ix":6}},"ao":0,"ip":11.6666666666667,"op":12,"st":11.6666666666667,"bm":0},{"ddd":0,"ind":37,"ty":2,"nm":"mmexport1591259546775_00036.png","cl":"png","refId":"image_36","sr":1,"ks":{"o":{"a":0,"k":100,"ix":11},"r":{"a":0,"k":0,"ix":10},"p":{"a":0,"k":[288,512,0],"ix":2},"a":{"a":0,"k":[288,512,0],"ix":1},"s":{"a":0,"k":[100,100,100],"ix":6}},"ao":0,"ip":12,"op":12.3333333333333,"st":12,"bm":0},{"ddd":0,"ind":38,"ty":2,"nm":"mmexport1591259546775_00037.png","cl":"png","refId":"image_37","sr":1,"ks":{"o":{"a":0,"k":100,"ix":11},"r":{"a":0,"k":0,"ix":10},"p":{"a":0,"k":[288,512,0],"ix":2},"a":{"a":0,"k":[288,512,0],"ix":1},"s":{"a":0,"k":[100,100,100],"ix":6}},"ao":0,"ip":12.3333333333333,"op":12.6666666666667,"st":12.3333333333333,"bm":0},{"ddd":0,"ind":39,"ty":2,"nm":"mmexport1591259546775_00038.png","cl":"png","refId":"image_38","sr":1,"ks":{"o":{"a":0,"k":100,"ix":11},"r":{"a":0,"k":0,"ix":10},"p":{"a":0,"k":[288,512,0],"ix":2},"a":{"a":0,"k":[288,512,0],"ix":1},"s":{"a":0,"k":[100,100,100],"ix":6}},"ao":0,"ip":12.6666666666667,"op":13,"st":12.6666666666667,"bm":0},{"ddd":0,"ind":40,"ty":2,"nm":"mmexport1591259546775_00039.png","cl":"png","refId":"image_39","sr":1,"ks":{"o":{"a":0,"k":100,"ix":11},"r":{"a":0,"k":0,"ix":10},"p":{"a":0,"k":[288,512,0],"ix":2},"a":{"a":0,"k":[288,512,0],"ix":1},"s":{"a":0,"k":[100,100,100],"ix":6}},"ao":0,"ip":13,"op":13.3333333333333,"st":13,"bm":0},{"ddd":0,"ind":41,"ty":2,"nm":"mmexport1591259546775_00040.png","cl":"png","refId":"image_40","sr":1,"ks":{"o":{"a":0,"k":100,"ix":11},"r":{"a":0,"k":0,"ix":10},"p":{"a":0,"k":[288,512,0],"ix":2},"a":{"a":0,"k":[288,512,0],"ix":1},"s":{"a":0,"k":[100,100,100],"ix":6}},"ao":0,"ip":13.3333333333333,"op":13.6666666666667,"st":13.3333333333333,"bm":0},{"ddd":0,"ind":42,"ty":2,"nm":"mmexport1591259546775_00041.png","cl":"png","refId":"image_41","sr":1,"ks":{"o":{"a":0,"k":100,"ix":11},"r":{"a":0,"k":0,"ix":10},"p":{"a":0,"k":[288,512,0],"ix":2},"a":{"a":0,"k":[288,512,0],"ix":1},"s":{"a":0,"k":[100,100,100],"ix":6}},"ao":0,"ip":13.6666666666667,"op":14,"st":13.6666666666667,"bm":0},{"ddd":0,"ind":43,"ty":2,"nm":"mmexport1591259546775_00042.png","cl":"png","refId":"image_42","sr":1,"ks":{"o":{"a":0,"k":100,"ix":11},"r":{"a":0,"k":0,"ix":10},"p":{"a":0,"k":[288,512,0],"ix":2},"a":{"a":0,"k":[288,512,0],"ix":1},"s":{"a":0,"k":[100,100,100],"ix":6}},"ao":0,"ip":14,"op":14.3333333333333,"st":14,"bm":0},{"ddd":0,"ind":44,"ty":2,"nm":"mmexport1591259546775_00043.png","cl":"png","refId":"image_43","sr":1,"ks":{"o":{"a":0,"k":100,"ix":11},"r":{"a":0,"k":0,"ix":10},"p":{"a":0,"k":[288,512,0],"ix":2},"a":{"a":0,"k":[288,512,0],"ix":1},"s":{"a":0,"k":[100,100,100],"ix":6}},"ao":0,"ip":14.3333333333333,"op":14.6666666666667,"st":14.3333333333333,"bm":0},{"ddd":0,"ind":45,"ty":2,"nm":"mmexport1591259546775_00044.png","cl":"png","refId":"image_44","sr":1,"ks":{"o":{"a":0,"k":100,"ix":11},"r":{"a":0,"k":0,"ix":10},"p":{"a":0,"k":[288,512,0],"ix":2},"a":{"a":0,"k":[288,512,0],"ix":1},"s":{"a":0,"k":[100,100,100],"ix":6}},"ao":0,"ip":14.6666666666667,"op":15,"st":14.6666666666667,"bm":0},{"ddd":0,"ind":46,"ty":2,"nm":"mmexport1591259546775_00045.png","cl":"png","refId":"image_45","sr":1,"ks":{"o":{"a":0,"k":100,"ix":11},"r":{"a":0,"k":0,"ix":10},"p":{"a":0,"k":[288,512,0],"ix":2},"a":{"a":0,"k":[288,512,0],"ix":1},"s":{"a":0,"k":[100,100,100],"ix":6}},"ao":0,"ip":15,"op":15.3333333333333,"st":15,"bm":0},{"ddd":0,"ind":47,"ty":2,"nm":"mmexport1591259546775_00046.png","cl":"png","refId":"image_46","sr":1,"ks":{"o":{"a":0,"k":100,"ix":11},"r":{"a":0,"k":0,"ix":10},"p":{"a":0,"k":[288,512,0],"ix":2},"a":{"a":0,"k":[288,512,0],"ix":1},"s":{"a":0,"k":[100,100,100],"ix":6}},"ao":0,"ip":15.3333333333333,"op":15.6666666666667,"st":15.3333333333333,"bm":0},{"ddd":0,"ind":48,"ty":2,"nm":"mmexport1591259546775_00047.png","cl":"png","refId":"image_47","sr":1,"ks":{"o":{"a":0,"k":100,"ix":11},"r":{"a":0,"k":0,"ix":10},"p":{"a":0,"k":[288,512,0],"ix":2},"a":{"a":0,"k":[288,512,0],"ix":1},"s":{"a":0,"k":[100,100,100],"ix":6}},"ao":0,"ip":15.6666666666667,"op":16,"st":15.6666666666667,"bm":0},{"ddd":0,"ind":49,"ty":2,"nm":"mmexport1591259546775_00048.png","cl":"png","refId":"image_48","sr":1,"ks":{"o":{"a":0,"k":100,"ix":11},"r":{"a":0,"k":0,"ix":10},"p":{"a":0,"k":[288,512,0],"ix":2},"a":{"a":0,"k":[288,512,0],"ix":1},"s":{"a":0,"k":[100,100,100],"ix":6}},"ao":0,"ip":16,"op":16.3333333333333,"st":16,"bm":0},{"ddd":0,"ind":50,"ty":2,"nm":"mmexport1591259546775_00049.png","cl":"png","refId":"image_49","sr":1,"ks":{"o":{"a":0,"k":100,"ix":11},"r":{"a":0,"k":0,"ix":10},"p":{"a":0,"k":[288,512,0],"ix":2},"a":{"a":0,"k":[288,512,0],"ix":1},"s":{"a":0,"k":[100,100,100],"ix":6}},"ao":0,"ip":16.3333333333333,"op":16.6666666666667,"st":16.3333333333333,"bm":0}],"markers":[]}