{"v":"5.6.6","fr":4,"ip":0,"op":11,"w":720,"h":1280,"nm":"mmexport1591260571453_00000","ddd":0,"assets":[{"id":"image_0","w":720,"h":1280,"u":"images/","p":"img_0.jpg","e":0},{"id":"image_1","w":720,"h":1280,"u":"images/","p":"img_1.jpg","e":0},{"id":"image_2","w":720,"h":1280,"u":"images/","p":"img_2.jpg","e":0},{"id":"image_3","w":720,"h":1280,"u":"images/","p":"img_3.jpg","e":0},{"id":"image_4","w":720,"h":1280,"u":"images/","p":"img_4.jpg","e":0},{"id":"image_5","w":720,"h":1280,"u":"images/","p":"img_5.jpg","e":0},{"id":"image_6","w":720,"h":1280,"u":"images/","p":"img_6.jpg","e":0},{"id":"image_7","w":720,"h":1280,"u":"images/","p":"img_7.jpg","e":0},{"id":"image_8","w":720,"h":1280,"u":"images/","p":"img_8.jpg","e":0},{"id":"image_9","w":720,"h":1280,"u":"images/","p":"img_9.jpg","e":0},{"id":"image_10","w":720,"h":1280,"u":"images/","p":"img_10.jpg","e":0},{"id":"image_11","w":720,"h":1280,"u":"images/","p":"img_11.jpg","e":0},{"id":"image_12","w":720,"h":1280,"u":"images/","p":"img_12.jpg","e":0},{"id":"image_13","w":720,"h":1280,"u":"images/","p":"img_13.jpg","e":0},{"id":"image_14","w":720,"h":1280,"u":"images/","p":"img_14.jpg","e":0},{"id":"image_15","w":720,"h":1280,"u":"images/","p":"img_15.jpg","e":0},{"id":"image_16","w":720,"h":1280,"u":"images/","p":"img_16.jpg","e":0},{"id":"image_17","w":720,"h":1280,"u":"images/","p":"img_17.jpg","e":0},{"id":"image_18","w":720,"h":1280,"u":"images/","p":"img_18.jpg","e":0},{"id":"image_19","w":720,"h":1280,"u":"images/","p":"img_19.jpg","e":0},{"id":"image_20","w":720,"h":1280,"u":"images/","p":"img_20.jpg","e":0},{"id":"image_21","w":720,"h":1280,"u":"images/","p":"img_21.jpg","e":0},{"id":"image_22","w":720,"h":1280,"u":"images/","p":"img_22.jpg","e":0},{"id":"image_23","w":720,"h":1280,"u":"images/","p":"img_23.jpg","e":0},{"id":"image_24","w":720,"h":1280,"u":"images/","p":"img_24.jpg","e":0},{"id":"image_25","w":720,"h":1280,"u":"images/","p":"img_25.jpg","e":0},{"id":"image_26","w":720,"h":1280,"u":"images/","p":"img_26.jpg","e":0},{"id":"image_27","w":720,"h":1280,"u":"images/","p":"img_27.jpg","e":0},{"id":"image_28","w":720,"h":1280,"u":"images/","p":"img_28.jpg","e":0},{"id":"image_29","w":720,"h":1280,"u":"images/","p":"img_29.jpg","e":0},{"id":"image_30","w":720,"h":1280,"u":"images/","p":"img_30.jpg","e":0},{"id":"image_31","w":720,"h":1280,"u":"images/","p":"img_31.jpg","e":0},{"id":"image_32","w":720,"h":1280,"u":"images/","p":"img_32.jpg","e":0},{"id":"image_33","w":720,"h":1280,"u":"images/","p":"img_33.jpg","e":0},{"id":"image_34","w":720,"h":1280,"u":"images/","p":"img_34.jpg","e":0},{"id":"image_35","w":720,"h":1280,"u":"images/","p":"img_35.jpg","e":0},{"id":"image_36","w":720,"h":1280,"u":"images/","p":"img_36.jpg","e":0},{"id":"image_37","w":720,"h":1280,"u":"images/","p":"img_37.jpg","e":0},{"id":"image_38","w":720,"h":1280,"u":"images/","p":"img_38.jpg","e":0},{"id":"image_39","w":720,"h":1280,"u":"images/","p":"img_39.jpg","e":0},{"id":"image_40","w":720,"h":1280,"u":"images/","p":"img_40.jpg","e":0},{"id":"image_41","w":720,"h":1280,"u":"images/","p":"img_41.jpg","e":0}],"layers":[{"ddd":0,"ind":1,"ty":2,"nm":"mmexport1591260571453_00000.png","cl":"png","refId":"image_0","sr":1,"ks":{"o":{"a":0,"k":100,"ix":11},"r":{"a":0,"k":0,"ix":10},"p":{"a":0,"k":[360,640,0],"ix":2},"a":{"a":0,"k":[360,640,0],"ix":1},"s":{"a":0,"k":[100,100,100],"ix":6}},"ao":0,"ip":0,"op":0.26666666666667,"st":0,"bm":0},{"ddd":0,"ind":2,"ty":2,"nm":"mmexport1591260571453_00001.png","cl":"png","refId":"image_1","sr":1,"ks":{"o":{"a":0,"k":100,"ix":11},"r":{"a":0,"k":0,"ix":10},"p":{"a":0,"k":[360,640,0],"ix":2},"a":{"a":0,"k":[360,640,0],"ix":1},"s":{"a":0,"k":[100,100,100],"ix":6}},"ao":0,"ip":0.26666666666667,"op":0.53333333333333,"st":0.26666666666667,"bm":0},{"ddd":0,"ind":3,"ty":2,"nm":"mmexport1591260571453_00002.png","cl":"png","refId":"image_2","sr":1,"ks":{"o":{"a":0,"k":100,"ix":11},"r":{"a":0,"k":0,"ix":10},"p":{"a":0,"k":[360,640,0],"ix":2},"a":{"a":0,"k":[360,640,0],"ix":1},"s":{"a":0,"k":[100,100,100],"ix":6}},"ao":0,"ip":0.53333333333333,"op":0.8,"st":0.53333333333333,"bm":0},{"ddd":0,"ind":4,"ty":2,"nm":"mmexport1591260571453_00003.png","cl":"png","refId":"image_3","sr":1,"ks":{"o":{"a":0,"k":100,"ix":11},"r":{"a":0,"k":0,"ix":10},"p":{"a":0,"k":[360,640,0],"ix":2},"a":{"a":0,"k":[360,640,0],"ix":1},"s":{"a":0,"k":[100,100,100],"ix":6}},"ao":0,"ip":0.8,"op":1.06666666666667,"st":0.8,"bm":0},{"ddd":0,"ind":5,"ty":2,"nm":"mmexport1591260571453_00004.png","cl":"png","refId":"image_4","sr":1,"ks":{"o":{"a":0,"k":100,"ix":11},"r":{"a":0,"k":0,"ix":10},"p":{"a":0,"k":[360,640,0],"ix":2},"a":{"a":0,"k":[360,640,0],"ix":1},"s":{"a":0,"k":[100,100,100],"ix":6}},"ao":0,"ip":1.06666666666667,"op":1.33333333333333,"st":1.06666666666667,"bm":0},{"ddd":0,"ind":6,"ty":2,"nm":"mmexport1591260571453_00005.png","cl":"png","refId":"image_5","sr":1,"ks":{"o":{"a":0,"k":100,"ix":11},"r":{"a":0,"k":0,"ix":10},"p":{"a":0,"k":[360,640,0],"ix":2},"a":{"a":0,"k":[360,640,0],"ix":1},"s":{"a":0,"k":[100,100,100],"ix":6}},"ao":0,"ip":1.33333333333333,"op":1.6,"st":1.33333333333333,"bm":0},{"ddd":0,"ind":7,"ty":2,"nm":"mmexport1591260571453_00006.png","cl":"png","refId":"image_6","sr":1,"ks":{"o":{"a":0,"k":100,"ix":11},"r":{"a":0,"k":0,"ix":10},"p":{"a":0,"k":[360,640,0],"ix":2},"a":{"a":0,"k":[360,640,0],"ix":1},"s":{"a":0,"k":[100,100,100],"ix":6}},"ao":0,"ip":1.6,"op":1.86666666666667,"st":1.6,"bm":0},{"ddd":0,"ind":8,"ty":2,"nm":"mmexport1591260571453_00007.png","cl":"png","refId":"image_7","sr":1,"ks":{"o":{"a":0,"k":100,"ix":11},"r":{"a":0,"k":0,"ix":10},"p":{"a":0,"k":[360,640,0],"ix":2},"a":{"a":0,"k":[360,640,0],"ix":1},"s":{"a":0,"k":[100,100,100],"ix":6}},"ao":0,"ip":1.86666666666667,"op":2.13333333333333,"st":1.86666666666667,"bm":0},{"ddd":0,"ind":9,"ty":2,"nm":"mmexport1591260571453_00008.png","cl":"png","refId":"image_8","sr":1,"ks":{"o":{"a":0,"k":100,"ix":11},"r":{"a":0,"k":0,"ix":10},"p":{"a":0,"k":[360,640,0],"ix":2},"a":{"a":0,"k":[360,640,0],"ix":1},"s":{"a":0,"k":[100,100,100],"ix":6}},"ao":0,"ip":2.13333333333333,"op":2.4,"st":2.13333333333333,"bm":0},{"ddd":0,"ind":10,"ty":2,"nm":"mmexport1591260571453_00009.png","cl":"png","refId":"image_9","sr":1,"ks":{"o":{"a":0,"k":100,"ix":11},"r":{"a":0,"k":0,"ix":10},"p":{"a":0,"k":[360,640,0],"ix":2},"a":{"a":0,"k":[360,640,0],"ix":1},"s":{"a":0,"k":[100,100,100],"ix":6}},"ao":0,"ip":2.4,"op":2.66666666666667,"st":2.4,"bm":0},{"ddd":0,"ind":11,"ty":2,"nm":"mmexport1591260571453_00010.png","cl":"png","refId":"image_10","sr":1,"ks":{"o":{"a":0,"k":100,"ix":11},"r":{"a":0,"k":0,"ix":10},"p":{"a":0,"k":[360,640,0],"ix":2},"a":{"a":0,"k":[360,640,0],"ix":1},"s":{"a":0,"k":[100,100,100],"ix":6}},"ao":0,"ip":2.66666666666667,"op":2.93333333333333,"st":2.66666666666667,"bm":0},{"ddd":0,"ind":12,"ty":2,"nm":"mmexport1591260571453_00011.png","cl":"png","refId":"image_11","sr":1,"ks":{"o":{"a":0,"k":100,"ix":11},"r":{"a":0,"k":0,"ix":10},"p":{"a":0,"k":[360,640,0],"ix":2},"a":{"a":0,"k":[360,640,0],"ix":1},"s":{"a":0,"k":[100,100,100],"ix":6}},"ao":0,"ip":2.93333333333333,"op":3.2,"st":2.93333333333333,"bm":0},{"ddd":0,"ind":13,"ty":2,"nm":"mmexport1591260571453_00012.png","cl":"png","refId":"image_12","sr":1,"ks":{"o":{"a":0,"k":100,"ix":11},"r":{"a":0,"k":0,"ix":10},"p":{"a":0,"k":[360,640,0],"ix":2},"a":{"a":0,"k":[360,640,0],"ix":1},"s":{"a":0,"k":[100,100,100],"ix":6}},"ao":0,"ip":3.2,"op":3.46666666666667,"st":3.2,"bm":0},{"ddd":0,"ind":14,"ty":2,"nm":"mmexport1591260571453_00013.png","cl":"png","refId":"image_13","sr":1,"ks":{"o":{"a":0,"k":100,"ix":11},"r":{"a":0,"k":0,"ix":10},"p":{"a":0,"k":[360,640,0],"ix":2},"a":{"a":0,"k":[360,640,0],"ix":1},"s":{"a":0,"k":[100,100,100],"ix":6}},"ao":0,"ip":3.46666666666667,"op":3.73333333333333,"st":3.46666666666667,"bm":0},{"ddd":0,"ind":15,"ty":2,"nm":"mmexport1591260571453_00014.png","cl":"png","refId":"image_14","sr":1,"ks":{"o":{"a":0,"k":100,"ix":11},"r":{"a":0,"k":0,"ix":10},"p":{"a":0,"k":[360,640,0],"ix":2},"a":{"a":0,"k":[360,640,0],"ix":1},"s":{"a":0,"k":[100,100,100],"ix":6}},"ao":0,"ip":3.73333333333333,"op":4,"st":3.73333333333333,"bm":0},{"ddd":0,"ind":16,"ty":2,"nm":"mmexport1591260571453_00015.png","cl":"png","refId":"image_15","sr":1,"ks":{"o":{"a":0,"k":100,"ix":11},"r":{"a":0,"k":0,"ix":10},"p":{"a":0,"k":[360,640,0],"ix":2},"a":{"a":0,"k":[360,640,0],"ix":1},"s":{"a":0,"k":[100,100,100],"ix":6}},"ao":0,"ip":4,"op":4.26666666666667,"st":4,"bm":0},{"ddd":0,"ind":17,"ty":2,"nm":"mmexport1591260571453_00016.png","cl":"png","refId":"image_16","sr":1,"ks":{"o":{"a":0,"k":100,"ix":11},"r":{"a":0,"k":0,"ix":10},"p":{"a":0,"k":[360,640,0],"ix":2},"a":{"a":0,"k":[360,640,0],"ix":1},"s":{"a":0,"k":[100,100,100],"ix":6}},"ao":0,"ip":4.26666666666667,"op":4.53333333333333,"st":4.26666666666667,"bm":0},{"ddd":0,"ind":18,"ty":2,"nm":"mmexport1591260571453_00017.png","cl":"png","refId":"image_17","sr":1,"ks":{"o":{"a":0,"k":100,"ix":11},"r":{"a":0,"k":0,"ix":10},"p":{"a":0,"k":[360,640,0],"ix":2},"a":{"a":0,"k":[360,640,0],"ix":1},"s":{"a":0,"k":[100,100,100],"ix":6}},"ao":0,"ip":4.53333333333333,"op":4.8,"st":4.53333333333333,"bm":0},{"ddd":0,"ind":19,"ty":2,"nm":"mmexport1591260571453_00018.png","cl":"png","refId":"image_18","sr":1,"ks":{"o":{"a":0,"k":100,"ix":11},"r":{"a":0,"k":0,"ix":10},"p":{"a":0,"k":[360,640,0],"ix":2},"a":{"a":0,"k":[360,640,0],"ix":1},"s":{"a":0,"k":[100,100,100],"ix":6}},"ao":0,"ip":4.8,"op":5.06666666666667,"st":4.8,"bm":0},{"ddd":0,"ind":20,"ty":2,"nm":"mmexport1591260571453_00019.png","cl":"png","refId":"image_19","sr":1,"ks":{"o":{"a":0,"k":100,"ix":11},"r":{"a":0,"k":0,"ix":10},"p":{"a":0,"k":[360,640,0],"ix":2},"a":{"a":0,"k":[360,640,0],"ix":1},"s":{"a":0,"k":[100,100,100],"ix":6}},"ao":0,"ip":5.06666666666667,"op":5.33333333333333,"st":5.06666666666667,"bm":0},{"ddd":0,"ind":21,"ty":2,"nm":"mmexport1591260571453_00020.png","cl":"png","refId":"image_20","sr":1,"ks":{"o":{"a":0,"k":100,"ix":11},"r":{"a":0,"k":0,"ix":10},"p":{"a":0,"k":[360,640,0],"ix":2},"a":{"a":0,"k":[360,640,0],"ix":1},"s":{"a":0,"k":[100,100,100],"ix":6}},"ao":0,"ip":5.33333333333333,"op":5.6,"st":5.33333333333333,"bm":0},{"ddd":0,"ind":22,"ty":2,"nm":"mmexport1591260571453_00021.png","cl":"png","refId":"image_21","sr":1,"ks":{"o":{"a":0,"k":100,"ix":11},"r":{"a":0,"k":0,"ix":10},"p":{"a":0,"k":[360,640,0],"ix":2},"a":{"a":0,"k":[360,640,0],"ix":1},"s":{"a":0,"k":[100,100,100],"ix":6}},"ao":0,"ip":5.6,"op":5.86666666666667,"st":5.6,"bm":0},{"ddd":0,"ind":23,"ty":2,"nm":"mmexport1591260571453_00022.png","cl":"png","refId":"image_22","sr":1,"ks":{"o":{"a":0,"k":100,"ix":11},"r":{"a":0,"k":0,"ix":10},"p":{"a":0,"k":[360,640,0],"ix":2},"a":{"a":0,"k":[360,640,0],"ix":1},"s":{"a":0,"k":[100,100,100],"ix":6}},"ao":0,"ip":5.86666666666667,"op":6.13333333333333,"st":5.86666666666667,"bm":0},{"ddd":0,"ind":24,"ty":2,"nm":"mmexport1591260571453_00023.png","cl":"png","refId":"image_23","sr":1,"ks":{"o":{"a":0,"k":100,"ix":11},"r":{"a":0,"k":0,"ix":10},"p":{"a":0,"k":[360,640,0],"ix":2},"a":{"a":0,"k":[360,640,0],"ix":1},"s":{"a":0,"k":[100,100,100],"ix":6}},"ao":0,"ip":6.13333333333333,"op":6.4,"st":6.13333333333333,"bm":0},{"ddd":0,"ind":25,"ty":2,"nm":"mmexport1591260571453_00024.png","cl":"png","refId":"image_24","sr":1,"ks":{"o":{"a":0,"k":100,"ix":11},"r":{"a":0,"k":0,"ix":10},"p":{"a":0,"k":[360,640,0],"ix":2},"a":{"a":0,"k":[360,640,0],"ix":1},"s":{"a":0,"k":[100,100,100],"ix":6}},"ao":0,"ip":6.4,"op":6.66666666666667,"st":6.4,"bm":0},{"ddd":0,"ind":26,"ty":2,"nm":"mmexport1591260571453_00025.png","cl":"png","refId":"image_25","sr":1,"ks":{"o":{"a":0,"k":100,"ix":11},"r":{"a":0,"k":0,"ix":10},"p":{"a":0,"k":[360,640,0],"ix":2},"a":{"a":0,"k":[360,640,0],"ix":1},"s":{"a":0,"k":[100,100,100],"ix":6}},"ao":0,"ip":6.66666666666667,"op":6.93333333333333,"st":6.66666666666667,"bm":0},{"ddd":0,"ind":27,"ty":2,"nm":"mmexport1591260571453_00026.png","cl":"png","refId":"image_26","sr":1,"ks":{"o":{"a":0,"k":100,"ix":11},"r":{"a":0,"k":0,"ix":10},"p":{"a":0,"k":[360,640,0],"ix":2},"a":{"a":0,"k":[360,640,0],"ix":1},"s":{"a":0,"k":[100,100,100],"ix":6}},"ao":0,"ip":6.93333333333333,"op":7.2,"st":6.93333333333333,"bm":0},{"ddd":0,"ind":28,"ty":2,"nm":"mmexport1591260571453_00027.png","cl":"png","refId":"image_27","sr":1,"ks":{"o":{"a":0,"k":100,"ix":11},"r":{"a":0,"k":0,"ix":10},"p":{"a":0,"k":[360,640,0],"ix":2},"a":{"a":0,"k":[360,640,0],"ix":1},"s":{"a":0,"k":[100,100,100],"ix":6}},"ao":0,"ip":7.2,"op":7.46666666666667,"st":7.2,"bm":0},{"ddd":0,"ind":29,"ty":2,"nm":"mmexport1591260571453_00028.png","cl":"png","refId":"image_28","sr":1,"ks":{"o":{"a":0,"k":100,"ix":11},"r":{"a":0,"k":0,"ix":10},"p":{"a":0,"k":[360,640,0],"ix":2},"a":{"a":0,"k":[360,640,0],"ix":1},"s":{"a":0,"k":[100,100,100],"ix":6}},"ao":0,"ip":7.46666666666667,"op":7.73333333333333,"st":7.46666666666667,"bm":0},{"ddd":0,"ind":30,"ty":2,"nm":"mmexport1591260571453_00029.png","cl":"png","refId":"image_29","sr":1,"ks":{"o":{"a":0,"k":100,"ix":11},"r":{"a":0,"k":0,"ix":10},"p":{"a":0,"k":[360,640,0],"ix":2},"a":{"a":0,"k":[360,640,0],"ix":1},"s":{"a":0,"k":[100,100,100],"ix":6}},"ao":0,"ip":7.73333333333333,"op":8,"st":7.73333333333333,"bm":0},{"ddd":0,"ind":31,"ty":2,"nm":"mmexport1591260571453_00030.png","cl":"png","refId":"image_30","sr":1,"ks":{"o":{"a":0,"k":100,"ix":11},"r":{"a":0,"k":0,"ix":10},"p":{"a":0,"k":[360,640,0],"ix":2},"a":{"a":0,"k":[360,640,0],"ix":1},"s":{"a":0,"k":[100,100,100],"ix":6}},"ao":0,"ip":8,"op":8.26666666666667,"st":8,"bm":0},{"ddd":0,"ind":32,"ty":2,"nm":"mmexport1591260571453_00031.png","cl":"png","refId":"image_31","sr":1,"ks":{"o":{"a":0,"k":100,"ix":11},"r":{"a":0,"k":0,"ix":10},"p":{"a":0,"k":[360,640,0],"ix":2},"a":{"a":0,"k":[360,640,0],"ix":1},"s":{"a":0,"k":[100,100,100],"ix":6}},"ao":0,"ip":8.26666666666667,"op":8.53333333333333,"st":8.26666666666667,"bm":0},{"ddd":0,"ind":33,"ty":2,"nm":"mmexport1591260571453_00032.png","cl":"png","refId":"image_32","sr":1,"ks":{"o":{"a":0,"k":100,"ix":11},"r":{"a":0,"k":0,"ix":10},"p":{"a":0,"k":[360,640,0],"ix":2},"a":{"a":0,"k":[360,640,0],"ix":1},"s":{"a":0,"k":[100,100,100],"ix":6}},"ao":0,"ip":8.53333333333333,"op":8.8,"st":8.53333333333333,"bm":0},{"ddd":0,"ind":34,"ty":2,"nm":"mmexport1591260571453_00033.png","cl":"png","refId":"image_33","sr":1,"ks":{"o":{"a":0,"k":100,"ix":11},"r":{"a":0,"k":0,"ix":10},"p":{"a":0,"k":[360,640,0],"ix":2},"a":{"a":0,"k":[360,640,0],"ix":1},"s":{"a":0,"k":[100,100,100],"ix":6}},"ao":0,"ip":8.8,"op":9.06666666666667,"st":8.8,"bm":0},{"ddd":0,"ind":35,"ty":2,"nm":"mmexport1591260571453_00034.png","cl":"png","refId":"image_34","sr":1,"ks":{"o":{"a":0,"k":100,"ix":11},"r":{"a":0,"k":0,"ix":10},"p":{"a":0,"k":[360,640,0],"ix":2},"a":{"a":0,"k":[360,640,0],"ix":1},"s":{"a":0,"k":[100,100,100],"ix":6}},"ao":0,"ip":9.06666666666667,"op":9.33333333333333,"st":9.06666666666667,"bm":0},{"ddd":0,"ind":36,"ty":2,"nm":"mmexport1591260571453_00035.png","cl":"png","refId":"image_35","sr":1,"ks":{"o":{"a":0,"k":100,"ix":11},"r":{"a":0,"k":0,"ix":10},"p":{"a":0,"k":[360,640,0],"ix":2},"a":{"a":0,"k":[360,640,0],"ix":1},"s":{"a":0,"k":[100,100,100],"ix":6}},"ao":0,"ip":9.33333333333333,"op":9.6,"st":9.33333333333333,"bm":0},{"ddd":0,"ind":37,"ty":2,"nm":"mmexport1591260571453_00036.png","cl":"png","refId":"image_36","sr":1,"ks":{"o":{"a":0,"k":100,"ix":11},"r":{"a":0,"k":0,"ix":10},"p":{"a":0,"k":[360,640,0],"ix":2},"a":{"a":0,"k":[360,640,0],"ix":1},"s":{"a":0,"k":[100,100,100],"ix":6}},"ao":0,"ip":9.6,"op":9.86666666666667,"st":9.6,"bm":0},{"ddd":0,"ind":38,"ty":2,"nm":"mmexport1591260571453_00037.png","cl":"png","refId":"image_37","sr":1,"ks":{"o":{"a":0,"k":100,"ix":11},"r":{"a":0,"k":0,"ix":10},"p":{"a":0,"k":[360,640,0],"ix":2},"a":{"a":0,"k":[360,640,0],"ix":1},"s":{"a":0,"k":[100,100,100],"ix":6}},"ao":0,"ip":9.86666666666667,"op":10.1333333333333,"st":9.86666666666667,"bm":0},{"ddd":0,"ind":39,"ty":2,"nm":"mmexport1591260571453_00038.png","cl":"png","refId":"image_38","sr":1,"ks":{"o":{"a":0,"k":100,"ix":11},"r":{"a":0,"k":0,"ix":10},"p":{"a":0,"k":[360,640,0],"ix":2},"a":{"a":0,"k":[360,640,0],"ix":1},"s":{"a":0,"k":[100,100,100],"ix":6}},"ao":0,"ip":10.1333333333333,"op":10.4,"st":10.1333333333333,"bm":0},{"ddd":0,"ind":40,"ty":2,"nm":"mmexport1591260571453_00039.png","cl":"png","refId":"image_39","sr":1,"ks":{"o":{"a":0,"k":100,"ix":11},"r":{"a":0,"k":0,"ix":10},"p":{"a":0,"k":[360,640,0],"ix":2},"a":{"a":0,"k":[360,640,0],"ix":1},"s":{"a":0,"k":[100,100,100],"ix":6}},"ao":0,"ip":10.4,"op":10.6666666666667,"st":10.4,"bm":0},{"ddd":0,"ind":41,"ty":2,"nm":"mmexport1591260571453_00040.png","cl":"png","refId":"image_40","sr":1,"ks":{"o":{"a":0,"k":100,"ix":11},"r":{"a":0,"k":0,"ix":10},"p":{"a":0,"k":[360,640,0],"ix":2},"a":{"a":0,"k":[360,640,0],"ix":1},"s":{"a":0,"k":[100,100,100],"ix":6}},"ao":0,"ip":10.6666666666667,"op":10.9333333333333,"st":10.6666666666667,"bm":0},{"ddd":0,"ind":42,"ty":2,"nm":"mmexport1591260571453_00041.png","cl":"png","refId":"image_41","sr":1,"ks":{"o":{"a":0,"k":100,"ix":11},"r":{"a":0,"k":0,"ix":10},"p":{"a":0,"k":[360,640,0],"ix":2},"a":{"a":0,"k":[360,640,0],"ix":1},"s":{"a":0,"k":[100,100,100],"ix":6}},"ao":0,"ip":10.9333333333333,"op":11.2,"st":10.9333333333333,"bm":0}],"markers":[]}