{"v":"5.6.6","fr":20,"ip":0,"op":153,"w":576,"h":1024,"nm":"mmexport1591095154926_00000","ddd":0,"assets":[{"id":"image_0","w":576,"h":1024,"u":"images/","p":"img_0.jpg","e":0},{"id":"image_1","w":576,"h":1024,"u":"images/","p":"img_1.jpg","e":0},{"id":"image_2","w":576,"h":1024,"u":"images/","p":"img_2.jpg","e":0},{"id":"image_3","w":576,"h":1024,"u":"images/","p":"img_3.jpg","e":0},{"id":"image_4","w":576,"h":1024,"u":"images/","p":"img_4.jpg","e":0},{"id":"image_5","w":576,"h":1024,"u":"images/","p":"img_5.jpg","e":0},{"id":"image_6","w":576,"h":1024,"u":"images/","p":"img_6.jpg","e":0},{"id":"image_7","w":576,"h":1024,"u":"images/","p":"img_7.jpg","e":0},{"id":"image_8","w":576,"h":1024,"u":"images/","p":"img_8.jpg","e":0},{"id":"image_9","w":576,"h":1024,"u":"images/","p":"img_9.jpg","e":0},{"id":"image_10","w":576,"h":1024,"u":"images/","p":"img_10.jpg","e":0},{"id":"image_11","w":576,"h":1024,"u":"images/","p":"img_11.jpg","e":0},{"id":"image_12","w":576,"h":1024,"u":"images/","p":"img_12.jpg","e":0},{"id":"image_13","w":576,"h":1024,"u":"images/","p":"img_13.jpg","e":0},{"id":"image_14","w":576,"h":1024,"u":"images/","p":"img_14.jpg","e":0},{"id":"image_15","w":576,"h":1024,"u":"images/","p":"img_15.jpg","e":0},{"id":"image_16","w":576,"h":1024,"u":"images/","p":"img_16.jpg","e":0},{"id":"image_17","w":576,"h":1024,"u":"images/","p":"img_17.jpg","e":0},{"id":"image_18","w":576,"h":1024,"u":"images/","p":"img_18.jpg","e":0},{"id":"image_19","w":576,"h":1024,"u":"images/","p":"img_19.jpg","e":0},{"id":"image_20","w":576,"h":1024,"u":"images/","p":"img_20.jpg","e":0},{"id":"image_21","w":576,"h":1024,"u":"images/","p":"img_21.jpg","e":0},{"id":"image_22","w":576,"h":1024,"u":"images/","p":"img_22.jpg","e":0},{"id":"image_23","w":576,"h":1024,"u":"images/","p":"img_23.jpg","e":0},{"id":"image_24","w":576,"h":1024,"u":"images/","p":"img_24.jpg","e":0},{"id":"image_25","w":576,"h":1024,"u":"images/","p":"img_25.jpg","e":0},{"id":"image_26","w":576,"h":1024,"u":"images/","p":"img_26.jpg","e":0},{"id":"image_27","w":576,"h":1024,"u":"images/","p":"img_27.jpg","e":0},{"id":"image_28","w":576,"h":1024,"u":"images/","p":"img_28.jpg","e":0},{"id":"image_29","w":576,"h":1024,"u":"images/","p":"img_29.jpg","e":0},{"id":"image_30","w":576,"h":1024,"u":"images/","p":"img_30.jpg","e":0},{"id":"image_31","w":576,"h":1024,"u":"images/","p":"img_31.jpg","e":0},{"id":"image_32","w":576,"h":1024,"u":"images/","p":"img_32.jpg","e":0},{"id":"image_33","w":576,"h":1024,"u":"images/","p":"img_33.jpg","e":0},{"id":"image_34","w":576,"h":1024,"u":"images/","p":"img_34.jpg","e":0},{"id":"image_35","w":576,"h":1024,"u":"images/","p":"img_35.jpg","e":0},{"id":"image_36","w":576,"h":1024,"u":"images/","p":"img_36.jpg","e":0},{"id":"image_37","w":576,"h":1024,"u":"images/","p":"img_37.jpg","e":0},{"id":"image_38","w":576,"h":1024,"u":"images/","p":"img_38.jpg","e":0},{"id":"image_39","w":576,"h":1024,"u":"images/","p":"img_39.jpg","e":0},{"id":"image_40","w":576,"h":1024,"u":"images/","p":"img_40.jpg","e":0},{"id":"image_41","w":576,"h":1024,"u":"images/","p":"img_41.jpg","e":0},{"id":"image_42","w":576,"h":1024,"u":"images/","p":"img_42.jpg","e":0},{"id":"image_43","w":576,"h":1024,"u":"images/","p":"img_43.jpg","e":0},{"id":"image_44","w":576,"h":1024,"u":"images/","p":"img_44.jpg","e":0},{"id":"image_45","w":576,"h":1024,"u":"images/","p":"img_45.jpg","e":0},{"id":"image_46","w":576,"h":1024,"u":"images/","p":"img_46.jpg","e":0},{"id":"image_47","w":576,"h":1024,"u":"images/","p":"img_47.jpg","e":0},{"id":"image_48","w":576,"h":1024,"u":"images/","p":"img_48.jpg","e":0},{"id":"image_49","w":576,"h":1024,"u":"images/","p":"img_49.jpg","e":0},{"id":"image_50","w":576,"h":1024,"u":"images/","p":"img_50.jpg","e":0},{"id":"image_51","w":576,"h":1024,"u":"images/","p":"img_51.jpg","e":0},{"id":"image_52","w":576,"h":1024,"u":"images/","p":"img_52.jpg","e":0},{"id":"image_53","w":576,"h":1024,"u":"images/","p":"img_53.jpg","e":0},{"id":"image_54","w":576,"h":1024,"u":"images/","p":"img_54.jpg","e":0},{"id":"image_55","w":576,"h":1024,"u":"images/","p":"img_55.jpg","e":0},{"id":"image_56","w":576,"h":1024,"u":"images/","p":"img_56.jpg","e":0},{"id":"image_57","w":576,"h":1024,"u":"images/","p":"img_57.jpg","e":0},{"id":"image_58","w":576,"h":1024,"u":"images/","p":"img_58.jpg","e":0},{"id":"image_59","w":576,"h":1024,"u":"images/","p":"img_59.jpg","e":0},{"id":"image_60","w":576,"h":1024,"u":"images/","p":"img_60.jpg","e":0},{"id":"image_61","w":576,"h":1024,"u":"images/","p":"img_61.jpg","e":0},{"id":"image_62","w":576,"h":1024,"u":"images/","p":"img_62.jpg","e":0},{"id":"image_63","w":576,"h":1024,"u":"images/","p":"img_63.jpg","e":0},{"id":"image_64","w":576,"h":1024,"u":"images/","p":"img_64.jpg","e":0},{"id":"image_65","w":576,"h":1024,"u":"images/","p":"img_65.jpg","e":0},{"id":"image_66","w":576,"h":1024,"u":"images/","p":"img_66.jpg","e":0},{"id":"image_67","w":576,"h":1024,"u":"images/","p":"img_67.jpg","e":0},{"id":"image_68","w":576,"h":1024,"u":"images/","p":"img_68.jpg","e":0},{"id":"image_69","w":576,"h":1024,"u":"images/","p":"img_69.jpg","e":0},{"id":"image_70","w":576,"h":1024,"u":"images/","p":"img_70.jpg","e":0},{"id":"image_71","w":576,"h":1024,"u":"images/","p":"img_71.jpg","e":0},{"id":"image_72","w":576,"h":1024,"u":"images/","p":"img_72.jpg","e":0},{"id":"image_73","w":576,"h":1024,"u":"images/","p":"img_73.jpg","e":0},{"id":"image_74","w":576,"h":1024,"u":"images/","p":"img_74.jpg","e":0},{"id":"image_75","w":576,"h":1024,"u":"images/","p":"img_75.jpg","e":0},{"id":"image_76","w":576,"h":1024,"u":"images/","p":"img_76.jpg","e":0},{"id":"image_77","w":576,"h":1024,"u":"images/","p":"img_77.jpg","e":0},{"id":"image_78","w":576,"h":1024,"u":"images/","p":"img_78.jpg","e":0},{"id":"image_79","w":576,"h":1024,"u":"images/","p":"img_79.jpg","e":0},{"id":"image_80","w":576,"h":1024,"u":"images/","p":"img_80.jpg","e":0},{"id":"image_81","w":576,"h":1024,"u":"images/","p":"img_81.jpg","e":0},{"id":"image_82","w":576,"h":1024,"u":"images/","p":"img_82.jpg","e":0},{"id":"image_83","w":576,"h":1024,"u":"images/","p":"img_83.jpg","e":0},{"id":"image_84","w":576,"h":1024,"u":"images/","p":"img_84.jpg","e":0},{"id":"image_85","w":576,"h":1024,"u":"images/","p":"img_85.jpg","e":0},{"id":"image_86","w":576,"h":1024,"u":"images/","p":"img_86.jpg","e":0},{"id":"image_87","w":576,"h":1024,"u":"images/","p":"img_87.jpg","e":0},{"id":"image_88","w":576,"h":1024,"u":"images/","p":"img_88.jpg","e":0},{"id":"image_89","w":576,"h":1024,"u":"images/","p":"img_89.jpg","e":0},{"id":"image_90","w":576,"h":1024,"u":"images/","p":"img_90.jpg","e":0},{"id":"image_91","w":576,"h":1024,"u":"images/","p":"img_91.jpg","e":0},{"id":"image_92","w":576,"h":1024,"u":"images/","p":"img_92.jpg","e":0},{"id":"image_93","w":576,"h":1024,"u":"images/","p":"img_93.jpg","e":0},{"id":"image_94","w":576,"h":1024,"u":"images/","p":"img_94.jpg","e":0},{"id":"image_95","w":576,"h":1024,"u":"images/","p":"img_95.jpg","e":0},{"id":"image_96","w":576,"h":1024,"u":"images/","p":"img_96.jpg","e":0},{"id":"image_97","w":576,"h":1024,"u":"images/","p":"img_97.jpg","e":0},{"id":"image_98","w":576,"h":1024,"u":"images/","p":"img_98.jpg","e":0},{"id":"image_99","w":576,"h":1024,"u":"images/","p":"img_99.jpg","e":0},{"id":"image_100","w":576,"h":1024,"u":"images/","p":"img_100.jpg","e":0},{"id":"image_101","w":576,"h":1024,"u":"images/","p":"img_101.jpg","e":0},{"id":"image_102","w":576,"h":1024,"u":"images/","p":"img_102.jpg","e":0},{"id":"image_103","w":576,"h":1024,"u":"images/","p":"img_103.jpg","e":0},{"id":"image_104","w":576,"h":1024,"u":"images/","p":"img_104.jpg","e":0},{"id":"image_105","w":576,"h":1024,"u":"images/","p":"img_105.jpg","e":0},{"id":"image_106","w":576,"h":1024,"u":"images/","p":"img_106.jpg","e":0},{"id":"image_107","w":576,"h":1024,"u":"images/","p":"img_107.jpg","e":0},{"id":"image_108","w":576,"h":1024,"u":"images/","p":"img_108.jpg","e":0},{"id":"image_109","w":576,"h":1024,"u":"images/","p":"img_109.jpg","e":0},{"id":"image_110","w":576,"h":1024,"u":"images/","p":"img_110.jpg","e":0},{"id":"image_111","w":576,"h":1024,"u":"images/","p":"img_111.jpg","e":0},{"id":"image_112","w":576,"h":1024,"u":"images/","p":"img_112.jpg","e":0},{"id":"image_113","w":576,"h":1024,"u":"images/","p":"img_113.jpg","e":0},{"id":"image_114","w":576,"h":1024,"u":"images/","p":"img_114.jpg","e":0}],"layers":[{"ddd":0,"ind":1,"ty":2,"nm":"mmexport1591095154926_00000.png","cl":"png","refId":"image_0","sr":1,"ks":{"o":{"a":0,"k":100,"ix":11},"r":{"a":0,"k":0,"ix":10},"p":{"a":0,"k":[288,512,0],"ix":2},"a":{"a":0,"k":[288,512,0],"ix":1},"s":{"a":0,"k":[100,100,100],"ix":6}},"ao":0,"ip":0,"op":1.33333333333333,"st":0,"bm":0},{"ddd":0,"ind":2,"ty":2,"nm":"mmexport1591095154926_00001.png","cl":"png","refId":"image_1","sr":1,"ks":{"o":{"a":0,"k":100,"ix":11},"r":{"a":0,"k":0,"ix":10},"p":{"a":0,"k":[288,512,0],"ix":2},"a":{"a":0,"k":[288,512,0],"ix":1},"s":{"a":0,"k":[100,100,100],"ix":6}},"ao":0,"ip":1.33333333333333,"op":2.66666666666667,"st":1.33333333333333,"bm":0},{"ddd":0,"ind":3,"ty":2,"nm":"mmexport1591095154926_00002.png","cl":"png","refId":"image_2","sr":1,"ks":{"o":{"a":0,"k":100,"ix":11},"r":{"a":0,"k":0,"ix":10},"p":{"a":0,"k":[288,512,0],"ix":2},"a":{"a":0,"k":[288,512,0],"ix":1},"s":{"a":0,"k":[100,100,100],"ix":6}},"ao":0,"ip":2.66666666666667,"op":4,"st":2.66666666666667,"bm":0},{"ddd":0,"ind":4,"ty":2,"nm":"mmexport1591095154926_00003.png","cl":"png","refId":"image_3","sr":1,"ks":{"o":{"a":0,"k":100,"ix":11},"r":{"a":0,"k":0,"ix":10},"p":{"a":0,"k":[288,512,0],"ix":2},"a":{"a":0,"k":[288,512,0],"ix":1},"s":{"a":0,"k":[100,100,100],"ix":6}},"ao":0,"ip":4,"op":5.33333333333333,"st":4,"bm":0},{"ddd":0,"ind":5,"ty":2,"nm":"mmexport1591095154926_00004.png","cl":"png","refId":"image_4","sr":1,"ks":{"o":{"a":0,"k":100,"ix":11},"r":{"a":0,"k":0,"ix":10},"p":{"a":0,"k":[288,512,0],"ix":2},"a":{"a":0,"k":[288,512,0],"ix":1},"s":{"a":0,"k":[100,100,100],"ix":6}},"ao":0,"ip":5.33333333333333,"op":6.66666666666667,"st":5.33333333333333,"bm":0},{"ddd":0,"ind":6,"ty":2,"nm":"mmexport1591095154926_00005.png","cl":"png","refId":"image_5","sr":1,"ks":{"o":{"a":0,"k":100,"ix":11},"r":{"a":0,"k":0,"ix":10},"p":{"a":0,"k":[288,512,0],"ix":2},"a":{"a":0,"k":[288,512,0],"ix":1},"s":{"a":0,"k":[100,100,100],"ix":6}},"ao":0,"ip":6.66666666666667,"op":8,"st":6.66666666666667,"bm":0},{"ddd":0,"ind":7,"ty":2,"nm":"mmexport1591095154926_00006.png","cl":"png","refId":"image_6","sr":1,"ks":{"o":{"a":0,"k":100,"ix":11},"r":{"a":0,"k":0,"ix":10},"p":{"a":0,"k":[288,512,0],"ix":2},"a":{"a":0,"k":[288,512,0],"ix":1},"s":{"a":0,"k":[100,100,100],"ix":6}},"ao":0,"ip":8,"op":9.33333333333333,"st":8,"bm":0},{"ddd":0,"ind":8,"ty":2,"nm":"mmexport1591095154926_00007.png","cl":"png","refId":"image_7","sr":1,"ks":{"o":{"a":0,"k":100,"ix":11},"r":{"a":0,"k":0,"ix":10},"p":{"a":0,"k":[288,512,0],"ix":2},"a":{"a":0,"k":[288,512,0],"ix":1},"s":{"a":0,"k":[100,100,100],"ix":6}},"ao":0,"ip":9.33333333333333,"op":10.6666666666667,"st":9.33333333333333,"bm":0},{"ddd":0,"ind":9,"ty":2,"nm":"mmexport1591095154926_00008.png","cl":"png","refId":"image_8","sr":1,"ks":{"o":{"a":0,"k":100,"ix":11},"r":{"a":0,"k":0,"ix":10},"p":{"a":0,"k":[288,512,0],"ix":2},"a":{"a":0,"k":[288,512,0],"ix":1},"s":{"a":0,"k":[100,100,100],"ix":6}},"ao":0,"ip":10.6666666666667,"op":12,"st":10.6666666666667,"bm":0},{"ddd":0,"ind":10,"ty":2,"nm":"mmexport1591095154926_00009.png","cl":"png","refId":"image_9","sr":1,"ks":{"o":{"a":0,"k":100,"ix":11},"r":{"a":0,"k":0,"ix":10},"p":{"a":0,"k":[288,512,0],"ix":2},"a":{"a":0,"k":[288,512,0],"ix":1},"s":{"a":0,"k":[100,100,100],"ix":6}},"ao":0,"ip":12,"op":13.3333333333333,"st":12,"bm":0},{"ddd":0,"ind":11,"ty":2,"nm":"mmexport1591095154926_00010.png","cl":"png","refId":"image_10","sr":1,"ks":{"o":{"a":0,"k":100,"ix":11},"r":{"a":0,"k":0,"ix":10},"p":{"a":0,"k":[288,512,0],"ix":2},"a":{"a":0,"k":[288,512,0],"ix":1},"s":{"a":0,"k":[100,100,100],"ix":6}},"ao":0,"ip":13.3333333333333,"op":14.6666666666667,"st":13.3333333333333,"bm":0},{"ddd":0,"ind":12,"ty":2,"nm":"mmexport1591095154926_00011.png","cl":"png","refId":"image_11","sr":1,"ks":{"o":{"a":0,"k":100,"ix":11},"r":{"a":0,"k":0,"ix":10},"p":{"a":0,"k":[288,512,0],"ix":2},"a":{"a":0,"k":[288,512,0],"ix":1},"s":{"a":0,"k":[100,100,100],"ix":6}},"ao":0,"ip":14.6666666666667,"op":16,"st":14.6666666666667,"bm":0},{"ddd":0,"ind":13,"ty":2,"nm":"mmexport1591095154926_00012.png","cl":"png","refId":"image_12","sr":1,"ks":{"o":{"a":0,"k":100,"ix":11},"r":{"a":0,"k":0,"ix":10},"p":{"a":0,"k":[288,512,0],"ix":2},"a":{"a":0,"k":[288,512,0],"ix":1},"s":{"a":0,"k":[100,100,100],"ix":6}},"ao":0,"ip":16,"op":17.3333333333333,"st":16,"bm":0},{"ddd":0,"ind":14,"ty":2,"nm":"mmexport1591095154926_00013.png","cl":"png","refId":"image_13","sr":1,"ks":{"o":{"a":0,"k":100,"ix":11},"r":{"a":0,"k":0,"ix":10},"p":{"a":0,"k":[288,512,0],"ix":2},"a":{"a":0,"k":[288,512,0],"ix":1},"s":{"a":0,"k":[100,100,100],"ix":6}},"ao":0,"ip":17.3333333333333,"op":18.6666666666667,"st":17.3333333333333,"bm":0},{"ddd":0,"ind":15,"ty":2,"nm":"mmexport1591095154926_00014.png","cl":"png","refId":"image_14","sr":1,"ks":{"o":{"a":0,"k":100,"ix":11},"r":{"a":0,"k":0,"ix":10},"p":{"a":0,"k":[288,512,0],"ix":2},"a":{"a":0,"k":[288,512,0],"ix":1},"s":{"a":0,"k":[100,100,100],"ix":6}},"ao":0,"ip":18.6666666666667,"op":20,"st":18.6666666666667,"bm":0},{"ddd":0,"ind":16,"ty":2,"nm":"mmexport1591095154926_00015.png","cl":"png","refId":"image_15","sr":1,"ks":{"o":{"a":0,"k":100,"ix":11},"r":{"a":0,"k":0,"ix":10},"p":{"a":0,"k":[288,512,0],"ix":2},"a":{"a":0,"k":[288,512,0],"ix":1},"s":{"a":0,"k":[100,100,100],"ix":6}},"ao":0,"ip":20,"op":21.3333333333333,"st":20,"bm":0},{"ddd":0,"ind":17,"ty":2,"nm":"mmexport1591095154926_00016.png","cl":"png","refId":"image_16","sr":1,"ks":{"o":{"a":0,"k":100,"ix":11},"r":{"a":0,"k":0,"ix":10},"p":{"a":0,"k":[288,512,0],"ix":2},"a":{"a":0,"k":[288,512,0],"ix":1},"s":{"a":0,"k":[100,100,100],"ix":6}},"ao":0,"ip":21.3333333333333,"op":22.6666666666667,"st":21.3333333333333,"bm":0},{"ddd":0,"ind":18,"ty":2,"nm":"mmexport1591095154926_00017.png","cl":"png","refId":"image_17","sr":1,"ks":{"o":{"a":0,"k":100,"ix":11},"r":{"a":0,"k":0,"ix":10},"p":{"a":0,"k":[288,512,0],"ix":2},"a":{"a":0,"k":[288,512,0],"ix":1},"s":{"a":0,"k":[100,100,100],"ix":6}},"ao":0,"ip":22.6666666666667,"op":24,"st":22.6666666666667,"bm":0},{"ddd":0,"ind":19,"ty":2,"nm":"mmexport1591095154926_00018.png","cl":"png","refId":"image_18","sr":1,"ks":{"o":{"a":0,"k":100,"ix":11},"r":{"a":0,"k":0,"ix":10},"p":{"a":0,"k":[288,512,0],"ix":2},"a":{"a":0,"k":[288,512,0],"ix":1},"s":{"a":0,"k":[100,100,100],"ix":6}},"ao":0,"ip":24,"op":25.3333333333333,"st":24,"bm":0},{"ddd":0,"ind":20,"ty":2,"nm":"mmexport1591095154926_00019.png","cl":"png","refId":"image_19","sr":1,"ks":{"o":{"a":0,"k":100,"ix":11},"r":{"a":0,"k":0,"ix":10},"p":{"a":0,"k":[288,512,0],"ix":2},"a":{"a":0,"k":[288,512,0],"ix":1},"s":{"a":0,"k":[100,100,100],"ix":6}},"ao":0,"ip":25.3333333333333,"op":26.6666666666667,"st":25.3333333333333,"bm":0},{"ddd":0,"ind":21,"ty":2,"nm":"mmexport1591095154926_00020.png","cl":"png","refId":"image_20","sr":1,"ks":{"o":{"a":0,"k":100,"ix":11},"r":{"a":0,"k":0,"ix":10},"p":{"a":0,"k":[288,512,0],"ix":2},"a":{"a":0,"k":[288,512,0],"ix":1},"s":{"a":0,"k":[100,100,100],"ix":6}},"ao":0,"ip":26.6666666666667,"op":28,"st":26.6666666666667,"bm":0},{"ddd":0,"ind":22,"ty":2,"nm":"mmexport1591095154926_00021.png","cl":"png","refId":"image_21","sr":1,"ks":{"o":{"a":0,"k":100,"ix":11},"r":{"a":0,"k":0,"ix":10},"p":{"a":0,"k":[288,512,0],"ix":2},"a":{"a":0,"k":[288,512,0],"ix":1},"s":{"a":0,"k":[100,100,100],"ix":6}},"ao":0,"ip":28,"op":29.3333333333333,"st":28,"bm":0},{"ddd":0,"ind":23,"ty":2,"nm":"mmexport1591095154926_00022.png","cl":"png","refId":"image_22","sr":1,"ks":{"o":{"a":0,"k":100,"ix":11},"r":{"a":0,"k":0,"ix":10},"p":{"a":0,"k":[288,512,0],"ix":2},"a":{"a":0,"k":[288,512,0],"ix":1},"s":{"a":0,"k":[100,100,100],"ix":6}},"ao":0,"ip":29.3333333333333,"op":30.6666666666667,"st":29.3333333333333,"bm":0},{"ddd":0,"ind":24,"ty":2,"nm":"mmexport1591095154926_00023.png","cl":"png","refId":"image_23","sr":1,"ks":{"o":{"a":0,"k":100,"ix":11},"r":{"a":0,"k":0,"ix":10},"p":{"a":0,"k":[288,512,0],"ix":2},"a":{"a":0,"k":[288,512,0],"ix":1},"s":{"a":0,"k":[100,100,100],"ix":6}},"ao":0,"ip":30.6666666666667,"op":32,"st":30.6666666666667,"bm":0},{"ddd":0,"ind":25,"ty":2,"nm":"mmexport1591095154926_00024.png","cl":"png","refId":"image_24","sr":1,"ks":{"o":{"a":0,"k":100,"ix":11},"r":{"a":0,"k":0,"ix":10},"p":{"a":0,"k":[288,512,0],"ix":2},"a":{"a":0,"k":[288,512,0],"ix":1},"s":{"a":0,"k":[100,100,100],"ix":6}},"ao":0,"ip":32,"op":33.3333333333333,"st":32,"bm":0},{"ddd":0,"ind":26,"ty":2,"nm":"mmexport1591095154926_00025.png","cl":"png","refId":"image_25","sr":1,"ks":{"o":{"a":0,"k":100,"ix":11},"r":{"a":0,"k":0,"ix":10},"p":{"a":0,"k":[288,512,0],"ix":2},"a":{"a":0,"k":[288,512,0],"ix":1},"s":{"a":0,"k":[100,100,100],"ix":6}},"ao":0,"ip":33.3333333333333,"op":34.6666666666667,"st":33.3333333333333,"bm":0},{"ddd":0,"ind":27,"ty":2,"nm":"mmexport1591095154926_00026.png","cl":"png","refId":"image_26","sr":1,"ks":{"o":{"a":0,"k":100,"ix":11},"r":{"a":0,"k":0,"ix":10},"p":{"a":0,"k":[288,512,0],"ix":2},"a":{"a":0,"k":[288,512,0],"ix":1},"s":{"a":0,"k":[100,100,100],"ix":6}},"ao":0,"ip":34.6666666666667,"op":36,"st":34.6666666666667,"bm":0},{"ddd":0,"ind":28,"ty":2,"nm":"mmexport1591095154926_00027.png","cl":"png","refId":"image_27","sr":1,"ks":{"o":{"a":0,"k":100,"ix":11},"r":{"a":0,"k":0,"ix":10},"p":{"a":0,"k":[288,512,0],"ix":2},"a":{"a":0,"k":[288,512,0],"ix":1},"s":{"a":0,"k":[100,100,100],"ix":6}},"ao":0,"ip":36,"op":37.3333333333333,"st":36,"bm":0},{"ddd":0,"ind":29,"ty":2,"nm":"mmexport1591095154926_00028.png","cl":"png","refId":"image_28","sr":1,"ks":{"o":{"a":0,"k":100,"ix":11},"r":{"a":0,"k":0,"ix":10},"p":{"a":0,"k":[288,512,0],"ix":2},"a":{"a":0,"k":[288,512,0],"ix":1},"s":{"a":0,"k":[100,100,100],"ix":6}},"ao":0,"ip":37.3333333333333,"op":38.6666666666667,"st":37.3333333333333,"bm":0},{"ddd":0,"ind":30,"ty":2,"nm":"mmexport1591095154926_00029.png","cl":"png","refId":"image_29","sr":1,"ks":{"o":{"a":0,"k":100,"ix":11},"r":{"a":0,"k":0,"ix":10},"p":{"a":0,"k":[288,512,0],"ix":2},"a":{"a":0,"k":[288,512,0],"ix":1},"s":{"a":0,"k":[100,100,100],"ix":6}},"ao":0,"ip":38.6666666666667,"op":40,"st":38.6666666666667,"bm":0},{"ddd":0,"ind":31,"ty":2,"nm":"mmexport1591095154926_00030.png","cl":"png","refId":"image_30","sr":1,"ks":{"o":{"a":0,"k":100,"ix":11},"r":{"a":0,"k":0,"ix":10},"p":{"a":0,"k":[288,512,0],"ix":2},"a":{"a":0,"k":[288,512,0],"ix":1},"s":{"a":0,"k":[100,100,100],"ix":6}},"ao":0,"ip":40,"op":41.3333333333333,"st":40,"bm":0},{"ddd":0,"ind":32,"ty":2,"nm":"mmexport1591095154926_00031.png","cl":"png","refId":"image_31","sr":1,"ks":{"o":{"a":0,"k":100,"ix":11},"r":{"a":0,"k":0,"ix":10},"p":{"a":0,"k":[288,512,0],"ix":2},"a":{"a":0,"k":[288,512,0],"ix":1},"s":{"a":0,"k":[100,100,100],"ix":6}},"ao":0,"ip":41.3333333333333,"op":42.6666666666667,"st":41.3333333333333,"bm":0},{"ddd":0,"ind":33,"ty":2,"nm":"mmexport1591095154926_00032.png","cl":"png","refId":"image_32","sr":1,"ks":{"o":{"a":0,"k":100,"ix":11},"r":{"a":0,"k":0,"ix":10},"p":{"a":0,"k":[288,512,0],"ix":2},"a":{"a":0,"k":[288,512,0],"ix":1},"s":{"a":0,"k":[100,100,100],"ix":6}},"ao":0,"ip":42.6666666666667,"op":44,"st":42.6666666666667,"bm":0},{"ddd":0,"ind":34,"ty":2,"nm":"mmexport1591095154926_00033.png","cl":"png","refId":"image_33","sr":1,"ks":{"o":{"a":0,"k":100,"ix":11},"r":{"a":0,"k":0,"ix":10},"p":{"a":0,"k":[288,512,0],"ix":2},"a":{"a":0,"k":[288,512,0],"ix":1},"s":{"a":0,"k":[100,100,100],"ix":6}},"ao":0,"ip":44,"op":45.3333333333333,"st":44,"bm":0},{"ddd":0,"ind":35,"ty":2,"nm":"mmexport1591095154926_00034.png","cl":"png","refId":"image_34","sr":1,"ks":{"o":{"a":0,"k":100,"ix":11},"r":{"a":0,"k":0,"ix":10},"p":{"a":0,"k":[288,512,0],"ix":2},"a":{"a":0,"k":[288,512,0],"ix":1},"s":{"a":0,"k":[100,100,100],"ix":6}},"ao":0,"ip":45.3333333333333,"op":46.6666666666667,"st":45.3333333333333,"bm":0},{"ddd":0,"ind":36,"ty":2,"nm":"mmexport1591095154926_00035.png","cl":"png","refId":"image_35","sr":1,"ks":{"o":{"a":0,"k":100,"ix":11},"r":{"a":0,"k":0,"ix":10},"p":{"a":0,"k":[288,512,0],"ix":2},"a":{"a":0,"k":[288,512,0],"ix":1},"s":{"a":0,"k":[100,100,100],"ix":6}},"ao":0,"ip":46.6666666666667,"op":48,"st":46.6666666666667,"bm":0},{"ddd":0,"ind":37,"ty":2,"nm":"mmexport1591095154926_00036.png","cl":"png","refId":"image_36","sr":1,"ks":{"o":{"a":0,"k":100,"ix":11},"r":{"a":0,"k":0,"ix":10},"p":{"a":0,"k":[288,512,0],"ix":2},"a":{"a":0,"k":[288,512,0],"ix":1},"s":{"a":0,"k":[100,100,100],"ix":6}},"ao":0,"ip":48,"op":49.3333333333333,"st":48,"bm":0},{"ddd":0,"ind":38,"ty":2,"nm":"mmexport1591095154926_00037.png","cl":"png","refId":"image_37","sr":1,"ks":{"o":{"a":0,"k":100,"ix":11},"r":{"a":0,"k":0,"ix":10},"p":{"a":0,"k":[288,512,0],"ix":2},"a":{"a":0,"k":[288,512,0],"ix":1},"s":{"a":0,"k":[100,100,100],"ix":6}},"ao":0,"ip":49.3333333333333,"op":50.6666666666667,"st":49.3333333333333,"bm":0},{"ddd":0,"ind":39,"ty":2,"nm":"mmexport1591095154926_00038.png","cl":"png","refId":"image_38","sr":1,"ks":{"o":{"a":0,"k":100,"ix":11},"r":{"a":0,"k":0,"ix":10},"p":{"a":0,"k":[288,512,0],"ix":2},"a":{"a":0,"k":[288,512,0],"ix":1},"s":{"a":0,"k":[100,100,100],"ix":6}},"ao":0,"ip":50.6666666666667,"op":52,"st":50.6666666666667,"bm":0},{"ddd":0,"ind":40,"ty":2,"nm":"mmexport1591095154926_00039.png","cl":"png","refId":"image_39","sr":1,"ks":{"o":{"a":0,"k":100,"ix":11},"r":{"a":0,"k":0,"ix":10},"p":{"a":0,"k":[288,512,0],"ix":2},"a":{"a":0,"k":[288,512,0],"ix":1},"s":{"a":0,"k":[100,100,100],"ix":6}},"ao":0,"ip":52,"op":53.3333333333333,"st":52,"bm":0},{"ddd":0,"ind":41,"ty":2,"nm":"mmexport1591095154926_00040.png","cl":"png","refId":"image_40","sr":1,"ks":{"o":{"a":0,"k":100,"ix":11},"r":{"a":0,"k":0,"ix":10},"p":{"a":0,"k":[288,512,0],"ix":2},"a":{"a":0,"k":[288,512,0],"ix":1},"s":{"a":0,"k":[100,100,100],"ix":6}},"ao":0,"ip":53.3333333333333,"op":54.6666666666667,"st":53.3333333333333,"bm":0},{"ddd":0,"ind":42,"ty":2,"nm":"mmexport1591095154926_00041.png","cl":"png","refId":"image_41","sr":1,"ks":{"o":{"a":0,"k":100,"ix":11},"r":{"a":0,"k":0,"ix":10},"p":{"a":0,"k":[288,512,0],"ix":2},"a":{"a":0,"k":[288,512,0],"ix":1},"s":{"a":0,"k":[100,100,100],"ix":6}},"ao":0,"ip":54.6666666666667,"op":56,"st":54.6666666666667,"bm":0},{"ddd":0,"ind":43,"ty":2,"nm":"mmexport1591095154926_00042.png","cl":"png","refId":"image_42","sr":1,"ks":{"o":{"a":0,"k":100,"ix":11},"r":{"a":0,"k":0,"ix":10},"p":{"a":0,"k":[288,512,0],"ix":2},"a":{"a":0,"k":[288,512,0],"ix":1},"s":{"a":0,"k":[100,100,100],"ix":6}},"ao":0,"ip":56,"op":57.3333333333333,"st":56,"bm":0},{"ddd":0,"ind":44,"ty":2,"nm":"mmexport1591095154926_00043.png","cl":"png","refId":"image_43","sr":1,"ks":{"o":{"a":0,"k":100,"ix":11},"r":{"a":0,"k":0,"ix":10},"p":{"a":0,"k":[288,512,0],"ix":2},"a":{"a":0,"k":[288,512,0],"ix":1},"s":{"a":0,"k":[100,100,100],"ix":6}},"ao":0,"ip":57.3333333333333,"op":58.6666666666667,"st":57.3333333333333,"bm":0},{"ddd":0,"ind":45,"ty":2,"nm":"mmexport1591095154926_00044.png","cl":"png","refId":"image_44","sr":1,"ks":{"o":{"a":0,"k":100,"ix":11},"r":{"a":0,"k":0,"ix":10},"p":{"a":0,"k":[288,512,0],"ix":2},"a":{"a":0,"k":[288,512,0],"ix":1},"s":{"a":0,"k":[100,100,100],"ix":6}},"ao":0,"ip":58.6666666666667,"op":60,"st":58.6666666666667,"bm":0},{"ddd":0,"ind":46,"ty":2,"nm":"mmexport1591095154926_00045.png","cl":"png","refId":"image_45","sr":1,"ks":{"o":{"a":0,"k":100,"ix":11},"r":{"a":0,"k":0,"ix":10},"p":{"a":0,"k":[288,512,0],"ix":2},"a":{"a":0,"k":[288,512,0],"ix":1},"s":{"a":0,"k":[100,100,100],"ix":6}},"ao":0,"ip":60,"op":61.3333333333333,"st":60,"bm":0},{"ddd":0,"ind":47,"ty":2,"nm":"mmexport1591095154926_00046.png","cl":"png","refId":"image_46","sr":1,"ks":{"o":{"a":0,"k":100,"ix":11},"r":{"a":0,"k":0,"ix":10},"p":{"a":0,"k":[288,512,0],"ix":2},"a":{"a":0,"k":[288,512,0],"ix":1},"s":{"a":0,"k":[100,100,100],"ix":6}},"ao":0,"ip":61.3333333333333,"op":62.6666666666667,"st":61.3333333333333,"bm":0},{"ddd":0,"ind":48,"ty":2,"nm":"mmexport1591095154926_00047.png","cl":"png","refId":"image_47","sr":1,"ks":{"o":{"a":0,"k":100,"ix":11},"r":{"a":0,"k":0,"ix":10},"p":{"a":0,"k":[288,512,0],"ix":2},"a":{"a":0,"k":[288,512,0],"ix":1},"s":{"a":0,"k":[100,100,100],"ix":6}},"ao":0,"ip":62.6666666666667,"op":64,"st":62.6666666666667,"bm":0},{"ddd":0,"ind":49,"ty":2,"nm":"mmexport1591095154926_00048.png","cl":"png","refId":"image_48","sr":1,"ks":{"o":{"a":0,"k":100,"ix":11},"r":{"a":0,"k":0,"ix":10},"p":{"a":0,"k":[288,512,0],"ix":2},"a":{"a":0,"k":[288,512,0],"ix":1},"s":{"a":0,"k":[100,100,100],"ix":6}},"ao":0,"ip":64,"op":65.3333333333333,"st":64,"bm":0},{"ddd":0,"ind":50,"ty":2,"nm":"mmexport1591095154926_00049.png","cl":"png","refId":"image_49","sr":1,"ks":{"o":{"a":0,"k":100,"ix":11},"r":{"a":0,"k":0,"ix":10},"p":{"a":0,"k":[288,512,0],"ix":2},"a":{"a":0,"k":[288,512,0],"ix":1},"s":{"a":0,"k":[100,100,100],"ix":6}},"ao":0,"ip":65.3333333333333,"op":66.6666666666667,"st":65.3333333333333,"bm":0},{"ddd":0,"ind":51,"ty":2,"nm":"mmexport1591095154926_00050.png","cl":"png","refId":"image_50","sr":1,"ks":{"o":{"a":0,"k":100,"ix":11},"r":{"a":0,"k":0,"ix":10},"p":{"a":0,"k":[288,512,0],"ix":2},"a":{"a":0,"k":[288,512,0],"ix":1},"s":{"a":0,"k":[100,100,100],"ix":6}},"ao":0,"ip":66.6666666666667,"op":68,"st":66.6666666666667,"bm":0},{"ddd":0,"ind":52,"ty":2,"nm":"mmexport1591095154926_00051.png","cl":"png","refId":"image_51","sr":1,"ks":{"o":{"a":0,"k":100,"ix":11},"r":{"a":0,"k":0,"ix":10},"p":{"a":0,"k":[288,512,0],"ix":2},"a":{"a":0,"k":[288,512,0],"ix":1},"s":{"a":0,"k":[100,100,100],"ix":6}},"ao":0,"ip":68,"op":69.3333333333333,"st":68,"bm":0},{"ddd":0,"ind":53,"ty":2,"nm":"mmexport1591095154926_00052.png","cl":"png","refId":"image_52","sr":1,"ks":{"o":{"a":0,"k":100,"ix":11},"r":{"a":0,"k":0,"ix":10},"p":{"a":0,"k":[288,512,0],"ix":2},"a":{"a":0,"k":[288,512,0],"ix":1},"s":{"a":0,"k":[100,100,100],"ix":6}},"ao":0,"ip":69.3333333333333,"op":70.6666666666667,"st":69.3333333333333,"bm":0},{"ddd":0,"ind":54,"ty":2,"nm":"mmexport1591095154926_00053.png","cl":"png","refId":"image_53","sr":1,"ks":{"o":{"a":0,"k":100,"ix":11},"r":{"a":0,"k":0,"ix":10},"p":{"a":0,"k":[288,512,0],"ix":2},"a":{"a":0,"k":[288,512,0],"ix":1},"s":{"a":0,"k":[100,100,100],"ix":6}},"ao":0,"ip":70.6666666666667,"op":72,"st":70.6666666666667,"bm":0},{"ddd":0,"ind":55,"ty":2,"nm":"mmexport1591095154926_00054.png","cl":"png","refId":"image_54","sr":1,"ks":{"o":{"a":0,"k":100,"ix":11},"r":{"a":0,"k":0,"ix":10},"p":{"a":0,"k":[288,512,0],"ix":2},"a":{"a":0,"k":[288,512,0],"ix":1},"s":{"a":0,"k":[100,100,100],"ix":6}},"ao":0,"ip":72,"op":73.3333333333333,"st":72,"bm":0},{"ddd":0,"ind":56,"ty":2,"nm":"mmexport1591095154926_00055.png","cl":"png","refId":"image_55","sr":1,"ks":{"o":{"a":0,"k":100,"ix":11},"r":{"a":0,"k":0,"ix":10},"p":{"a":0,"k":[288,512,0],"ix":2},"a":{"a":0,"k":[288,512,0],"ix":1},"s":{"a":0,"k":[100,100,100],"ix":6}},"ao":0,"ip":73.3333333333333,"op":74.6666666666667,"st":73.3333333333333,"bm":0},{"ddd":0,"ind":57,"ty":2,"nm":"mmexport1591095154926_00056.png","cl":"png","refId":"image_56","sr":1,"ks":{"o":{"a":0,"k":100,"ix":11},"r":{"a":0,"k":0,"ix":10},"p":{"a":0,"k":[288,512,0],"ix":2},"a":{"a":0,"k":[288,512,0],"ix":1},"s":{"a":0,"k":[100,100,100],"ix":6}},"ao":0,"ip":74.6666666666667,"op":76,"st":74.6666666666667,"bm":0},{"ddd":0,"ind":58,"ty":2,"nm":"mmexport1591095154926_00057.png","cl":"png","refId":"image_57","sr":1,"ks":{"o":{"a":0,"k":100,"ix":11},"r":{"a":0,"k":0,"ix":10},"p":{"a":0,"k":[288,512,0],"ix":2},"a":{"a":0,"k":[288,512,0],"ix":1},"s":{"a":0,"k":[100,100,100],"ix":6}},"ao":0,"ip":76,"op":77.3333333333333,"st":76,"bm":0},{"ddd":0,"ind":59,"ty":2,"nm":"mmexport1591095154926_00058.png","cl":"png","refId":"image_58","sr":1,"ks":{"o":{"a":0,"k":100,"ix":11},"r":{"a":0,"k":0,"ix":10},"p":{"a":0,"k":[288,512,0],"ix":2},"a":{"a":0,"k":[288,512,0],"ix":1},"s":{"a":0,"k":[100,100,100],"ix":6}},"ao":0,"ip":77.3333333333333,"op":78.6666666666667,"st":77.3333333333333,"bm":0},{"ddd":0,"ind":60,"ty":2,"nm":"mmexport1591095154926_00059.png","cl":"png","refId":"image_59","sr":1,"ks":{"o":{"a":0,"k":100,"ix":11},"r":{"a":0,"k":0,"ix":10},"p":{"a":0,"k":[288,512,0],"ix":2},"a":{"a":0,"k":[288,512,0],"ix":1},"s":{"a":0,"k":[100,100,100],"ix":6}},"ao":0,"ip":78.6666666666667,"op":80,"st":78.6666666666667,"bm":0},{"ddd":0,"ind":61,"ty":2,"nm":"mmexport1591095154926_00060.png","cl":"png","refId":"image_60","sr":1,"ks":{"o":{"a":0,"k":100,"ix":11},"r":{"a":0,"k":0,"ix":10},"p":{"a":0,"k":[288,512,0],"ix":2},"a":{"a":0,"k":[288,512,0],"ix":1},"s":{"a":0,"k":[100,100,100],"ix":6}},"ao":0,"ip":80,"op":81.3333333333333,"st":80,"bm":0},{"ddd":0,"ind":62,"ty":2,"nm":"mmexport1591095154926_00061.png","cl":"png","refId":"image_61","sr":1,"ks":{"o":{"a":0,"k":100,"ix":11},"r":{"a":0,"k":0,"ix":10},"p":{"a":0,"k":[288,512,0],"ix":2},"a":{"a":0,"k":[288,512,0],"ix":1},"s":{"a":0,"k":[100,100,100],"ix":6}},"ao":0,"ip":81.3333333333333,"op":82.6666666666667,"st":81.3333333333333,"bm":0},{"ddd":0,"ind":63,"ty":2,"nm":"mmexport1591095154926_00062.png","cl":"png","refId":"image_62","sr":1,"ks":{"o":{"a":0,"k":100,"ix":11},"r":{"a":0,"k":0,"ix":10},"p":{"a":0,"k":[288,512,0],"ix":2},"a":{"a":0,"k":[288,512,0],"ix":1},"s":{"a":0,"k":[100,100,100],"ix":6}},"ao":0,"ip":82.6666666666667,"op":84,"st":82.6666666666667,"bm":0},{"ddd":0,"ind":64,"ty":2,"nm":"mmexport1591095154926_00063.png","cl":"png","refId":"image_63","sr":1,"ks":{"o":{"a":0,"k":100,"ix":11},"r":{"a":0,"k":0,"ix":10},"p":{"a":0,"k":[288,512,0],"ix":2},"a":{"a":0,"k":[288,512,0],"ix":1},"s":{"a":0,"k":[100,100,100],"ix":6}},"ao":0,"ip":84,"op":85.3333333333333,"st":84,"bm":0},{"ddd":0,"ind":65,"ty":2,"nm":"mmexport1591095154926_00064.png","cl":"png","refId":"image_64","sr":1,"ks":{"o":{"a":0,"k":100,"ix":11},"r":{"a":0,"k":0,"ix":10},"p":{"a":0,"k":[288,512,0],"ix":2},"a":{"a":0,"k":[288,512,0],"ix":1},"s":{"a":0,"k":[100,100,100],"ix":6}},"ao":0,"ip":85.3333333333333,"op":86.6666666666667,"st":85.3333333333333,"bm":0},{"ddd":0,"ind":66,"ty":2,"nm":"mmexport1591095154926_00065.png","cl":"png","refId":"image_65","sr":1,"ks":{"o":{"a":0,"k":100,"ix":11},"r":{"a":0,"k":0,"ix":10},"p":{"a":0,"k":[288,512,0],"ix":2},"a":{"a":0,"k":[288,512,0],"ix":1},"s":{"a":0,"k":[100,100,100],"ix":6}},"ao":0,"ip":86.6666666666667,"op":88,"st":86.6666666666667,"bm":0},{"ddd":0,"ind":67,"ty":2,"nm":"mmexport1591095154926_00066.png","cl":"png","refId":"image_66","sr":1,"ks":{"o":{"a":0,"k":100,"ix":11},"r":{"a":0,"k":0,"ix":10},"p":{"a":0,"k":[288,512,0],"ix":2},"a":{"a":0,"k":[288,512,0],"ix":1},"s":{"a":0,"k":[100,100,100],"ix":6}},"ao":0,"ip":88,"op":89.3333333333333,"st":88,"bm":0},{"ddd":0,"ind":68,"ty":2,"nm":"mmexport1591095154926_00067.png","cl":"png","refId":"image_67","sr":1,"ks":{"o":{"a":0,"k":100,"ix":11},"r":{"a":0,"k":0,"ix":10},"p":{"a":0,"k":[288,512,0],"ix":2},"a":{"a":0,"k":[288,512,0],"ix":1},"s":{"a":0,"k":[100,100,100],"ix":6}},"ao":0,"ip":89.3333333333333,"op":90.6666666666667,"st":89.3333333333333,"bm":0},{"ddd":0,"ind":69,"ty":2,"nm":"mmexport1591095154926_00068.png","cl":"png","refId":"image_68","sr":1,"ks":{"o":{"a":0,"k":100,"ix":11},"r":{"a":0,"k":0,"ix":10},"p":{"a":0,"k":[288,512,0],"ix":2},"a":{"a":0,"k":[288,512,0],"ix":1},"s":{"a":0,"k":[100,100,100],"ix":6}},"ao":0,"ip":90.6666666666667,"op":92,"st":90.6666666666667,"bm":0},{"ddd":0,"ind":70,"ty":2,"nm":"mmexport1591095154926_00069.png","cl":"png","refId":"image_69","sr":1,"ks":{"o":{"a":0,"k":100,"ix":11},"r":{"a":0,"k":0,"ix":10},"p":{"a":0,"k":[288,512,0],"ix":2},"a":{"a":0,"k":[288,512,0],"ix":1},"s":{"a":0,"k":[100,100,100],"ix":6}},"ao":0,"ip":92,"op":93.3333333333333,"st":92,"bm":0},{"ddd":0,"ind":71,"ty":2,"nm":"mmexport1591095154926_00070.png","cl":"png","refId":"image_70","sr":1,"ks":{"o":{"a":0,"k":100,"ix":11},"r":{"a":0,"k":0,"ix":10},"p":{"a":0,"k":[288,512,0],"ix":2},"a":{"a":0,"k":[288,512,0],"ix":1},"s":{"a":0,"k":[100,100,100],"ix":6}},"ao":0,"ip":93.3333333333333,"op":94.6666666666667,"st":93.3333333333333,"bm":0},{"ddd":0,"ind":72,"ty":2,"nm":"mmexport1591095154926_00071.png","cl":"png","refId":"image_71","sr":1,"ks":{"o":{"a":0,"k":100,"ix":11},"r":{"a":0,"k":0,"ix":10},"p":{"a":0,"k":[288,512,0],"ix":2},"a":{"a":0,"k":[288,512,0],"ix":1},"s":{"a":0,"k":[100,100,100],"ix":6}},"ao":0,"ip":94.6666666666667,"op":96,"st":94.6666666666667,"bm":0},{"ddd":0,"ind":73,"ty":2,"nm":"mmexport1591095154926_00072.png","cl":"png","refId":"image_72","sr":1,"ks":{"o":{"a":0,"k":100,"ix":11},"r":{"a":0,"k":0,"ix":10},"p":{"a":0,"k":[288,512,0],"ix":2},"a":{"a":0,"k":[288,512,0],"ix":1},"s":{"a":0,"k":[100,100,100],"ix":6}},"ao":0,"ip":96,"op":97.3333333333333,"st":96,"bm":0},{"ddd":0,"ind":74,"ty":2,"nm":"mmexport1591095154926_00073.png","cl":"png","refId":"image_73","sr":1,"ks":{"o":{"a":0,"k":100,"ix":11},"r":{"a":0,"k":0,"ix":10},"p":{"a":0,"k":[288,512,0],"ix":2},"a":{"a":0,"k":[288,512,0],"ix":1},"s":{"a":0,"k":[100,100,100],"ix":6}},"ao":0,"ip":97.3333333333333,"op":98.6666666666667,"st":97.3333333333333,"bm":0},{"ddd":0,"ind":75,"ty":2,"nm":"mmexport1591095154926_00074.png","cl":"png","refId":"image_74","sr":1,"ks":{"o":{"a":0,"k":100,"ix":11},"r":{"a":0,"k":0,"ix":10},"p":{"a":0,"k":[288,512,0],"ix":2},"a":{"a":0,"k":[288,512,0],"ix":1},"s":{"a":0,"k":[100,100,100],"ix":6}},"ao":0,"ip":98.6666666666667,"op":100,"st":98.6666666666667,"bm":0},{"ddd":0,"ind":76,"ty":2,"nm":"mmexport1591095154926_00075.png","cl":"png","refId":"image_75","sr":1,"ks":{"o":{"a":0,"k":100,"ix":11},"r":{"a":0,"k":0,"ix":10},"p":{"a":0,"k":[288,512,0],"ix":2},"a":{"a":0,"k":[288,512,0],"ix":1},"s":{"a":0,"k":[100,100,100],"ix":6}},"ao":0,"ip":100,"op":101.333333333333,"st":100,"bm":0},{"ddd":0,"ind":77,"ty":2,"nm":"mmexport1591095154926_00076.png","cl":"png","refId":"image_76","sr":1,"ks":{"o":{"a":0,"k":100,"ix":11},"r":{"a":0,"k":0,"ix":10},"p":{"a":0,"k":[288,512,0],"ix":2},"a":{"a":0,"k":[288,512,0],"ix":1},"s":{"a":0,"k":[100,100,100],"ix":6}},"ao":0,"ip":101.333333333333,"op":102.666666666667,"st":101.333333333333,"bm":0},{"ddd":0,"ind":78,"ty":2,"nm":"mmexport1591095154926_00077.png","cl":"png","refId":"image_77","sr":1,"ks":{"o":{"a":0,"k":100,"ix":11},"r":{"a":0,"k":0,"ix":10},"p":{"a":0,"k":[288,512,0],"ix":2},"a":{"a":0,"k":[288,512,0],"ix":1},"s":{"a":0,"k":[100,100,100],"ix":6}},"ao":0,"ip":102.666666666667,"op":104,"st":102.666666666667,"bm":0},{"ddd":0,"ind":79,"ty":2,"nm":"mmexport1591095154926_00078.png","cl":"png","refId":"image_78","sr":1,"ks":{"o":{"a":0,"k":100,"ix":11},"r":{"a":0,"k":0,"ix":10},"p":{"a":0,"k":[288,512,0],"ix":2},"a":{"a":0,"k":[288,512,0],"ix":1},"s":{"a":0,"k":[100,100,100],"ix":6}},"ao":0,"ip":104,"op":105.333333333333,"st":104,"bm":0},{"ddd":0,"ind":80,"ty":2,"nm":"mmexport1591095154926_00079.png","cl":"png","refId":"image_79","sr":1,"ks":{"o":{"a":0,"k":100,"ix":11},"r":{"a":0,"k":0,"ix":10},"p":{"a":0,"k":[288,512,0],"ix":2},"a":{"a":0,"k":[288,512,0],"ix":1},"s":{"a":0,"k":[100,100,100],"ix":6}},"ao":0,"ip":105.333333333333,"op":106.666666666667,"st":105.333333333333,"bm":0},{"ddd":0,"ind":81,"ty":2,"nm":"mmexport1591095154926_00080.png","cl":"png","refId":"image_80","sr":1,"ks":{"o":{"a":0,"k":100,"ix":11},"r":{"a":0,"k":0,"ix":10},"p":{"a":0,"k":[288,512,0],"ix":2},"a":{"a":0,"k":[288,512,0],"ix":1},"s":{"a":0,"k":[100,100,100],"ix":6}},"ao":0,"ip":106.666666666667,"op":108,"st":106.666666666667,"bm":0},{"ddd":0,"ind":82,"ty":2,"nm":"mmexport1591095154926_00081.png","cl":"png","refId":"image_81","sr":1,"ks":{"o":{"a":0,"k":100,"ix":11},"r":{"a":0,"k":0,"ix":10},"p":{"a":0,"k":[288,512,0],"ix":2},"a":{"a":0,"k":[288,512,0],"ix":1},"s":{"a":0,"k":[100,100,100],"ix":6}},"ao":0,"ip":108,"op":109.333333333333,"st":108,"bm":0},{"ddd":0,"ind":83,"ty":2,"nm":"mmexport1591095154926_00082.png","cl":"png","refId":"image_82","sr":1,"ks":{"o":{"a":0,"k":100,"ix":11},"r":{"a":0,"k":0,"ix":10},"p":{"a":0,"k":[288,512,0],"ix":2},"a":{"a":0,"k":[288,512,0],"ix":1},"s":{"a":0,"k":[100,100,100],"ix":6}},"ao":0,"ip":109.333333333333,"op":110.666666666667,"st":109.333333333333,"bm":0},{"ddd":0,"ind":84,"ty":2,"nm":"mmexport1591095154926_00083.png","cl":"png","refId":"image_83","sr":1,"ks":{"o":{"a":0,"k":100,"ix":11},"r":{"a":0,"k":0,"ix":10},"p":{"a":0,"k":[288,512,0],"ix":2},"a":{"a":0,"k":[288,512,0],"ix":1},"s":{"a":0,"k":[100,100,100],"ix":6}},"ao":0,"ip":110.666666666667,"op":112,"st":110.666666666667,"bm":0},{"ddd":0,"ind":85,"ty":2,"nm":"mmexport1591095154926_00084.png","cl":"png","refId":"image_84","sr":1,"ks":{"o":{"a":0,"k":100,"ix":11},"r":{"a":0,"k":0,"ix":10},"p":{"a":0,"k":[288,512,0],"ix":2},"a":{"a":0,"k":[288,512,0],"ix":1},"s":{"a":0,"k":[100,100,100],"ix":6}},"ao":0,"ip":112,"op":113.333333333333,"st":112,"bm":0},{"ddd":0,"ind":86,"ty":2,"nm":"mmexport1591095154926_00085.png","cl":"png","refId":"image_85","sr":1,"ks":{"o":{"a":0,"k":100,"ix":11},"r":{"a":0,"k":0,"ix":10},"p":{"a":0,"k":[288,512,0],"ix":2},"a":{"a":0,"k":[288,512,0],"ix":1},"s":{"a":0,"k":[100,100,100],"ix":6}},"ao":0,"ip":113.333333333333,"op":114.666666666667,"st":113.333333333333,"bm":0},{"ddd":0,"ind":87,"ty":2,"nm":"mmexport1591095154926_00086.png","cl":"png","refId":"image_86","sr":1,"ks":{"o":{"a":0,"k":100,"ix":11},"r":{"a":0,"k":0,"ix":10},"p":{"a":0,"k":[288,512,0],"ix":2},"a":{"a":0,"k":[288,512,0],"ix":1},"s":{"a":0,"k":[100,100,100],"ix":6}},"ao":0,"ip":114.666666666667,"op":116,"st":114.666666666667,"bm":0},{"ddd":0,"ind":88,"ty":2,"nm":"mmexport1591095154926_00087.png","cl":"png","refId":"image_87","sr":1,"ks":{"o":{"a":0,"k":100,"ix":11},"r":{"a":0,"k":0,"ix":10},"p":{"a":0,"k":[288,512,0],"ix":2},"a":{"a":0,"k":[288,512,0],"ix":1},"s":{"a":0,"k":[100,100,100],"ix":6}},"ao":0,"ip":116,"op":117.333333333333,"st":116,"bm":0},{"ddd":0,"ind":89,"ty":2,"nm":"mmexport1591095154926_00088.png","cl":"png","refId":"image_88","sr":1,"ks":{"o":{"a":0,"k":100,"ix":11},"r":{"a":0,"k":0,"ix":10},"p":{"a":0,"k":[288,512,0],"ix":2},"a":{"a":0,"k":[288,512,0],"ix":1},"s":{"a":0,"k":[100,100,100],"ix":6}},"ao":0,"ip":117.333333333333,"op":118.666666666667,"st":117.333333333333,"bm":0},{"ddd":0,"ind":90,"ty":2,"nm":"mmexport1591095154926_00089.png","cl":"png","refId":"image_89","sr":1,"ks":{"o":{"a":0,"k":100,"ix":11},"r":{"a":0,"k":0,"ix":10},"p":{"a":0,"k":[288,512,0],"ix":2},"a":{"a":0,"k":[288,512,0],"ix":1},"s":{"a":0,"k":[100,100,100],"ix":6}},"ao":0,"ip":118.666666666667,"op":120,"st":118.666666666667,"bm":0},{"ddd":0,"ind":91,"ty":2,"nm":"mmexport1591095154926_00090.png","cl":"png","refId":"image_90","sr":1,"ks":{"o":{"a":0,"k":100,"ix":11},"r":{"a":0,"k":0,"ix":10},"p":{"a":0,"k":[288,512,0],"ix":2},"a":{"a":0,"k":[288,512,0],"ix":1},"s":{"a":0,"k":[100,100,100],"ix":6}},"ao":0,"ip":120,"op":121.333333333333,"st":120,"bm":0},{"ddd":0,"ind":92,"ty":2,"nm":"mmexport1591095154926_00091.png","cl":"png","refId":"image_91","sr":1,"ks":{"o":{"a":0,"k":100,"ix":11},"r":{"a":0,"k":0,"ix":10},"p":{"a":0,"k":[288,512,0],"ix":2},"a":{"a":0,"k":[288,512,0],"ix":1},"s":{"a":0,"k":[100,100,100],"ix":6}},"ao":0,"ip":121.333333333333,"op":122.666666666667,"st":121.333333333333,"bm":0},{"ddd":0,"ind":93,"ty":2,"nm":"mmexport1591095154926_00092.png","cl":"png","refId":"image_92","sr":1,"ks":{"o":{"a":0,"k":100,"ix":11},"r":{"a":0,"k":0,"ix":10},"p":{"a":0,"k":[288,512,0],"ix":2},"a":{"a":0,"k":[288,512,0],"ix":1},"s":{"a":0,"k":[100,100,100],"ix":6}},"ao":0,"ip":122.666666666667,"op":124,"st":122.666666666667,"bm":0},{"ddd":0,"ind":94,"ty":2,"nm":"mmexport1591095154926_00093.png","cl":"png","refId":"image_93","sr":1,"ks":{"o":{"a":0,"k":100,"ix":11},"r":{"a":0,"k":0,"ix":10},"p":{"a":0,"k":[288,512,0],"ix":2},"a":{"a":0,"k":[288,512,0],"ix":1},"s":{"a":0,"k":[100,100,100],"ix":6}},"ao":0,"ip":124,"op":125.333333333333,"st":124,"bm":0},{"ddd":0,"ind":95,"ty":2,"nm":"mmexport1591095154926_00094.png","cl":"png","refId":"image_94","sr":1,"ks":{"o":{"a":0,"k":100,"ix":11},"r":{"a":0,"k":0,"ix":10},"p":{"a":0,"k":[288,512,0],"ix":2},"a":{"a":0,"k":[288,512,0],"ix":1},"s":{"a":0,"k":[100,100,100],"ix":6}},"ao":0,"ip":125.333333333333,"op":126.666666666667,"st":125.333333333333,"bm":0},{"ddd":0,"ind":96,"ty":2,"nm":"mmexport1591095154926_00095.png","cl":"png","refId":"image_95","sr":1,"ks":{"o":{"a":0,"k":100,"ix":11},"r":{"a":0,"k":0,"ix":10},"p":{"a":0,"k":[288,512,0],"ix":2},"a":{"a":0,"k":[288,512,0],"ix":1},"s":{"a":0,"k":[100,100,100],"ix":6}},"ao":0,"ip":126.666666666667,"op":128,"st":126.666666666667,"bm":0},{"ddd":0,"ind":97,"ty":2,"nm":"mmexport1591095154926_00096.png","cl":"png","refId":"image_96","sr":1,"ks":{"o":{"a":0,"k":100,"ix":11},"r":{"a":0,"k":0,"ix":10},"p":{"a":0,"k":[288,512,0],"ix":2},"a":{"a":0,"k":[288,512,0],"ix":1},"s":{"a":0,"k":[100,100,100],"ix":6}},"ao":0,"ip":128,"op":129.333333333333,"st":128,"bm":0},{"ddd":0,"ind":98,"ty":2,"nm":"mmexport1591095154926_00097.png","cl":"png","refId":"image_97","sr":1,"ks":{"o":{"a":0,"k":100,"ix":11},"r":{"a":0,"k":0,"ix":10},"p":{"a":0,"k":[288,512,0],"ix":2},"a":{"a":0,"k":[288,512,0],"ix":1},"s":{"a":0,"k":[100,100,100],"ix":6}},"ao":0,"ip":129.333333333333,"op":130.666666666667,"st":129.333333333333,"bm":0},{"ddd":0,"ind":99,"ty":2,"nm":"mmexport1591095154926_00098.png","cl":"png","refId":"image_98","sr":1,"ks":{"o":{"a":0,"k":100,"ix":11},"r":{"a":0,"k":0,"ix":10},"p":{"a":0,"k":[288,512,0],"ix":2},"a":{"a":0,"k":[288,512,0],"ix":1},"s":{"a":0,"k":[100,100,100],"ix":6}},"ao":0,"ip":130.666666666667,"op":132,"st":130.666666666667,"bm":0},{"ddd":0,"ind":100,"ty":2,"nm":"mmexport1591095154926_00099.png","cl":"png","refId":"image_99","sr":1,"ks":{"o":{"a":0,"k":100,"ix":11},"r":{"a":0,"k":0,"ix":10},"p":{"a":0,"k":[288,512,0],"ix":2},"a":{"a":0,"k":[288,512,0],"ix":1},"s":{"a":0,"k":[100,100,100],"ix":6}},"ao":0,"ip":132,"op":133.333333333333,"st":132,"bm":0},{"ddd":0,"ind":101,"ty":2,"nm":"mmexport1591095154926_00100.png","cl":"png","refId":"image_100","sr":1,"ks":{"o":{"a":0,"k":100,"ix":11},"r":{"a":0,"k":0,"ix":10},"p":{"a":0,"k":[288,512,0],"ix":2},"a":{"a":0,"k":[288,512,0],"ix":1},"s":{"a":0,"k":[100,100,100],"ix":6}},"ao":0,"ip":133.333333333333,"op":134.666666666667,"st":133.333333333333,"bm":0},{"ddd":0,"ind":102,"ty":2,"nm":"mmexport1591095154926_00101.png","cl":"png","refId":"image_101","sr":1,"ks":{"o":{"a":0,"k":100,"ix":11},"r":{"a":0,"k":0,"ix":10},"p":{"a":0,"k":[288,512,0],"ix":2},"a":{"a":0,"k":[288,512,0],"ix":1},"s":{"a":0,"k":[100,100,100],"ix":6}},"ao":0,"ip":134.666666666667,"op":136,"st":134.666666666667,"bm":0},{"ddd":0,"ind":103,"ty":2,"nm":"mmexport1591095154926_00102.png","cl":"png","refId":"image_102","sr":1,"ks":{"o":{"a":0,"k":100,"ix":11},"r":{"a":0,"k":0,"ix":10},"p":{"a":0,"k":[288,512,0],"ix":2},"a":{"a":0,"k":[288,512,0],"ix":1},"s":{"a":0,"k":[100,100,100],"ix":6}},"ao":0,"ip":136,"op":137.333333333333,"st":136,"bm":0},{"ddd":0,"ind":104,"ty":2,"nm":"mmexport1591095154926_00103.png","cl":"png","refId":"image_103","sr":1,"ks":{"o":{"a":0,"k":100,"ix":11},"r":{"a":0,"k":0,"ix":10},"p":{"a":0,"k":[288,512,0],"ix":2},"a":{"a":0,"k":[288,512,0],"ix":1},"s":{"a":0,"k":[100,100,100],"ix":6}},"ao":0,"ip":137.333333333333,"op":138.666666666667,"st":137.333333333333,"bm":0},{"ddd":0,"ind":105,"ty":2,"nm":"mmexport1591095154926_00104.png","cl":"png","refId":"image_104","sr":1,"ks":{"o":{"a":0,"k":100,"ix":11},"r":{"a":0,"k":0,"ix":10},"p":{"a":0,"k":[288,512,0],"ix":2},"a":{"a":0,"k":[288,512,0],"ix":1},"s":{"a":0,"k":[100,100,100],"ix":6}},"ao":0,"ip":138.666666666667,"op":140,"st":138.666666666667,"bm":0},{"ddd":0,"ind":106,"ty":2,"nm":"mmexport1591095154926_00105.png","cl":"png","refId":"image_105","sr":1,"ks":{"o":{"a":0,"k":100,"ix":11},"r":{"a":0,"k":0,"ix":10},"p":{"a":0,"k":[288,512,0],"ix":2},"a":{"a":0,"k":[288,512,0],"ix":1},"s":{"a":0,"k":[100,100,100],"ix":6}},"ao":0,"ip":140,"op":141.333333333333,"st":140,"bm":0},{"ddd":0,"ind":107,"ty":2,"nm":"mmexport1591095154926_00106.png","cl":"png","refId":"image_106","sr":1,"ks":{"o":{"a":0,"k":100,"ix":11},"r":{"a":0,"k":0,"ix":10},"p":{"a":0,"k":[288,512,0],"ix":2},"a":{"a":0,"k":[288,512,0],"ix":1},"s":{"a":0,"k":[100,100,100],"ix":6}},"ao":0,"ip":141.333333333333,"op":142.666666666667,"st":141.333333333333,"bm":0},{"ddd":0,"ind":108,"ty":2,"nm":"mmexport1591095154926_00107.png","cl":"png","refId":"image_107","sr":1,"ks":{"o":{"a":0,"k":100,"ix":11},"r":{"a":0,"k":0,"ix":10},"p":{"a":0,"k":[288,512,0],"ix":2},"a":{"a":0,"k":[288,512,0],"ix":1},"s":{"a":0,"k":[100,100,100],"ix":6}},"ao":0,"ip":142.666666666667,"op":144,"st":142.666666666667,"bm":0},{"ddd":0,"ind":109,"ty":2,"nm":"mmexport1591095154926_00108.png","cl":"png","refId":"image_108","sr":1,"ks":{"o":{"a":0,"k":100,"ix":11},"r":{"a":0,"k":0,"ix":10},"p":{"a":0,"k":[288,512,0],"ix":2},"a":{"a":0,"k":[288,512,0],"ix":1},"s":{"a":0,"k":[100,100,100],"ix":6}},"ao":0,"ip":144,"op":145.333333333333,"st":144,"bm":0},{"ddd":0,"ind":110,"ty":2,"nm":"mmexport1591095154926_00109.png","cl":"png","refId":"image_109","sr":1,"ks":{"o":{"a":0,"k":100,"ix":11},"r":{"a":0,"k":0,"ix":10},"p":{"a":0,"k":[288,512,0],"ix":2},"a":{"a":0,"k":[288,512,0],"ix":1},"s":{"a":0,"k":[100,100,100],"ix":6}},"ao":0,"ip":145.333333333333,"op":146.666666666667,"st":145.333333333333,"bm":0},{"ddd":0,"ind":111,"ty":2,"nm":"mmexport1591095154926_00110.png","cl":"png","refId":"image_110","sr":1,"ks":{"o":{"a":0,"k":100,"ix":11},"r":{"a":0,"k":0,"ix":10},"p":{"a":0,"k":[288,512,0],"ix":2},"a":{"a":0,"k":[288,512,0],"ix":1},"s":{"a":0,"k":[100,100,100],"ix":6}},"ao":0,"ip":146.666666666667,"op":148,"st":146.666666666667,"bm":0},{"ddd":0,"ind":112,"ty":2,"nm":"mmexport1591095154926_00111.png","cl":"png","refId":"image_111","sr":1,"ks":{"o":{"a":0,"k":100,"ix":11},"r":{"a":0,"k":0,"ix":10},"p":{"a":0,"k":[288,512,0],"ix":2},"a":{"a":0,"k":[288,512,0],"ix":1},"s":{"a":0,"k":[100,100,100],"ix":6}},"ao":0,"ip":148,"op":149.333333333333,"st":148,"bm":0},{"ddd":0,"ind":113,"ty":2,"nm":"mmexport1591095154926_00112.png","cl":"png","refId":"image_112","sr":1,"ks":{"o":{"a":0,"k":100,"ix":11},"r":{"a":0,"k":0,"ix":10},"p":{"a":0,"k":[288,512,0],"ix":2},"a":{"a":0,"k":[288,512,0],"ix":1},"s":{"a":0,"k":[100,100,100],"ix":6}},"ao":0,"ip":149.333333333333,"op":150.666666666667,"st":149.333333333333,"bm":0},{"ddd":0,"ind":114,"ty":2,"nm":"mmexport1591095154926_00113.png","cl":"png","refId":"image_113","sr":1,"ks":{"o":{"a":0,"k":100,"ix":11},"r":{"a":0,"k":0,"ix":10},"p":{"a":0,"k":[288,512,0],"ix":2},"a":{"a":0,"k":[288,512,0],"ix":1},"s":{"a":0,"k":[100,100,100],"ix":6}},"ao":0,"ip":150.666666666667,"op":152,"st":150.666666666667,"bm":0},{"ddd":0,"ind":115,"ty":2,"nm":"mmexport1591095154926_00114.png","cl":"png","refId":"image_114","sr":1,"ks":{"o":{"a":0,"k":100,"ix":11},"r":{"a":0,"k":0,"ix":10},"p":{"a":0,"k":[288,512,0],"ix":2},"a":{"a":0,"k":[288,512,0],"ix":1},"s":{"a":0,"k":[100,100,100],"ix":6}},"ao":0,"ip":152,"op":153.333333333333,"st":152,"bm":0}],"markers":[]}