{"v":"5.6.6","fr":9,"ip":0,"op":134,"w":1036,"h":576,"nm":"mmexport1591052695065_00000","ddd":0,"assets":[{"id":"image_0","w":1036,"h":576,"u":"images/","p":"img_0.jpg","e":0},{"id":"image_1","w":1036,"h":576,"u":"images/","p":"img_1.jpg","e":0},{"id":"image_2","w":1036,"h":576,"u":"images/","p":"img_2.jpg","e":0},{"id":"image_3","w":1036,"h":576,"u":"images/","p":"img_3.jpg","e":0},{"id":"image_4","w":1036,"h":576,"u":"images/","p":"img_4.jpg","e":0},{"id":"image_5","w":1036,"h":576,"u":"images/","p":"img_5.jpg","e":0},{"id":"image_6","w":1036,"h":576,"u":"images/","p":"img_6.jpg","e":0},{"id":"image_7","w":1036,"h":576,"u":"images/","p":"img_7.jpg","e":0},{"id":"image_8","w":1036,"h":576,"u":"images/","p":"img_8.jpg","e":0},{"id":"image_9","w":1036,"h":576,"u":"images/","p":"img_9.jpg","e":0},{"id":"image_10","w":1036,"h":576,"u":"images/","p":"img_10.jpg","e":0},{"id":"image_11","w":1036,"h":576,"u":"images/","p":"img_11.jpg","e":0},{"id":"image_12","w":1036,"h":576,"u":"images/","p":"img_12.jpg","e":0},{"id":"image_13","w":1036,"h":576,"u":"images/","p":"img_13.jpg","e":0},{"id":"image_14","w":1036,"h":576,"u":"images/","p":"img_14.jpg","e":0},{"id":"image_15","w":1036,"h":576,"u":"images/","p":"img_15.jpg","e":0},{"id":"image_16","w":1036,"h":576,"u":"images/","p":"img_16.jpg","e":0},{"id":"image_17","w":1036,"h":576,"u":"images/","p":"img_17.jpg","e":0},{"id":"image_18","w":1036,"h":576,"u":"images/","p":"img_18.jpg","e":0},{"id":"image_19","w":1036,"h":576,"u":"images/","p":"img_19.jpg","e":0},{"id":"image_20","w":1036,"h":576,"u":"images/","p":"img_20.jpg","e":0},{"id":"image_21","w":1036,"h":576,"u":"images/","p":"img_21.jpg","e":0},{"id":"image_22","w":1036,"h":576,"u":"images/","p":"img_22.jpg","e":0},{"id":"image_23","w":1036,"h":576,"u":"images/","p":"img_23.jpg","e":0},{"id":"image_24","w":1036,"h":576,"u":"images/","p":"img_24.jpg","e":0},{"id":"image_25","w":1036,"h":576,"u":"images/","p":"img_25.jpg","e":0},{"id":"image_26","w":1036,"h":576,"u":"images/","p":"img_26.jpg","e":0},{"id":"image_27","w":1036,"h":576,"u":"images/","p":"img_27.jpg","e":0},{"id":"image_28","w":1036,"h":576,"u":"images/","p":"img_28.jpg","e":0},{"id":"image_29","w":1036,"h":576,"u":"images/","p":"img_29.jpg","e":0},{"id":"image_30","w":1036,"h":576,"u":"images/","p":"img_30.jpg","e":0},{"id":"image_31","w":1036,"h":576,"u":"images/","p":"img_31.jpg","e":0},{"id":"image_32","w":1036,"h":576,"u":"images/","p":"img_32.jpg","e":0},{"id":"image_33","w":1036,"h":576,"u":"images/","p":"img_33.jpg","e":0},{"id":"image_34","w":1036,"h":576,"u":"images/","p":"img_34.jpg","e":0},{"id":"image_35","w":1036,"h":576,"u":"images/","p":"img_35.jpg","e":0},{"id":"image_36","w":1036,"h":576,"u":"images/","p":"img_36.jpg","e":0},{"id":"image_37","w":1036,"h":576,"u":"images/","p":"img_37.jpg","e":0},{"id":"image_38","w":1036,"h":576,"u":"images/","p":"img_38.jpg","e":0},{"id":"image_39","w":1036,"h":576,"u":"images/","p":"img_39.jpg","e":0},{"id":"image_40","w":1036,"h":576,"u":"images/","p":"img_40.jpg","e":0},{"id":"image_41","w":1036,"h":576,"u":"images/","p":"img_41.jpg","e":0},{"id":"image_42","w":1036,"h":576,"u":"images/","p":"img_42.jpg","e":0},{"id":"image_43","w":1036,"h":576,"u":"images/","p":"img_43.jpg","e":0},{"id":"image_44","w":1036,"h":576,"u":"images/","p":"img_44.jpg","e":0},{"id":"image_45","w":1036,"h":576,"u":"images/","p":"img_45.jpg","e":0},{"id":"image_46","w":1036,"h":576,"u":"images/","p":"img_46.jpg","e":0},{"id":"image_47","w":1036,"h":576,"u":"images/","p":"img_47.jpg","e":0},{"id":"image_48","w":1036,"h":576,"u":"images/","p":"img_48.jpg","e":0},{"id":"image_49","w":1036,"h":576,"u":"images/","p":"img_49.jpg","e":0},{"id":"image_50","w":1036,"h":576,"u":"images/","p":"img_50.jpg","e":0},{"id":"image_51","w":1036,"h":576,"u":"images/","p":"img_51.jpg","e":0},{"id":"image_52","w":1036,"h":576,"u":"images/","p":"img_52.jpg","e":0},{"id":"image_53","w":1036,"h":576,"u":"images/","p":"img_53.jpg","e":0},{"id":"image_54","w":1036,"h":576,"u":"images/","p":"img_54.jpg","e":0},{"id":"image_55","w":1036,"h":576,"u":"images/","p":"img_55.jpg","e":0},{"id":"image_56","w":1036,"h":576,"u":"images/","p":"img_56.jpg","e":0},{"id":"image_57","w":1036,"h":576,"u":"images/","p":"img_57.jpg","e":0},{"id":"image_58","w":1036,"h":576,"u":"images/","p":"img_58.jpg","e":0},{"id":"image_59","w":1036,"h":576,"u":"images/","p":"img_59.jpg","e":0},{"id":"image_60","w":1036,"h":576,"u":"images/","p":"img_60.jpg","e":0},{"id":"image_61","w":1036,"h":576,"u":"images/","p":"img_61.jpg","e":0},{"id":"image_62","w":1036,"h":576,"u":"images/","p":"img_62.jpg","e":0},{"id":"image_63","w":1036,"h":576,"u":"images/","p":"img_63.jpg","e":0},{"id":"image_64","w":1036,"h":576,"u":"images/","p":"img_64.jpg","e":0},{"id":"image_65","w":1036,"h":576,"u":"images/","p":"img_65.jpg","e":0},{"id":"image_66","w":1036,"h":576,"u":"images/","p":"img_66.jpg","e":0},{"id":"image_67","w":1036,"h":576,"u":"images/","p":"img_67.jpg","e":0},{"id":"image_68","w":1036,"h":576,"u":"images/","p":"img_68.jpg","e":0},{"id":"image_69","w":1036,"h":576,"u":"images/","p":"img_69.jpg","e":0},{"id":"image_70","w":1036,"h":576,"u":"images/","p":"img_70.jpg","e":0},{"id":"image_71","w":1036,"h":576,"u":"images/","p":"img_71.jpg","e":0},{"id":"image_72","w":1036,"h":576,"u":"images/","p":"img_72.jpg","e":0},{"id":"image_73","w":1036,"h":576,"u":"images/","p":"img_73.jpg","e":0},{"id":"image_74","w":1036,"h":576,"u":"images/","p":"img_74.jpg","e":0},{"id":"image_75","w":1036,"h":576,"u":"images/","p":"img_75.jpg","e":0},{"id":"image_76","w":1036,"h":576,"u":"images/","p":"img_76.jpg","e":0},{"id":"image_77","w":1036,"h":576,"u":"images/","p":"img_77.jpg","e":0},{"id":"image_78","w":1036,"h":576,"u":"images/","p":"img_78.jpg","e":0},{"id":"image_79","w":1036,"h":576,"u":"images/","p":"img_79.jpg","e":0},{"id":"image_80","w":1036,"h":576,"u":"images/","p":"img_80.jpg","e":0},{"id":"image_81","w":1036,"h":576,"u":"images/","p":"img_81.jpg","e":0},{"id":"image_82","w":1036,"h":576,"u":"images/","p":"img_82.jpg","e":0},{"id":"image_83","w":1036,"h":576,"u":"images/","p":"img_83.jpg","e":0},{"id":"image_84","w":1036,"h":576,"u":"images/","p":"img_84.jpg","e":0},{"id":"image_85","w":1036,"h":576,"u":"images/","p":"img_85.jpg","e":0},{"id":"image_86","w":1036,"h":576,"u":"images/","p":"img_86.jpg","e":0},{"id":"image_87","w":1036,"h":576,"u":"images/","p":"img_87.jpg","e":0},{"id":"image_88","w":1036,"h":576,"u":"images/","p":"img_88.jpg","e":0},{"id":"image_89","w":1036,"h":576,"u":"images/","p":"img_89.jpg","e":0},{"id":"image_90","w":1036,"h":576,"u":"images/","p":"img_90.jpg","e":0},{"id":"image_91","w":1036,"h":576,"u":"images/","p":"img_91.jpg","e":0},{"id":"image_92","w":1036,"h":576,"u":"images/","p":"img_92.jpg","e":0},{"id":"image_93","w":1036,"h":576,"u":"images/","p":"img_93.jpg","e":0},{"id":"image_94","w":1036,"h":576,"u":"images/","p":"img_94.jpg","e":0},{"id":"image_95","w":1036,"h":576,"u":"images/","p":"img_95.jpg","e":0},{"id":"image_96","w":1036,"h":576,"u":"images/","p":"img_96.jpg","e":0},{"id":"image_97","w":1036,"h":576,"u":"images/","p":"img_97.jpg","e":0},{"id":"image_98","w":1036,"h":576,"u":"images/","p":"img_98.jpg","e":0},{"id":"image_99","w":1036,"h":576,"u":"images/","p":"img_99.jpg","e":0},{"id":"image_100","w":1036,"h":576,"u":"images/","p":"img_100.jpg","e":0},{"id":"image_101","w":1036,"h":576,"u":"images/","p":"img_101.jpg","e":0},{"id":"image_102","w":1036,"h":576,"u":"images/","p":"img_102.jpg","e":0},{"id":"image_103","w":1036,"h":576,"u":"images/","p":"img_103.jpg","e":0},{"id":"image_104","w":1036,"h":576,"u":"images/","p":"img_104.jpg","e":0},{"id":"image_105","w":1036,"h":576,"u":"images/","p":"img_105.jpg","e":0},{"id":"image_106","w":1036,"h":576,"u":"images/","p":"img_106.jpg","e":0},{"id":"image_107","w":1036,"h":576,"u":"images/","p":"img_107.jpg","e":0},{"id":"image_108","w":1036,"h":576,"u":"images/","p":"img_108.jpg","e":0},{"id":"image_109","w":1036,"h":576,"u":"images/","p":"img_109.jpg","e":0},{"id":"image_110","w":1036,"h":576,"u":"images/","p":"img_110.jpg","e":0},{"id":"image_111","w":1036,"h":576,"u":"images/","p":"img_111.jpg","e":0},{"id":"image_112","w":1036,"h":576,"u":"images/","p":"img_112.jpg","e":0},{"id":"image_113","w":1036,"h":576,"u":"images/","p":"img_113.jpg","e":0},{"id":"image_114","w":1036,"h":576,"u":"images/","p":"img_114.jpg","e":0},{"id":"image_115","w":1036,"h":576,"u":"images/","p":"img_115.jpg","e":0},{"id":"image_116","w":1036,"h":576,"u":"images/","p":"img_116.jpg","e":0},{"id":"image_117","w":1036,"h":576,"u":"images/","p":"img_117.jpg","e":0},{"id":"image_118","w":1036,"h":576,"u":"images/","p":"img_118.jpg","e":0},{"id":"image_119","w":1036,"h":576,"u":"images/","p":"img_119.jpg","e":0},{"id":"image_120","w":1036,"h":576,"u":"images/","p":"img_120.jpg","e":0},{"id":"image_121","w":1036,"h":576,"u":"images/","p":"img_121.jpg","e":0},{"id":"image_122","w":1036,"h":576,"u":"images/","p":"img_122.jpg","e":0},{"id":"image_123","w":1036,"h":576,"u":"images/","p":"img_123.jpg","e":0},{"id":"image_124","w":1036,"h":576,"u":"images/","p":"img_124.jpg","e":0},{"id":"image_125","w":1036,"h":576,"u":"images/","p":"img_125.jpg","e":0},{"id":"image_126","w":1036,"h":576,"u":"images/","p":"img_126.jpg","e":0},{"id":"image_127","w":1036,"h":576,"u":"images/","p":"img_127.jpg","e":0},{"id":"image_128","w":1036,"h":576,"u":"images/","p":"img_128.jpg","e":0},{"id":"image_129","w":1036,"h":576,"u":"images/","p":"img_129.jpg","e":0},{"id":"image_130","w":1036,"h":576,"u":"images/","p":"img_130.jpg","e":0},{"id":"image_131","w":1036,"h":576,"u":"images/","p":"img_131.jpg","e":0},{"id":"image_132","w":1036,"h":576,"u":"images/","p":"img_132.jpg","e":0},{"id":"image_133","w":1036,"h":576,"u":"images/","p":"img_133.jpg","e":0},{"id":"image_134","w":1036,"h":576,"u":"images/","p":"img_134.jpg","e":0},{"id":"image_135","w":1036,"h":576,"u":"images/","p":"img_135.jpg","e":0},{"id":"image_136","w":1036,"h":576,"u":"images/","p":"img_136.jpg","e":0},{"id":"image_137","w":1036,"h":576,"u":"images/","p":"img_137.jpg","e":0},{"id":"image_138","w":1036,"h":576,"u":"images/","p":"img_138.jpg","e":0},{"id":"image_139","w":1036,"h":576,"u":"images/","p":"img_139.jpg","e":0},{"id":"image_140","w":1036,"h":576,"u":"images/","p":"img_140.jpg","e":0},{"id":"image_141","w":1036,"h":576,"u":"images/","p":"img_141.jpg","e":0},{"id":"image_142","w":1036,"h":576,"u":"images/","p":"img_142.jpg","e":0},{"id":"image_143","w":1036,"h":576,"u":"images/","p":"img_143.jpg","e":0},{"id":"image_144","w":1036,"h":576,"u":"images/","p":"img_144.jpg","e":0},{"id":"image_145","w":1036,"h":576,"u":"images/","p":"img_145.jpg","e":0},{"id":"image_146","w":1036,"h":576,"u":"images/","p":"img_146.jpg","e":0},{"id":"image_147","w":1036,"h":576,"u":"images/","p":"img_147.jpg","e":0},{"id":"image_148","w":1036,"h":576,"u":"images/","p":"img_148.jpg","e":0},{"id":"image_149","w":1036,"h":576,"u":"images/","p":"img_149.jpg","e":0},{"id":"image_150","w":1036,"h":576,"u":"images/","p":"img_150.jpg","e":0},{"id":"image_151","w":1036,"h":576,"u":"images/","p":"img_151.jpg","e":0},{"id":"image_152","w":1036,"h":576,"u":"images/","p":"img_152.jpg","e":0},{"id":"image_153","w":1036,"h":576,"u":"images/","p":"img_153.jpg","e":0},{"id":"image_154","w":1036,"h":576,"u":"images/","p":"img_154.jpg","e":0},{"id":"image_155","w":1036,"h":576,"u":"images/","p":"img_155.jpg","e":0},{"id":"image_156","w":1036,"h":576,"u":"images/","p":"img_156.jpg","e":0},{"id":"image_157","w":1036,"h":576,"u":"images/","p":"img_157.jpg","e":0},{"id":"image_158","w":1036,"h":576,"u":"images/","p":"img_158.jpg","e":0},{"id":"image_159","w":1036,"h":576,"u":"images/","p":"img_159.jpg","e":0},{"id":"image_160","w":1036,"h":576,"u":"images/","p":"img_160.jpg","e":0},{"id":"image_161","w":1036,"h":576,"u":"images/","p":"img_161.jpg","e":0},{"id":"image_162","w":1036,"h":576,"u":"images/","p":"img_162.jpg","e":0},{"id":"image_163","w":1036,"h":576,"u":"images/","p":"img_163.jpg","e":0},{"id":"image_164","w":1036,"h":576,"u":"images/","p":"img_164.jpg","e":0},{"id":"image_165","w":1036,"h":576,"u":"images/","p":"img_165.jpg","e":0},{"id":"image_166","w":1036,"h":576,"u":"images/","p":"img_166.jpg","e":0},{"id":"image_167","w":1036,"h":576,"u":"images/","p":"img_167.jpg","e":0},{"id":"image_168","w":1036,"h":576,"u":"images/","p":"img_168.jpg","e":0},{"id":"image_169","w":1036,"h":576,"u":"images/","p":"img_169.jpg","e":0},{"id":"image_170","w":1036,"h":576,"u":"images/","p":"img_170.jpg","e":0},{"id":"image_171","w":1036,"h":576,"u":"images/","p":"img_171.jpg","e":0},{"id":"image_172","w":1036,"h":576,"u":"images/","p":"img_172.jpg","e":0},{"id":"image_173","w":1036,"h":576,"u":"images/","p":"img_173.jpg","e":0},{"id":"image_174","w":1036,"h":576,"u":"images/","p":"img_174.jpg","e":0},{"id":"image_175","w":1036,"h":576,"u":"images/","p":"img_175.jpg","e":0},{"id":"image_176","w":1036,"h":576,"u":"images/","p":"img_176.jpg","e":0},{"id":"image_177","w":1036,"h":576,"u":"images/","p":"img_177.jpg","e":0},{"id":"image_178","w":1036,"h":576,"u":"images/","p":"img_178.jpg","e":0},{"id":"image_179","w":1036,"h":576,"u":"images/","p":"img_179.jpg","e":0},{"id":"image_180","w":1036,"h":576,"u":"images/","p":"img_180.jpg","e":0},{"id":"image_181","w":1036,"h":576,"u":"images/","p":"img_181.jpg","e":0},{"id":"image_182","w":1036,"h":576,"u":"images/","p":"img_182.jpg","e":0},{"id":"image_183","w":1036,"h":576,"u":"images/","p":"img_183.jpg","e":0},{"id":"image_184","w":1036,"h":576,"u":"images/","p":"img_184.jpg","e":0},{"id":"image_185","w":1036,"h":576,"u":"images/","p":"img_185.jpg","e":0},{"id":"image_186","w":1036,"h":576,"u":"images/","p":"img_186.jpg","e":0},{"id":"image_187","w":1036,"h":576,"u":"images/","p":"img_187.jpg","e":0},{"id":"image_188","w":1036,"h":576,"u":"images/","p":"img_188.jpg","e":0},{"id":"image_189","w":1036,"h":576,"u":"images/","p":"img_189.jpg","e":0},{"id":"image_190","w":1036,"h":576,"u":"images/","p":"img_190.jpg","e":0},{"id":"image_191","w":1036,"h":576,"u":"images/","p":"img_191.jpg","e":0},{"id":"image_192","w":1036,"h":576,"u":"images/","p":"img_192.jpg","e":0},{"id":"image_193","w":1036,"h":576,"u":"images/","p":"img_193.jpg","e":0},{"id":"image_194","w":1036,"h":576,"u":"images/","p":"img_194.jpg","e":0},{"id":"image_195","w":1036,"h":576,"u":"images/","p":"img_195.jpg","e":0},{"id":"image_196","w":1036,"h":576,"u":"images/","p":"img_196.jpg","e":0},{"id":"image_197","w":1036,"h":576,"u":"images/","p":"img_197.jpg","e":0},{"id":"image_198","w":1036,"h":576,"u":"images/","p":"img_198.jpg","e":0},{"id":"image_199","w":1036,"h":576,"u":"images/","p":"img_199.jpg","e":0},{"id":"image_200","w":1036,"h":576,"u":"images/","p":"img_200.jpg","e":0},{"id":"image_201","w":1036,"h":576,"u":"images/","p":"img_201.jpg","e":0},{"id":"image_202","w":1036,"h":576,"u":"images/","p":"img_202.jpg","e":0},{"id":"image_203","w":1036,"h":576,"u":"images/","p":"img_203.jpg","e":0},{"id":"image_204","w":1036,"h":576,"u":"images/","p":"img_204.jpg","e":0},{"id":"image_205","w":1036,"h":576,"u":"images/","p":"img_205.jpg","e":0},{"id":"image_206","w":1036,"h":576,"u":"images/","p":"img_206.jpg","e":0},{"id":"image_207","w":1036,"h":576,"u":"images/","p":"img_207.jpg","e":0},{"id":"image_208","w":1036,"h":576,"u":"images/","p":"img_208.jpg","e":0},{"id":"image_209","w":1036,"h":576,"u":"images/","p":"img_209.jpg","e":0},{"id":"image_210","w":1036,"h":576,"u":"images/","p":"img_210.jpg","e":0},{"id":"image_211","w":1036,"h":576,"u":"images/","p":"img_211.jpg","e":0},{"id":"image_212","w":1036,"h":576,"u":"images/","p":"img_212.jpg","e":0},{"id":"image_213","w":1036,"h":576,"u":"images/","p":"img_213.jpg","e":0},{"id":"image_214","w":1036,"h":576,"u":"images/","p":"img_214.jpg","e":0},{"id":"image_215","w":1036,"h":576,"u":"images/","p":"img_215.jpg","e":0},{"id":"image_216","w":1036,"h":576,"u":"images/","p":"img_216.jpg","e":0},{"id":"image_217","w":1036,"h":576,"u":"images/","p":"img_217.jpg","e":0},{"id":"image_218","w":1036,"h":576,"u":"images/","p":"img_218.jpg","e":0},{"id":"image_219","w":1036,"h":576,"u":"images/","p":"img_219.jpg","e":0},{"id":"image_220","w":1036,"h":576,"u":"images/","p":"img_220.jpg","e":0},{"id":"image_221","w":1036,"h":576,"u":"images/","p":"img_221.jpg","e":0},{"id":"image_222","w":1036,"h":576,"u":"images/","p":"img_222.jpg","e":0},{"id":"image_223","w":1036,"h":576,"u":"images/","p":"img_223.jpg","e":0}],"layers":[{"ddd":0,"ind":1,"ty":2,"nm":"mmexport1591052695065_00000.png","cl":"png","refId":"image_0","sr":1,"ks":{"o":{"a":0,"k":100,"ix":11},"r":{"a":0,"k":0,"ix":10},"p":{"a":0,"k":[518,288,0],"ix":2},"a":{"a":0,"k":[518,288,0],"ix":1},"s":{"a":0,"k":[100,100,100],"ix":6}},"ao":0,"ip":0,"op":0.6,"st":0,"bm":0},{"ddd":0,"ind":2,"ty":2,"nm":"mmexport1591052695065_00001.png","cl":"png","refId":"image_1","sr":1,"ks":{"o":{"a":0,"k":100,"ix":11},"r":{"a":0,"k":0,"ix":10},"p":{"a":0,"k":[518,288,0],"ix":2},"a":{"a":0,"k":[518,288,0],"ix":1},"s":{"a":0,"k":[100,100,100],"ix":6}},"ao":0,"ip":0.6,"op":1.2,"st":0.6,"bm":0},{"ddd":0,"ind":3,"ty":2,"nm":"mmexport1591052695065_00002.png","cl":"png","refId":"image_2","sr":1,"ks":{"o":{"a":0,"k":100,"ix":11},"r":{"a":0,"k":0,"ix":10},"p":{"a":0,"k":[518,288,0],"ix":2},"a":{"a":0,"k":[518,288,0],"ix":1},"s":{"a":0,"k":[100,100,100],"ix":6}},"ao":0,"ip":1.2,"op":1.8,"st":1.2,"bm":0},{"ddd":0,"ind":4,"ty":2,"nm":"mmexport1591052695065_00003.png","cl":"png","refId":"image_3","sr":1,"ks":{"o":{"a":0,"k":100,"ix":11},"r":{"a":0,"k":0,"ix":10},"p":{"a":0,"k":[518,288,0],"ix":2},"a":{"a":0,"k":[518,288,0],"ix":1},"s":{"a":0,"k":[100,100,100],"ix":6}},"ao":0,"ip":1.8,"op":2.4,"st":1.8,"bm":0},{"ddd":0,"ind":5,"ty":2,"nm":"mmexport1591052695065_00004.png","cl":"png","refId":"image_4","sr":1,"ks":{"o":{"a":0,"k":100,"ix":11},"r":{"a":0,"k":0,"ix":10},"p":{"a":0,"k":[518,288,0],"ix":2},"a":{"a":0,"k":[518,288,0],"ix":1},"s":{"a":0,"k":[100,100,100],"ix":6}},"ao":0,"ip":2.4,"op":3,"st":2.4,"bm":0},{"ddd":0,"ind":6,"ty":2,"nm":"mmexport1591052695065_00005.png","cl":"png","refId":"image_5","sr":1,"ks":{"o":{"a":0,"k":100,"ix":11},"r":{"a":0,"k":0,"ix":10},"p":{"a":0,"k":[518,288,0],"ix":2},"a":{"a":0,"k":[518,288,0],"ix":1},"s":{"a":0,"k":[100,100,100],"ix":6}},"ao":0,"ip":3,"op":3.6,"st":3,"bm":0},{"ddd":0,"ind":7,"ty":2,"nm":"mmexport1591052695065_00006.png","cl":"png","refId":"image_6","sr":1,"ks":{"o":{"a":0,"k":100,"ix":11},"r":{"a":0,"k":0,"ix":10},"p":{"a":0,"k":[518,288,0],"ix":2},"a":{"a":0,"k":[518,288,0],"ix":1},"s":{"a":0,"k":[100,100,100],"ix":6}},"ao":0,"ip":3.6,"op":4.2,"st":3.6,"bm":0},{"ddd":0,"ind":8,"ty":2,"nm":"mmexport1591052695065_00007.png","cl":"png","refId":"image_7","sr":1,"ks":{"o":{"a":0,"k":100,"ix":11},"r":{"a":0,"k":0,"ix":10},"p":{"a":0,"k":[518,288,0],"ix":2},"a":{"a":0,"k":[518,288,0],"ix":1},"s":{"a":0,"k":[100,100,100],"ix":6}},"ao":0,"ip":4.2,"op":4.8,"st":4.2,"bm":0},{"ddd":0,"ind":9,"ty":2,"nm":"mmexport1591052695065_00008.png","cl":"png","refId":"image_8","sr":1,"ks":{"o":{"a":0,"k":100,"ix":11},"r":{"a":0,"k":0,"ix":10},"p":{"a":0,"k":[518,288,0],"ix":2},"a":{"a":0,"k":[518,288,0],"ix":1},"s":{"a":0,"k":[100,100,100],"ix":6}},"ao":0,"ip":4.8,"op":5.4,"st":4.8,"bm":0},{"ddd":0,"ind":10,"ty":2,"nm":"mmexport1591052695065_00009.png","cl":"png","refId":"image_9","sr":1,"ks":{"o":{"a":0,"k":100,"ix":11},"r":{"a":0,"k":0,"ix":10},"p":{"a":0,"k":[518,288,0],"ix":2},"a":{"a":0,"k":[518,288,0],"ix":1},"s":{"a":0,"k":[100,100,100],"ix":6}},"ao":0,"ip":5.4,"op":6,"st":5.4,"bm":0},{"ddd":0,"ind":11,"ty":2,"nm":"mmexport1591052695065_00010.png","cl":"png","refId":"image_10","sr":1,"ks":{"o":{"a":0,"k":100,"ix":11},"r":{"a":0,"k":0,"ix":10},"p":{"a":0,"k":[518,288,0],"ix":2},"a":{"a":0,"k":[518,288,0],"ix":1},"s":{"a":0,"k":[100,100,100],"ix":6}},"ao":0,"ip":6,"op":6.6,"st":6,"bm":0},{"ddd":0,"ind":12,"ty":2,"nm":"mmexport1591052695065_00011.png","cl":"png","refId":"image_11","sr":1,"ks":{"o":{"a":0,"k":100,"ix":11},"r":{"a":0,"k":0,"ix":10},"p":{"a":0,"k":[518,288,0],"ix":2},"a":{"a":0,"k":[518,288,0],"ix":1},"s":{"a":0,"k":[100,100,100],"ix":6}},"ao":0,"ip":6.6,"op":7.2,"st":6.6,"bm":0},{"ddd":0,"ind":13,"ty":2,"nm":"mmexport1591052695065_00012.png","cl":"png","refId":"image_12","sr":1,"ks":{"o":{"a":0,"k":100,"ix":11},"r":{"a":0,"k":0,"ix":10},"p":{"a":0,"k":[518,288,0],"ix":2},"a":{"a":0,"k":[518,288,0],"ix":1},"s":{"a":0,"k":[100,100,100],"ix":6}},"ao":0,"ip":7.2,"op":7.8,"st":7.2,"bm":0},{"ddd":0,"ind":14,"ty":2,"nm":"mmexport1591052695065_00013.png","cl":"png","refId":"image_13","sr":1,"ks":{"o":{"a":0,"k":100,"ix":11},"r":{"a":0,"k":0,"ix":10},"p":{"a":0,"k":[518,288,0],"ix":2},"a":{"a":0,"k":[518,288,0],"ix":1},"s":{"a":0,"k":[100,100,100],"ix":6}},"ao":0,"ip":7.8,"op":8.4,"st":7.8,"bm":0},{"ddd":0,"ind":15,"ty":2,"nm":"mmexport1591052695065_00014.png","cl":"png","refId":"image_14","sr":1,"ks":{"o":{"a":0,"k":100,"ix":11},"r":{"a":0,"k":0,"ix":10},"p":{"a":0,"k":[518,288,0],"ix":2},"a":{"a":0,"k":[518,288,0],"ix":1},"s":{"a":0,"k":[100,100,100],"ix":6}},"ao":0,"ip":8.4,"op":9,"st":8.4,"bm":0},{"ddd":0,"ind":16,"ty":2,"nm":"mmexport1591052695065_00015.png","cl":"png","refId":"image_15","sr":1,"ks":{"o":{"a":0,"k":100,"ix":11},"r":{"a":0,"k":0,"ix":10},"p":{"a":0,"k":[518,288,0],"ix":2},"a":{"a":0,"k":[518,288,0],"ix":1},"s":{"a":0,"k":[100,100,100],"ix":6}},"ao":0,"ip":9,"op":9.6,"st":9,"bm":0},{"ddd":0,"ind":17,"ty":2,"nm":"mmexport1591052695065_00016.png","cl":"png","refId":"image_16","sr":1,"ks":{"o":{"a":0,"k":100,"ix":11},"r":{"a":0,"k":0,"ix":10},"p":{"a":0,"k":[518,288,0],"ix":2},"a":{"a":0,"k":[518,288,0],"ix":1},"s":{"a":0,"k":[100,100,100],"ix":6}},"ao":0,"ip":9.6,"op":10.2,"st":9.6,"bm":0},{"ddd":0,"ind":18,"ty":2,"nm":"mmexport1591052695065_00017.png","cl":"png","refId":"image_17","sr":1,"ks":{"o":{"a":0,"k":100,"ix":11},"r":{"a":0,"k":0,"ix":10},"p":{"a":0,"k":[518,288,0],"ix":2},"a":{"a":0,"k":[518,288,0],"ix":1},"s":{"a":0,"k":[100,100,100],"ix":6}},"ao":0,"ip":10.2,"op":10.8,"st":10.2,"bm":0},{"ddd":0,"ind":19,"ty":2,"nm":"mmexport1591052695065_00018.png","cl":"png","refId":"image_18","sr":1,"ks":{"o":{"a":0,"k":100,"ix":11},"r":{"a":0,"k":0,"ix":10},"p":{"a":0,"k":[518,288,0],"ix":2},"a":{"a":0,"k":[518,288,0],"ix":1},"s":{"a":0,"k":[100,100,100],"ix":6}},"ao":0,"ip":10.8,"op":11.4,"st":10.8,"bm":0},{"ddd":0,"ind":20,"ty":2,"nm":"mmexport1591052695065_00019.png","cl":"png","refId":"image_19","sr":1,"ks":{"o":{"a":0,"k":100,"ix":11},"r":{"a":0,"k":0,"ix":10},"p":{"a":0,"k":[518,288,0],"ix":2},"a":{"a":0,"k":[518,288,0],"ix":1},"s":{"a":0,"k":[100,100,100],"ix":6}},"ao":0,"ip":11.4,"op":12,"st":11.4,"bm":0},{"ddd":0,"ind":21,"ty":2,"nm":"mmexport1591052695065_00020.png","cl":"png","refId":"image_20","sr":1,"ks":{"o":{"a":0,"k":100,"ix":11},"r":{"a":0,"k":0,"ix":10},"p":{"a":0,"k":[518,288,0],"ix":2},"a":{"a":0,"k":[518,288,0],"ix":1},"s":{"a":0,"k":[100,100,100],"ix":6}},"ao":0,"ip":12,"op":12.6,"st":12,"bm":0},{"ddd":0,"ind":22,"ty":2,"nm":"mmexport1591052695065_00021.png","cl":"png","refId":"image_21","sr":1,"ks":{"o":{"a":0,"k":100,"ix":11},"r":{"a":0,"k":0,"ix":10},"p":{"a":0,"k":[518,288,0],"ix":2},"a":{"a":0,"k":[518,288,0],"ix":1},"s":{"a":0,"k":[100,100,100],"ix":6}},"ao":0,"ip":12.6,"op":13.2,"st":12.6,"bm":0},{"ddd":0,"ind":23,"ty":2,"nm":"mmexport1591052695065_00022.png","cl":"png","refId":"image_22","sr":1,"ks":{"o":{"a":0,"k":100,"ix":11},"r":{"a":0,"k":0,"ix":10},"p":{"a":0,"k":[518,288,0],"ix":2},"a":{"a":0,"k":[518,288,0],"ix":1},"s":{"a":0,"k":[100,100,100],"ix":6}},"ao":0,"ip":13.2,"op":13.8,"st":13.2,"bm":0},{"ddd":0,"ind":24,"ty":2,"nm":"mmexport1591052695065_00023.png","cl":"png","refId":"image_23","sr":1,"ks":{"o":{"a":0,"k":100,"ix":11},"r":{"a":0,"k":0,"ix":10},"p":{"a":0,"k":[518,288,0],"ix":2},"a":{"a":0,"k":[518,288,0],"ix":1},"s":{"a":0,"k":[100,100,100],"ix":6}},"ao":0,"ip":13.8,"op":14.4,"st":13.8,"bm":0},{"ddd":0,"ind":25,"ty":2,"nm":"mmexport1591052695065_00024.png","cl":"png","refId":"image_24","sr":1,"ks":{"o":{"a":0,"k":100,"ix":11},"r":{"a":0,"k":0,"ix":10},"p":{"a":0,"k":[518,288,0],"ix":2},"a":{"a":0,"k":[518,288,0],"ix":1},"s":{"a":0,"k":[100,100,100],"ix":6}},"ao":0,"ip":14.4,"op":15,"st":14.4,"bm":0},{"ddd":0,"ind":26,"ty":2,"nm":"mmexport1591052695065_00025.png","cl":"png","refId":"image_25","sr":1,"ks":{"o":{"a":0,"k":100,"ix":11},"r":{"a":0,"k":0,"ix":10},"p":{"a":0,"k":[518,288,0],"ix":2},"a":{"a":0,"k":[518,288,0],"ix":1},"s":{"a":0,"k":[100,100,100],"ix":6}},"ao":0,"ip":15,"op":15.6,"st":15,"bm":0},{"ddd":0,"ind":27,"ty":2,"nm":"mmexport1591052695065_00026.png","cl":"png","refId":"image_26","sr":1,"ks":{"o":{"a":0,"k":100,"ix":11},"r":{"a":0,"k":0,"ix":10},"p":{"a":0,"k":[518,288,0],"ix":2},"a":{"a":0,"k":[518,288,0],"ix":1},"s":{"a":0,"k":[100,100,100],"ix":6}},"ao":0,"ip":15.6,"op":16.2,"st":15.6,"bm":0},{"ddd":0,"ind":28,"ty":2,"nm":"mmexport1591052695065_00027.png","cl":"png","refId":"image_27","sr":1,"ks":{"o":{"a":0,"k":100,"ix":11},"r":{"a":0,"k":0,"ix":10},"p":{"a":0,"k":[518,288,0],"ix":2},"a":{"a":0,"k":[518,288,0],"ix":1},"s":{"a":0,"k":[100,100,100],"ix":6}},"ao":0,"ip":16.2,"op":16.8,"st":16.2,"bm":0},{"ddd":0,"ind":29,"ty":2,"nm":"mmexport1591052695065_00028.png","cl":"png","refId":"image_28","sr":1,"ks":{"o":{"a":0,"k":100,"ix":11},"r":{"a":0,"k":0,"ix":10},"p":{"a":0,"k":[518,288,0],"ix":2},"a":{"a":0,"k":[518,288,0],"ix":1},"s":{"a":0,"k":[100,100,100],"ix":6}},"ao":0,"ip":16.8,"op":17.4,"st":16.8,"bm":0},{"ddd":0,"ind":30,"ty":2,"nm":"mmexport1591052695065_00029.png","cl":"png","refId":"image_29","sr":1,"ks":{"o":{"a":0,"k":100,"ix":11},"r":{"a":0,"k":0,"ix":10},"p":{"a":0,"k":[518,288,0],"ix":2},"a":{"a":0,"k":[518,288,0],"ix":1},"s":{"a":0,"k":[100,100,100],"ix":6}},"ao":0,"ip":17.4,"op":18,"st":17.4,"bm":0},{"ddd":0,"ind":31,"ty":2,"nm":"mmexport1591052695065_00030.png","cl":"png","refId":"image_30","sr":1,"ks":{"o":{"a":0,"k":100,"ix":11},"r":{"a":0,"k":0,"ix":10},"p":{"a":0,"k":[518,288,0],"ix":2},"a":{"a":0,"k":[518,288,0],"ix":1},"s":{"a":0,"k":[100,100,100],"ix":6}},"ao":0,"ip":18,"op":18.6,"st":18,"bm":0},{"ddd":0,"ind":32,"ty":2,"nm":"mmexport1591052695065_00031.png","cl":"png","refId":"image_31","sr":1,"ks":{"o":{"a":0,"k":100,"ix":11},"r":{"a":0,"k":0,"ix":10},"p":{"a":0,"k":[518,288,0],"ix":2},"a":{"a":0,"k":[518,288,0],"ix":1},"s":{"a":0,"k":[100,100,100],"ix":6}},"ao":0,"ip":18.6,"op":19.2,"st":18.6,"bm":0},{"ddd":0,"ind":33,"ty":2,"nm":"mmexport1591052695065_00032.png","cl":"png","refId":"image_32","sr":1,"ks":{"o":{"a":0,"k":100,"ix":11},"r":{"a":0,"k":0,"ix":10},"p":{"a":0,"k":[518,288,0],"ix":2},"a":{"a":0,"k":[518,288,0],"ix":1},"s":{"a":0,"k":[100,100,100],"ix":6}},"ao":0,"ip":19.2,"op":19.8,"st":19.2,"bm":0},{"ddd":0,"ind":34,"ty":2,"nm":"mmexport1591052695065_00033.png","cl":"png","refId":"image_33","sr":1,"ks":{"o":{"a":0,"k":100,"ix":11},"r":{"a":0,"k":0,"ix":10},"p":{"a":0,"k":[518,288,0],"ix":2},"a":{"a":0,"k":[518,288,0],"ix":1},"s":{"a":0,"k":[100,100,100],"ix":6}},"ao":0,"ip":19.8,"op":20.4,"st":19.8,"bm":0},{"ddd":0,"ind":35,"ty":2,"nm":"mmexport1591052695065_00034.png","cl":"png","refId":"image_34","sr":1,"ks":{"o":{"a":0,"k":100,"ix":11},"r":{"a":0,"k":0,"ix":10},"p":{"a":0,"k":[518,288,0],"ix":2},"a":{"a":0,"k":[518,288,0],"ix":1},"s":{"a":0,"k":[100,100,100],"ix":6}},"ao":0,"ip":20.4,"op":21,"st":20.4,"bm":0},{"ddd":0,"ind":36,"ty":2,"nm":"mmexport1591052695065_00035.png","cl":"png","refId":"image_35","sr":1,"ks":{"o":{"a":0,"k":100,"ix":11},"r":{"a":0,"k":0,"ix":10},"p":{"a":0,"k":[518,288,0],"ix":2},"a":{"a":0,"k":[518,288,0],"ix":1},"s":{"a":0,"k":[100,100,100],"ix":6}},"ao":0,"ip":21,"op":21.6,"st":21,"bm":0},{"ddd":0,"ind":37,"ty":2,"nm":"mmexport1591052695065_00036.png","cl":"png","refId":"image_36","sr":1,"ks":{"o":{"a":0,"k":100,"ix":11},"r":{"a":0,"k":0,"ix":10},"p":{"a":0,"k":[518,288,0],"ix":2},"a":{"a":0,"k":[518,288,0],"ix":1},"s":{"a":0,"k":[100,100,100],"ix":6}},"ao":0,"ip":21.6,"op":22.2,"st":21.6,"bm":0},{"ddd":0,"ind":38,"ty":2,"nm":"mmexport1591052695065_00037.png","cl":"png","refId":"image_37","sr":1,"ks":{"o":{"a":0,"k":100,"ix":11},"r":{"a":0,"k":0,"ix":10},"p":{"a":0,"k":[518,288,0],"ix":2},"a":{"a":0,"k":[518,288,0],"ix":1},"s":{"a":0,"k":[100,100,100],"ix":6}},"ao":0,"ip":22.2,"op":22.8,"st":22.2,"bm":0},{"ddd":0,"ind":39,"ty":2,"nm":"mmexport1591052695065_00038.png","cl":"png","refId":"image_38","sr":1,"ks":{"o":{"a":0,"k":100,"ix":11},"r":{"a":0,"k":0,"ix":10},"p":{"a":0,"k":[518,288,0],"ix":2},"a":{"a":0,"k":[518,288,0],"ix":1},"s":{"a":0,"k":[100,100,100],"ix":6}},"ao":0,"ip":22.8,"op":23.4,"st":22.8,"bm":0},{"ddd":0,"ind":40,"ty":2,"nm":"mmexport1591052695065_00039.png","cl":"png","refId":"image_39","sr":1,"ks":{"o":{"a":0,"k":100,"ix":11},"r":{"a":0,"k":0,"ix":10},"p":{"a":0,"k":[518,288,0],"ix":2},"a":{"a":0,"k":[518,288,0],"ix":1},"s":{"a":0,"k":[100,100,100],"ix":6}},"ao":0,"ip":23.4,"op":24,"st":23.4,"bm":0},{"ddd":0,"ind":41,"ty":2,"nm":"mmexport1591052695065_00040.png","cl":"png","refId":"image_40","sr":1,"ks":{"o":{"a":0,"k":100,"ix":11},"r":{"a":0,"k":0,"ix":10},"p":{"a":0,"k":[518,288,0],"ix":2},"a":{"a":0,"k":[518,288,0],"ix":1},"s":{"a":0,"k":[100,100,100],"ix":6}},"ao":0,"ip":24,"op":24.6,"st":24,"bm":0},{"ddd":0,"ind":42,"ty":2,"nm":"mmexport1591052695065_00041.png","cl":"png","refId":"image_41","sr":1,"ks":{"o":{"a":0,"k":100,"ix":11},"r":{"a":0,"k":0,"ix":10},"p":{"a":0,"k":[518,288,0],"ix":2},"a":{"a":0,"k":[518,288,0],"ix":1},"s":{"a":0,"k":[100,100,100],"ix":6}},"ao":0,"ip":24.6,"op":25.2,"st":24.6,"bm":0},{"ddd":0,"ind":43,"ty":2,"nm":"mmexport1591052695065_00042.png","cl":"png","refId":"image_42","sr":1,"ks":{"o":{"a":0,"k":100,"ix":11},"r":{"a":0,"k":0,"ix":10},"p":{"a":0,"k":[518,288,0],"ix":2},"a":{"a":0,"k":[518,288,0],"ix":1},"s":{"a":0,"k":[100,100,100],"ix":6}},"ao":0,"ip":25.2,"op":25.8,"st":25.2,"bm":0},{"ddd":0,"ind":44,"ty":2,"nm":"mmexport1591052695065_00043.png","cl":"png","refId":"image_43","sr":1,"ks":{"o":{"a":0,"k":100,"ix":11},"r":{"a":0,"k":0,"ix":10},"p":{"a":0,"k":[518,288,0],"ix":2},"a":{"a":0,"k":[518,288,0],"ix":1},"s":{"a":0,"k":[100,100,100],"ix":6}},"ao":0,"ip":25.8,"op":26.4,"st":25.8,"bm":0},{"ddd":0,"ind":45,"ty":2,"nm":"mmexport1591052695065_00044.png","cl":"png","refId":"image_44","sr":1,"ks":{"o":{"a":0,"k":100,"ix":11},"r":{"a":0,"k":0,"ix":10},"p":{"a":0,"k":[518,288,0],"ix":2},"a":{"a":0,"k":[518,288,0],"ix":1},"s":{"a":0,"k":[100,100,100],"ix":6}},"ao":0,"ip":26.4,"op":27,"st":26.4,"bm":0},{"ddd":0,"ind":46,"ty":2,"nm":"mmexport1591052695065_00045.png","cl":"png","refId":"image_45","sr":1,"ks":{"o":{"a":0,"k":100,"ix":11},"r":{"a":0,"k":0,"ix":10},"p":{"a":0,"k":[518,288,0],"ix":2},"a":{"a":0,"k":[518,288,0],"ix":1},"s":{"a":0,"k":[100,100,100],"ix":6}},"ao":0,"ip":27,"op":27.6,"st":27,"bm":0},{"ddd":0,"ind":47,"ty":2,"nm":"mmexport1591052695065_00046.png","cl":"png","refId":"image_46","sr":1,"ks":{"o":{"a":0,"k":100,"ix":11},"r":{"a":0,"k":0,"ix":10},"p":{"a":0,"k":[518,288,0],"ix":2},"a":{"a":0,"k":[518,288,0],"ix":1},"s":{"a":0,"k":[100,100,100],"ix":6}},"ao":0,"ip":27.6,"op":28.2,"st":27.6,"bm":0},{"ddd":0,"ind":48,"ty":2,"nm":"mmexport1591052695065_00047.png","cl":"png","refId":"image_47","sr":1,"ks":{"o":{"a":0,"k":100,"ix":11},"r":{"a":0,"k":0,"ix":10},"p":{"a":0,"k":[518,288,0],"ix":2},"a":{"a":0,"k":[518,288,0],"ix":1},"s":{"a":0,"k":[100,100,100],"ix":6}},"ao":0,"ip":28.2,"op":28.8,"st":28.2,"bm":0},{"ddd":0,"ind":49,"ty":2,"nm":"mmexport1591052695065_00048.png","cl":"png","refId":"image_48","sr":1,"ks":{"o":{"a":0,"k":100,"ix":11},"r":{"a":0,"k":0,"ix":10},"p":{"a":0,"k":[518,288,0],"ix":2},"a":{"a":0,"k":[518,288,0],"ix":1},"s":{"a":0,"k":[100,100,100],"ix":6}},"ao":0,"ip":28.8,"op":29.4,"st":28.8,"bm":0},{"ddd":0,"ind":50,"ty":2,"nm":"mmexport1591052695065_00049.png","cl":"png","refId":"image_49","sr":1,"ks":{"o":{"a":0,"k":100,"ix":11},"r":{"a":0,"k":0,"ix":10},"p":{"a":0,"k":[518,288,0],"ix":2},"a":{"a":0,"k":[518,288,0],"ix":1},"s":{"a":0,"k":[100,100,100],"ix":6}},"ao":0,"ip":29.4,"op":30,"st":29.4,"bm":0},{"ddd":0,"ind":51,"ty":2,"nm":"mmexport1591052695065_00050.png","cl":"png","refId":"image_50","sr":1,"ks":{"o":{"a":0,"k":100,"ix":11},"r":{"a":0,"k":0,"ix":10},"p":{"a":0,"k":[518,288,0],"ix":2},"a":{"a":0,"k":[518,288,0],"ix":1},"s":{"a":0,"k":[100,100,100],"ix":6}},"ao":0,"ip":30,"op":30.6,"st":30,"bm":0},{"ddd":0,"ind":52,"ty":2,"nm":"mmexport1591052695065_00051.png","cl":"png","refId":"image_51","sr":1,"ks":{"o":{"a":0,"k":100,"ix":11},"r":{"a":0,"k":0,"ix":10},"p":{"a":0,"k":[518,288,0],"ix":2},"a":{"a":0,"k":[518,288,0],"ix":1},"s":{"a":0,"k":[100,100,100],"ix":6}},"ao":0,"ip":30.6,"op":31.2,"st":30.6,"bm":0},{"ddd":0,"ind":53,"ty":2,"nm":"mmexport1591052695065_00052.png","cl":"png","refId":"image_52","sr":1,"ks":{"o":{"a":0,"k":100,"ix":11},"r":{"a":0,"k":0,"ix":10},"p":{"a":0,"k":[518,288,0],"ix":2},"a":{"a":0,"k":[518,288,0],"ix":1},"s":{"a":0,"k":[100,100,100],"ix":6}},"ao":0,"ip":31.2,"op":31.8,"st":31.2,"bm":0},{"ddd":0,"ind":54,"ty":2,"nm":"mmexport1591052695065_00053.png","cl":"png","refId":"image_53","sr":1,"ks":{"o":{"a":0,"k":100,"ix":11},"r":{"a":0,"k":0,"ix":10},"p":{"a":0,"k":[518,288,0],"ix":2},"a":{"a":0,"k":[518,288,0],"ix":1},"s":{"a":0,"k":[100,100,100],"ix":6}},"ao":0,"ip":31.8,"op":32.4,"st":31.8,"bm":0},{"ddd":0,"ind":55,"ty":2,"nm":"mmexport1591052695065_00054.png","cl":"png","refId":"image_54","sr":1,"ks":{"o":{"a":0,"k":100,"ix":11},"r":{"a":0,"k":0,"ix":10},"p":{"a":0,"k":[518,288,0],"ix":2},"a":{"a":0,"k":[518,288,0],"ix":1},"s":{"a":0,"k":[100,100,100],"ix":6}},"ao":0,"ip":32.4,"op":33,"st":32.4,"bm":0},{"ddd":0,"ind":56,"ty":2,"nm":"mmexport1591052695065_00055.png","cl":"png","refId":"image_55","sr":1,"ks":{"o":{"a":0,"k":100,"ix":11},"r":{"a":0,"k":0,"ix":10},"p":{"a":0,"k":[518,288,0],"ix":2},"a":{"a":0,"k":[518,288,0],"ix":1},"s":{"a":0,"k":[100,100,100],"ix":6}},"ao":0,"ip":33,"op":33.6,"st":33,"bm":0},{"ddd":0,"ind":57,"ty":2,"nm":"mmexport1591052695065_00056.png","cl":"png","refId":"image_56","sr":1,"ks":{"o":{"a":0,"k":100,"ix":11},"r":{"a":0,"k":0,"ix":10},"p":{"a":0,"k":[518,288,0],"ix":2},"a":{"a":0,"k":[518,288,0],"ix":1},"s":{"a":0,"k":[100,100,100],"ix":6}},"ao":0,"ip":33.6,"op":34.2,"st":33.6,"bm":0},{"ddd":0,"ind":58,"ty":2,"nm":"mmexport1591052695065_00057.png","cl":"png","refId":"image_57","sr":1,"ks":{"o":{"a":0,"k":100,"ix":11},"r":{"a":0,"k":0,"ix":10},"p":{"a":0,"k":[518,288,0],"ix":2},"a":{"a":0,"k":[518,288,0],"ix":1},"s":{"a":0,"k":[100,100,100],"ix":6}},"ao":0,"ip":34.2,"op":34.8,"st":34.2,"bm":0},{"ddd":0,"ind":59,"ty":2,"nm":"mmexport1591052695065_00058.png","cl":"png","refId":"image_58","sr":1,"ks":{"o":{"a":0,"k":100,"ix":11},"r":{"a":0,"k":0,"ix":10},"p":{"a":0,"k":[518,288,0],"ix":2},"a":{"a":0,"k":[518,288,0],"ix":1},"s":{"a":0,"k":[100,100,100],"ix":6}},"ao":0,"ip":34.8,"op":35.4,"st":34.8,"bm":0},{"ddd":0,"ind":60,"ty":2,"nm":"mmexport1591052695065_00059.png","cl":"png","refId":"image_59","sr":1,"ks":{"o":{"a":0,"k":100,"ix":11},"r":{"a":0,"k":0,"ix":10},"p":{"a":0,"k":[518,288,0],"ix":2},"a":{"a":0,"k":[518,288,0],"ix":1},"s":{"a":0,"k":[100,100,100],"ix":6}},"ao":0,"ip":35.4,"op":36,"st":35.4,"bm":0},{"ddd":0,"ind":61,"ty":2,"nm":"mmexport1591052695065_00060.png","cl":"png","refId":"image_60","sr":1,"ks":{"o":{"a":0,"k":100,"ix":11},"r":{"a":0,"k":0,"ix":10},"p":{"a":0,"k":[518,288,0],"ix":2},"a":{"a":0,"k":[518,288,0],"ix":1},"s":{"a":0,"k":[100,100,100],"ix":6}},"ao":0,"ip":36,"op":36.6,"st":36,"bm":0},{"ddd":0,"ind":62,"ty":2,"nm":"mmexport1591052695065_00061.png","cl":"png","refId":"image_61","sr":1,"ks":{"o":{"a":0,"k":100,"ix":11},"r":{"a":0,"k":0,"ix":10},"p":{"a":0,"k":[518,288,0],"ix":2},"a":{"a":0,"k":[518,288,0],"ix":1},"s":{"a":0,"k":[100,100,100],"ix":6}},"ao":0,"ip":36.6,"op":37.2,"st":36.6,"bm":0},{"ddd":0,"ind":63,"ty":2,"nm":"mmexport1591052695065_00062.png","cl":"png","refId":"image_62","sr":1,"ks":{"o":{"a":0,"k":100,"ix":11},"r":{"a":0,"k":0,"ix":10},"p":{"a":0,"k":[518,288,0],"ix":2},"a":{"a":0,"k":[518,288,0],"ix":1},"s":{"a":0,"k":[100,100,100],"ix":6}},"ao":0,"ip":37.2,"op":37.8,"st":37.2,"bm":0},{"ddd":0,"ind":64,"ty":2,"nm":"mmexport1591052695065_00063.png","cl":"png","refId":"image_63","sr":1,"ks":{"o":{"a":0,"k":100,"ix":11},"r":{"a":0,"k":0,"ix":10},"p":{"a":0,"k":[518,288,0],"ix":2},"a":{"a":0,"k":[518,288,0],"ix":1},"s":{"a":0,"k":[100,100,100],"ix":6}},"ao":0,"ip":37.8,"op":38.4,"st":37.8,"bm":0},{"ddd":0,"ind":65,"ty":2,"nm":"mmexport1591052695065_00064.png","cl":"png","refId":"image_64","sr":1,"ks":{"o":{"a":0,"k":100,"ix":11},"r":{"a":0,"k":0,"ix":10},"p":{"a":0,"k":[518,288,0],"ix":2},"a":{"a":0,"k":[518,288,0],"ix":1},"s":{"a":0,"k":[100,100,100],"ix":6}},"ao":0,"ip":38.4,"op":39,"st":38.4,"bm":0},{"ddd":0,"ind":66,"ty":2,"nm":"mmexport1591052695065_00065.png","cl":"png","refId":"image_65","sr":1,"ks":{"o":{"a":0,"k":100,"ix":11},"r":{"a":0,"k":0,"ix":10},"p":{"a":0,"k":[518,288,0],"ix":2},"a":{"a":0,"k":[518,288,0],"ix":1},"s":{"a":0,"k":[100,100,100],"ix":6}},"ao":0,"ip":39,"op":39.6,"st":39,"bm":0},{"ddd":0,"ind":67,"ty":2,"nm":"mmexport1591052695065_00066.png","cl":"png","refId":"image_66","sr":1,"ks":{"o":{"a":0,"k":100,"ix":11},"r":{"a":0,"k":0,"ix":10},"p":{"a":0,"k":[518,288,0],"ix":2},"a":{"a":0,"k":[518,288,0],"ix":1},"s":{"a":0,"k":[100,100,100],"ix":6}},"ao":0,"ip":39.6,"op":40.2,"st":39.6,"bm":0},{"ddd":0,"ind":68,"ty":2,"nm":"mmexport1591052695065_00067.png","cl":"png","refId":"image_67","sr":1,"ks":{"o":{"a":0,"k":100,"ix":11},"r":{"a":0,"k":0,"ix":10},"p":{"a":0,"k":[518,288,0],"ix":2},"a":{"a":0,"k":[518,288,0],"ix":1},"s":{"a":0,"k":[100,100,100],"ix":6}},"ao":0,"ip":40.2,"op":40.8,"st":40.2,"bm":0},{"ddd":0,"ind":69,"ty":2,"nm":"mmexport1591052695065_00068.png","cl":"png","refId":"image_68","sr":1,"ks":{"o":{"a":0,"k":100,"ix":11},"r":{"a":0,"k":0,"ix":10},"p":{"a":0,"k":[518,288,0],"ix":2},"a":{"a":0,"k":[518,288,0],"ix":1},"s":{"a":0,"k":[100,100,100],"ix":6}},"ao":0,"ip":40.8,"op":41.4,"st":40.8,"bm":0},{"ddd":0,"ind":70,"ty":2,"nm":"mmexport1591052695065_00069.png","cl":"png","refId":"image_69","sr":1,"ks":{"o":{"a":0,"k":100,"ix":11},"r":{"a":0,"k":0,"ix":10},"p":{"a":0,"k":[518,288,0],"ix":2},"a":{"a":0,"k":[518,288,0],"ix":1},"s":{"a":0,"k":[100,100,100],"ix":6}},"ao":0,"ip":41.4,"op":42,"st":41.4,"bm":0},{"ddd":0,"ind":71,"ty":2,"nm":"mmexport1591052695065_00070.png","cl":"png","refId":"image_70","sr":1,"ks":{"o":{"a":0,"k":100,"ix":11},"r":{"a":0,"k":0,"ix":10},"p":{"a":0,"k":[518,288,0],"ix":2},"a":{"a":0,"k":[518,288,0],"ix":1},"s":{"a":0,"k":[100,100,100],"ix":6}},"ao":0,"ip":42,"op":42.6,"st":42,"bm":0},{"ddd":0,"ind":72,"ty":2,"nm":"mmexport1591052695065_00071.png","cl":"png","refId":"image_71","sr":1,"ks":{"o":{"a":0,"k":100,"ix":11},"r":{"a":0,"k":0,"ix":10},"p":{"a":0,"k":[518,288,0],"ix":2},"a":{"a":0,"k":[518,288,0],"ix":1},"s":{"a":0,"k":[100,100,100],"ix":6}},"ao":0,"ip":42.6,"op":43.2,"st":42.6,"bm":0},{"ddd":0,"ind":73,"ty":2,"nm":"mmexport1591052695065_00072.png","cl":"png","refId":"image_72","sr":1,"ks":{"o":{"a":0,"k":100,"ix":11},"r":{"a":0,"k":0,"ix":10},"p":{"a":0,"k":[518,288,0],"ix":2},"a":{"a":0,"k":[518,288,0],"ix":1},"s":{"a":0,"k":[100,100,100],"ix":6}},"ao":0,"ip":43.2,"op":43.8,"st":43.2,"bm":0},{"ddd":0,"ind":74,"ty":2,"nm":"mmexport1591052695065_00073.png","cl":"png","refId":"image_73","sr":1,"ks":{"o":{"a":0,"k":100,"ix":11},"r":{"a":0,"k":0,"ix":10},"p":{"a":0,"k":[518,288,0],"ix":2},"a":{"a":0,"k":[518,288,0],"ix":1},"s":{"a":0,"k":[100,100,100],"ix":6}},"ao":0,"ip":43.8,"op":44.4,"st":43.8,"bm":0},{"ddd":0,"ind":75,"ty":2,"nm":"mmexport1591052695065_00074.png","cl":"png","refId":"image_74","sr":1,"ks":{"o":{"a":0,"k":100,"ix":11},"r":{"a":0,"k":0,"ix":10},"p":{"a":0,"k":[518,288,0],"ix":2},"a":{"a":0,"k":[518,288,0],"ix":1},"s":{"a":0,"k":[100,100,100],"ix":6}},"ao":0,"ip":44.4,"op":45,"st":44.4,"bm":0},{"ddd":0,"ind":76,"ty":2,"nm":"mmexport1591052695065_00075.png","cl":"png","refId":"image_75","sr":1,"ks":{"o":{"a":0,"k":100,"ix":11},"r":{"a":0,"k":0,"ix":10},"p":{"a":0,"k":[518,288,0],"ix":2},"a":{"a":0,"k":[518,288,0],"ix":1},"s":{"a":0,"k":[100,100,100],"ix":6}},"ao":0,"ip":45,"op":45.6,"st":45,"bm":0},{"ddd":0,"ind":77,"ty":2,"nm":"mmexport1591052695065_00076.png","cl":"png","refId":"image_76","sr":1,"ks":{"o":{"a":0,"k":100,"ix":11},"r":{"a":0,"k":0,"ix":10},"p":{"a":0,"k":[518,288,0],"ix":2},"a":{"a":0,"k":[518,288,0],"ix":1},"s":{"a":0,"k":[100,100,100],"ix":6}},"ao":0,"ip":45.6,"op":46.2,"st":45.6,"bm":0},{"ddd":0,"ind":78,"ty":2,"nm":"mmexport1591052695065_00077.png","cl":"png","refId":"image_77","sr":1,"ks":{"o":{"a":0,"k":100,"ix":11},"r":{"a":0,"k":0,"ix":10},"p":{"a":0,"k":[518,288,0],"ix":2},"a":{"a":0,"k":[518,288,0],"ix":1},"s":{"a":0,"k":[100,100,100],"ix":6}},"ao":0,"ip":46.2,"op":46.8,"st":46.2,"bm":0},{"ddd":0,"ind":79,"ty":2,"nm":"mmexport1591052695065_00078.png","cl":"png","refId":"image_78","sr":1,"ks":{"o":{"a":0,"k":100,"ix":11},"r":{"a":0,"k":0,"ix":10},"p":{"a":0,"k":[518,288,0],"ix":2},"a":{"a":0,"k":[518,288,0],"ix":1},"s":{"a":0,"k":[100,100,100],"ix":6}},"ao":0,"ip":46.8,"op":47.4,"st":46.8,"bm":0},{"ddd":0,"ind":80,"ty":2,"nm":"mmexport1591052695065_00079.png","cl":"png","refId":"image_79","sr":1,"ks":{"o":{"a":0,"k":100,"ix":11},"r":{"a":0,"k":0,"ix":10},"p":{"a":0,"k":[518,288,0],"ix":2},"a":{"a":0,"k":[518,288,0],"ix":1},"s":{"a":0,"k":[100,100,100],"ix":6}},"ao":0,"ip":47.4,"op":48,"st":47.4,"bm":0},{"ddd":0,"ind":81,"ty":2,"nm":"mmexport1591052695065_00080.png","cl":"png","refId":"image_80","sr":1,"ks":{"o":{"a":0,"k":100,"ix":11},"r":{"a":0,"k":0,"ix":10},"p":{"a":0,"k":[518,288,0],"ix":2},"a":{"a":0,"k":[518,288,0],"ix":1},"s":{"a":0,"k":[100,100,100],"ix":6}},"ao":0,"ip":48,"op":48.6,"st":48,"bm":0},{"ddd":0,"ind":82,"ty":2,"nm":"mmexport1591052695065_00081.png","cl":"png","refId":"image_81","sr":1,"ks":{"o":{"a":0,"k":100,"ix":11},"r":{"a":0,"k":0,"ix":10},"p":{"a":0,"k":[518,288,0],"ix":2},"a":{"a":0,"k":[518,288,0],"ix":1},"s":{"a":0,"k":[100,100,100],"ix":6}},"ao":0,"ip":48.6,"op":49.2,"st":48.6,"bm":0},{"ddd":0,"ind":83,"ty":2,"nm":"mmexport1591052695065_00082.png","cl":"png","refId":"image_82","sr":1,"ks":{"o":{"a":0,"k":100,"ix":11},"r":{"a":0,"k":0,"ix":10},"p":{"a":0,"k":[518,288,0],"ix":2},"a":{"a":0,"k":[518,288,0],"ix":1},"s":{"a":0,"k":[100,100,100],"ix":6}},"ao":0,"ip":49.2,"op":49.8,"st":49.2,"bm":0},{"ddd":0,"ind":84,"ty":2,"nm":"mmexport1591052695065_00083.png","cl":"png","refId":"image_83","sr":1,"ks":{"o":{"a":0,"k":100,"ix":11},"r":{"a":0,"k":0,"ix":10},"p":{"a":0,"k":[518,288,0],"ix":2},"a":{"a":0,"k":[518,288,0],"ix":1},"s":{"a":0,"k":[100,100,100],"ix":6}},"ao":0,"ip":49.8,"op":50.4,"st":49.8,"bm":0},{"ddd":0,"ind":85,"ty":2,"nm":"mmexport1591052695065_00084.png","cl":"png","refId":"image_84","sr":1,"ks":{"o":{"a":0,"k":100,"ix":11},"r":{"a":0,"k":0,"ix":10},"p":{"a":0,"k":[518,288,0],"ix":2},"a":{"a":0,"k":[518,288,0],"ix":1},"s":{"a":0,"k":[100,100,100],"ix":6}},"ao":0,"ip":50.4,"op":51,"st":50.4,"bm":0},{"ddd":0,"ind":86,"ty":2,"nm":"mmexport1591052695065_00085.png","cl":"png","refId":"image_85","sr":1,"ks":{"o":{"a":0,"k":100,"ix":11},"r":{"a":0,"k":0,"ix":10},"p":{"a":0,"k":[518,288,0],"ix":2},"a":{"a":0,"k":[518,288,0],"ix":1},"s":{"a":0,"k":[100,100,100],"ix":6}},"ao":0,"ip":51,"op":51.6,"st":51,"bm":0},{"ddd":0,"ind":87,"ty":2,"nm":"mmexport1591052695065_00086.png","cl":"png","refId":"image_86","sr":1,"ks":{"o":{"a":0,"k":100,"ix":11},"r":{"a":0,"k":0,"ix":10},"p":{"a":0,"k":[518,288,0],"ix":2},"a":{"a":0,"k":[518,288,0],"ix":1},"s":{"a":0,"k":[100,100,100],"ix":6}},"ao":0,"ip":51.6,"op":52.2,"st":51.6,"bm":0},{"ddd":0,"ind":88,"ty":2,"nm":"mmexport1591052695065_00087.png","cl":"png","refId":"image_87","sr":1,"ks":{"o":{"a":0,"k":100,"ix":11},"r":{"a":0,"k":0,"ix":10},"p":{"a":0,"k":[518,288,0],"ix":2},"a":{"a":0,"k":[518,288,0],"ix":1},"s":{"a":0,"k":[100,100,100],"ix":6}},"ao":0,"ip":52.2,"op":52.8,"st":52.2,"bm":0},{"ddd":0,"ind":89,"ty":2,"nm":"mmexport1591052695065_00088.png","cl":"png","refId":"image_88","sr":1,"ks":{"o":{"a":0,"k":100,"ix":11},"r":{"a":0,"k":0,"ix":10},"p":{"a":0,"k":[518,288,0],"ix":2},"a":{"a":0,"k":[518,288,0],"ix":1},"s":{"a":0,"k":[100,100,100],"ix":6}},"ao":0,"ip":52.8,"op":53.4,"st":52.8,"bm":0},{"ddd":0,"ind":90,"ty":2,"nm":"mmexport1591052695065_00089.png","cl":"png","refId":"image_89","sr":1,"ks":{"o":{"a":0,"k":100,"ix":11},"r":{"a":0,"k":0,"ix":10},"p":{"a":0,"k":[518,288,0],"ix":2},"a":{"a":0,"k":[518,288,0],"ix":1},"s":{"a":0,"k":[100,100,100],"ix":6}},"ao":0,"ip":53.4,"op":54,"st":53.4,"bm":0},{"ddd":0,"ind":91,"ty":2,"nm":"mmexport1591052695065_00090.png","cl":"png","refId":"image_90","sr":1,"ks":{"o":{"a":0,"k":100,"ix":11},"r":{"a":0,"k":0,"ix":10},"p":{"a":0,"k":[518,288,0],"ix":2},"a":{"a":0,"k":[518,288,0],"ix":1},"s":{"a":0,"k":[100,100,100],"ix":6}},"ao":0,"ip":54,"op":54.6,"st":54,"bm":0},{"ddd":0,"ind":92,"ty":2,"nm":"mmexport1591052695065_00091.png","cl":"png","refId":"image_91","sr":1,"ks":{"o":{"a":0,"k":100,"ix":11},"r":{"a":0,"k":0,"ix":10},"p":{"a":0,"k":[518,288,0],"ix":2},"a":{"a":0,"k":[518,288,0],"ix":1},"s":{"a":0,"k":[100,100,100],"ix":6}},"ao":0,"ip":54.6,"op":55.2,"st":54.6,"bm":0},{"ddd":0,"ind":93,"ty":2,"nm":"mmexport1591052695065_00092.png","cl":"png","refId":"image_92","sr":1,"ks":{"o":{"a":0,"k":100,"ix":11},"r":{"a":0,"k":0,"ix":10},"p":{"a":0,"k":[518,288,0],"ix":2},"a":{"a":0,"k":[518,288,0],"ix":1},"s":{"a":0,"k":[100,100,100],"ix":6}},"ao":0,"ip":55.2,"op":55.8,"st":55.2,"bm":0},{"ddd":0,"ind":94,"ty":2,"nm":"mmexport1591052695065_00093.png","cl":"png","refId":"image_93","sr":1,"ks":{"o":{"a":0,"k":100,"ix":11},"r":{"a":0,"k":0,"ix":10},"p":{"a":0,"k":[518,288,0],"ix":2},"a":{"a":0,"k":[518,288,0],"ix":1},"s":{"a":0,"k":[100,100,100],"ix":6}},"ao":0,"ip":55.8,"op":56.4,"st":55.8,"bm":0},{"ddd":0,"ind":95,"ty":2,"nm":"mmexport1591052695065_00094.png","cl":"png","refId":"image_94","sr":1,"ks":{"o":{"a":0,"k":100,"ix":11},"r":{"a":0,"k":0,"ix":10},"p":{"a":0,"k":[518,288,0],"ix":2},"a":{"a":0,"k":[518,288,0],"ix":1},"s":{"a":0,"k":[100,100,100],"ix":6}},"ao":0,"ip":56.4,"op":57,"st":56.4,"bm":0},{"ddd":0,"ind":96,"ty":2,"nm":"mmexport1591052695065_00095.png","cl":"png","refId":"image_95","sr":1,"ks":{"o":{"a":0,"k":100,"ix":11},"r":{"a":0,"k":0,"ix":10},"p":{"a":0,"k":[518,288,0],"ix":2},"a":{"a":0,"k":[518,288,0],"ix":1},"s":{"a":0,"k":[100,100,100],"ix":6}},"ao":0,"ip":57,"op":57.6,"st":57,"bm":0},{"ddd":0,"ind":97,"ty":2,"nm":"mmexport1591052695065_00096.png","cl":"png","refId":"image_96","sr":1,"ks":{"o":{"a":0,"k":100,"ix":11},"r":{"a":0,"k":0,"ix":10},"p":{"a":0,"k":[518,288,0],"ix":2},"a":{"a":0,"k":[518,288,0],"ix":1},"s":{"a":0,"k":[100,100,100],"ix":6}},"ao":0,"ip":57.6,"op":58.2,"st":57.6,"bm":0},{"ddd":0,"ind":98,"ty":2,"nm":"mmexport1591052695065_00097.png","cl":"png","refId":"image_97","sr":1,"ks":{"o":{"a":0,"k":100,"ix":11},"r":{"a":0,"k":0,"ix":10},"p":{"a":0,"k":[518,288,0],"ix":2},"a":{"a":0,"k":[518,288,0],"ix":1},"s":{"a":0,"k":[100,100,100],"ix":6}},"ao":0,"ip":58.2,"op":58.8,"st":58.2,"bm":0},{"ddd":0,"ind":99,"ty":2,"nm":"mmexport1591052695065_00098.png","cl":"png","refId":"image_98","sr":1,"ks":{"o":{"a":0,"k":100,"ix":11},"r":{"a":0,"k":0,"ix":10},"p":{"a":0,"k":[518,288,0],"ix":2},"a":{"a":0,"k":[518,288,0],"ix":1},"s":{"a":0,"k":[100,100,100],"ix":6}},"ao":0,"ip":58.8,"op":59.4,"st":58.8,"bm":0},{"ddd":0,"ind":100,"ty":2,"nm":"mmexport1591052695065_00099.png","cl":"png","refId":"image_99","sr":1,"ks":{"o":{"a":0,"k":100,"ix":11},"r":{"a":0,"k":0,"ix":10},"p":{"a":0,"k":[518,288,0],"ix":2},"a":{"a":0,"k":[518,288,0],"ix":1},"s":{"a":0,"k":[100,100,100],"ix":6}},"ao":0,"ip":59.4,"op":60,"st":59.4,"bm":0},{"ddd":0,"ind":101,"ty":2,"nm":"mmexport1591052695065_00100.png","cl":"png","refId":"image_100","sr":1,"ks":{"o":{"a":0,"k":100,"ix":11},"r":{"a":0,"k":0,"ix":10},"p":{"a":0,"k":[518,288,0],"ix":2},"a":{"a":0,"k":[518,288,0],"ix":1},"s":{"a":0,"k":[100,100,100],"ix":6}},"ao":0,"ip":60,"op":60.6,"st":60,"bm":0},{"ddd":0,"ind":102,"ty":2,"nm":"mmexport1591052695065_00101.png","cl":"png","refId":"image_101","sr":1,"ks":{"o":{"a":0,"k":100,"ix":11},"r":{"a":0,"k":0,"ix":10},"p":{"a":0,"k":[518,288,0],"ix":2},"a":{"a":0,"k":[518,288,0],"ix":1},"s":{"a":0,"k":[100,100,100],"ix":6}},"ao":0,"ip":60.6,"op":61.2,"st":60.6,"bm":0},{"ddd":0,"ind":103,"ty":2,"nm":"mmexport1591052695065_00102.png","cl":"png","refId":"image_102","sr":1,"ks":{"o":{"a":0,"k":100,"ix":11},"r":{"a":0,"k":0,"ix":10},"p":{"a":0,"k":[518,288,0],"ix":2},"a":{"a":0,"k":[518,288,0],"ix":1},"s":{"a":0,"k":[100,100,100],"ix":6}},"ao":0,"ip":61.2,"op":61.8,"st":61.2,"bm":0},{"ddd":0,"ind":104,"ty":2,"nm":"mmexport1591052695065_00103.png","cl":"png","refId":"image_103","sr":1,"ks":{"o":{"a":0,"k":100,"ix":11},"r":{"a":0,"k":0,"ix":10},"p":{"a":0,"k":[518,288,0],"ix":2},"a":{"a":0,"k":[518,288,0],"ix":1},"s":{"a":0,"k":[100,100,100],"ix":6}},"ao":0,"ip":61.8,"op":62.4,"st":61.8,"bm":0},{"ddd":0,"ind":105,"ty":2,"nm":"mmexport1591052695065_00104.png","cl":"png","refId":"image_104","sr":1,"ks":{"o":{"a":0,"k":100,"ix":11},"r":{"a":0,"k":0,"ix":10},"p":{"a":0,"k":[518,288,0],"ix":2},"a":{"a":0,"k":[518,288,0],"ix":1},"s":{"a":0,"k":[100,100,100],"ix":6}},"ao":0,"ip":62.4,"op":63,"st":62.4,"bm":0},{"ddd":0,"ind":106,"ty":2,"nm":"mmexport1591052695065_00105.png","cl":"png","refId":"image_105","sr":1,"ks":{"o":{"a":0,"k":100,"ix":11},"r":{"a":0,"k":0,"ix":10},"p":{"a":0,"k":[518,288,0],"ix":2},"a":{"a":0,"k":[518,288,0],"ix":1},"s":{"a":0,"k":[100,100,100],"ix":6}},"ao":0,"ip":63,"op":63.6,"st":63,"bm":0},{"ddd":0,"ind":107,"ty":2,"nm":"mmexport1591052695065_00106.png","cl":"png","refId":"image_106","sr":1,"ks":{"o":{"a":0,"k":100,"ix":11},"r":{"a":0,"k":0,"ix":10},"p":{"a":0,"k":[518,288,0],"ix":2},"a":{"a":0,"k":[518,288,0],"ix":1},"s":{"a":0,"k":[100,100,100],"ix":6}},"ao":0,"ip":63.6,"op":64.2,"st":63.6,"bm":0},{"ddd":0,"ind":108,"ty":2,"nm":"mmexport1591052695065_00107.png","cl":"png","refId":"image_107","sr":1,"ks":{"o":{"a":0,"k":100,"ix":11},"r":{"a":0,"k":0,"ix":10},"p":{"a":0,"k":[518,288,0],"ix":2},"a":{"a":0,"k":[518,288,0],"ix":1},"s":{"a":0,"k":[100,100,100],"ix":6}},"ao":0,"ip":64.2,"op":64.8,"st":64.2,"bm":0},{"ddd":0,"ind":109,"ty":2,"nm":"mmexport1591052695065_00108.png","cl":"png","refId":"image_108","sr":1,"ks":{"o":{"a":0,"k":100,"ix":11},"r":{"a":0,"k":0,"ix":10},"p":{"a":0,"k":[518,288,0],"ix":2},"a":{"a":0,"k":[518,288,0],"ix":1},"s":{"a":0,"k":[100,100,100],"ix":6}},"ao":0,"ip":64.8,"op":65.4,"st":64.8,"bm":0},{"ddd":0,"ind":110,"ty":2,"nm":"mmexport1591052695065_00109.png","cl":"png","refId":"image_109","sr":1,"ks":{"o":{"a":0,"k":100,"ix":11},"r":{"a":0,"k":0,"ix":10},"p":{"a":0,"k":[518,288,0],"ix":2},"a":{"a":0,"k":[518,288,0],"ix":1},"s":{"a":0,"k":[100,100,100],"ix":6}},"ao":0,"ip":65.4,"op":66,"st":65.4,"bm":0},{"ddd":0,"ind":111,"ty":2,"nm":"mmexport1591052695065_00110.png","cl":"png","refId":"image_110","sr":1,"ks":{"o":{"a":0,"k":100,"ix":11},"r":{"a":0,"k":0,"ix":10},"p":{"a":0,"k":[518,288,0],"ix":2},"a":{"a":0,"k":[518,288,0],"ix":1},"s":{"a":0,"k":[100,100,100],"ix":6}},"ao":0,"ip":66,"op":66.6,"st":66,"bm":0},{"ddd":0,"ind":112,"ty":2,"nm":"mmexport1591052695065_00111.png","cl":"png","refId":"image_111","sr":1,"ks":{"o":{"a":0,"k":100,"ix":11},"r":{"a":0,"k":0,"ix":10},"p":{"a":0,"k":[518,288,0],"ix":2},"a":{"a":0,"k":[518,288,0],"ix":1},"s":{"a":0,"k":[100,100,100],"ix":6}},"ao":0,"ip":66.6,"op":67.2,"st":66.6,"bm":0},{"ddd":0,"ind":113,"ty":2,"nm":"mmexport1591052695065_00112.png","cl":"png","refId":"image_112","sr":1,"ks":{"o":{"a":0,"k":100,"ix":11},"r":{"a":0,"k":0,"ix":10},"p":{"a":0,"k":[518,288,0],"ix":2},"a":{"a":0,"k":[518,288,0],"ix":1},"s":{"a":0,"k":[100,100,100],"ix":6}},"ao":0,"ip":67.2,"op":67.8,"st":67.2,"bm":0},{"ddd":0,"ind":114,"ty":2,"nm":"mmexport1591052695065_00113.png","cl":"png","refId":"image_113","sr":1,"ks":{"o":{"a":0,"k":100,"ix":11},"r":{"a":0,"k":0,"ix":10},"p":{"a":0,"k":[518,288,0],"ix":2},"a":{"a":0,"k":[518,288,0],"ix":1},"s":{"a":0,"k":[100,100,100],"ix":6}},"ao":0,"ip":67.8,"op":68.4,"st":67.8,"bm":0},{"ddd":0,"ind":115,"ty":2,"nm":"mmexport1591052695065_00114.png","cl":"png","refId":"image_114","sr":1,"ks":{"o":{"a":0,"k":100,"ix":11},"r":{"a":0,"k":0,"ix":10},"p":{"a":0,"k":[518,288,0],"ix":2},"a":{"a":0,"k":[518,288,0],"ix":1},"s":{"a":0,"k":[100,100,100],"ix":6}},"ao":0,"ip":68.4,"op":69,"st":68.4,"bm":0},{"ddd":0,"ind":116,"ty":2,"nm":"mmexport1591052695065_00115.png","cl":"png","refId":"image_115","sr":1,"ks":{"o":{"a":0,"k":100,"ix":11},"r":{"a":0,"k":0,"ix":10},"p":{"a":0,"k":[518,288,0],"ix":2},"a":{"a":0,"k":[518,288,0],"ix":1},"s":{"a":0,"k":[100,100,100],"ix":6}},"ao":0,"ip":69,"op":69.6,"st":69,"bm":0},{"ddd":0,"ind":117,"ty":2,"nm":"mmexport1591052695065_00116.png","cl":"png","refId":"image_116","sr":1,"ks":{"o":{"a":0,"k":100,"ix":11},"r":{"a":0,"k":0,"ix":10},"p":{"a":0,"k":[518,288,0],"ix":2},"a":{"a":0,"k":[518,288,0],"ix":1},"s":{"a":0,"k":[100,100,100],"ix":6}},"ao":0,"ip":69.6,"op":70.2,"st":69.6,"bm":0},{"ddd":0,"ind":118,"ty":2,"nm":"mmexport1591052695065_00117.png","cl":"png","refId":"image_117","sr":1,"ks":{"o":{"a":0,"k":100,"ix":11},"r":{"a":0,"k":0,"ix":10},"p":{"a":0,"k":[518,288,0],"ix":2},"a":{"a":0,"k":[518,288,0],"ix":1},"s":{"a":0,"k":[100,100,100],"ix":6}},"ao":0,"ip":70.2,"op":70.8,"st":70.2,"bm":0},{"ddd":0,"ind":119,"ty":2,"nm":"mmexport1591052695065_00118.png","cl":"png","refId":"image_118","sr":1,"ks":{"o":{"a":0,"k":100,"ix":11},"r":{"a":0,"k":0,"ix":10},"p":{"a":0,"k":[518,288,0],"ix":2},"a":{"a":0,"k":[518,288,0],"ix":1},"s":{"a":0,"k":[100,100,100],"ix":6}},"ao":0,"ip":70.8,"op":71.4,"st":70.8,"bm":0},{"ddd":0,"ind":120,"ty":2,"nm":"mmexport1591052695065_00119.png","cl":"png","refId":"image_119","sr":1,"ks":{"o":{"a":0,"k":100,"ix":11},"r":{"a":0,"k":0,"ix":10},"p":{"a":0,"k":[518,288,0],"ix":2},"a":{"a":0,"k":[518,288,0],"ix":1},"s":{"a":0,"k":[100,100,100],"ix":6}},"ao":0,"ip":71.4,"op":72,"st":71.4,"bm":0},{"ddd":0,"ind":121,"ty":2,"nm":"mmexport1591052695065_00120.png","cl":"png","refId":"image_120","sr":1,"ks":{"o":{"a":0,"k":100,"ix":11},"r":{"a":0,"k":0,"ix":10},"p":{"a":0,"k":[518,288,0],"ix":2},"a":{"a":0,"k":[518,288,0],"ix":1},"s":{"a":0,"k":[100,100,100],"ix":6}},"ao":0,"ip":72,"op":72.6,"st":72,"bm":0},{"ddd":0,"ind":122,"ty":2,"nm":"mmexport1591052695065_00121.png","cl":"png","refId":"image_121","sr":1,"ks":{"o":{"a":0,"k":100,"ix":11},"r":{"a":0,"k":0,"ix":10},"p":{"a":0,"k":[518,288,0],"ix":2},"a":{"a":0,"k":[518,288,0],"ix":1},"s":{"a":0,"k":[100,100,100],"ix":6}},"ao":0,"ip":72.6,"op":73.2,"st":72.6,"bm":0},{"ddd":0,"ind":123,"ty":2,"nm":"mmexport1591052695065_00122.png","cl":"png","refId":"image_122","sr":1,"ks":{"o":{"a":0,"k":100,"ix":11},"r":{"a":0,"k":0,"ix":10},"p":{"a":0,"k":[518,288,0],"ix":2},"a":{"a":0,"k":[518,288,0],"ix":1},"s":{"a":0,"k":[100,100,100],"ix":6}},"ao":0,"ip":73.2,"op":73.8,"st":73.2,"bm":0},{"ddd":0,"ind":124,"ty":2,"nm":"mmexport1591052695065_00123.png","cl":"png","refId":"image_123","sr":1,"ks":{"o":{"a":0,"k":100,"ix":11},"r":{"a":0,"k":0,"ix":10},"p":{"a":0,"k":[518,288,0],"ix":2},"a":{"a":0,"k":[518,288,0],"ix":1},"s":{"a":0,"k":[100,100,100],"ix":6}},"ao":0,"ip":73.8,"op":74.4,"st":73.8,"bm":0},{"ddd":0,"ind":125,"ty":2,"nm":"mmexport1591052695065_00124.png","cl":"png","refId":"image_124","sr":1,"ks":{"o":{"a":0,"k":100,"ix":11},"r":{"a":0,"k":0,"ix":10},"p":{"a":0,"k":[518,288,0],"ix":2},"a":{"a":0,"k":[518,288,0],"ix":1},"s":{"a":0,"k":[100,100,100],"ix":6}},"ao":0,"ip":74.4,"op":75,"st":74.4,"bm":0},{"ddd":0,"ind":126,"ty":2,"nm":"mmexport1591052695065_00125.png","cl":"png","refId":"image_125","sr":1,"ks":{"o":{"a":0,"k":100,"ix":11},"r":{"a":0,"k":0,"ix":10},"p":{"a":0,"k":[518,288,0],"ix":2},"a":{"a":0,"k":[518,288,0],"ix":1},"s":{"a":0,"k":[100,100,100],"ix":6}},"ao":0,"ip":75,"op":75.6,"st":75,"bm":0},{"ddd":0,"ind":127,"ty":2,"nm":"mmexport1591052695065_00126.png","cl":"png","refId":"image_126","sr":1,"ks":{"o":{"a":0,"k":100,"ix":11},"r":{"a":0,"k":0,"ix":10},"p":{"a":0,"k":[518,288,0],"ix":2},"a":{"a":0,"k":[518,288,0],"ix":1},"s":{"a":0,"k":[100,100,100],"ix":6}},"ao":0,"ip":75.6,"op":76.2,"st":75.6,"bm":0},{"ddd":0,"ind":128,"ty":2,"nm":"mmexport1591052695065_00127.png","cl":"png","refId":"image_127","sr":1,"ks":{"o":{"a":0,"k":100,"ix":11},"r":{"a":0,"k":0,"ix":10},"p":{"a":0,"k":[518,288,0],"ix":2},"a":{"a":0,"k":[518,288,0],"ix":1},"s":{"a":0,"k":[100,100,100],"ix":6}},"ao":0,"ip":76.2,"op":76.8,"st":76.2,"bm":0},{"ddd":0,"ind":129,"ty":2,"nm":"mmexport1591052695065_00128.png","cl":"png","refId":"image_128","sr":1,"ks":{"o":{"a":0,"k":100,"ix":11},"r":{"a":0,"k":0,"ix":10},"p":{"a":0,"k":[518,288,0],"ix":2},"a":{"a":0,"k":[518,288,0],"ix":1},"s":{"a":0,"k":[100,100,100],"ix":6}},"ao":0,"ip":76.8,"op":77.4,"st":76.8,"bm":0},{"ddd":0,"ind":130,"ty":2,"nm":"mmexport1591052695065_00129.png","cl":"png","refId":"image_129","sr":1,"ks":{"o":{"a":0,"k":100,"ix":11},"r":{"a":0,"k":0,"ix":10},"p":{"a":0,"k":[518,288,0],"ix":2},"a":{"a":0,"k":[518,288,0],"ix":1},"s":{"a":0,"k":[100,100,100],"ix":6}},"ao":0,"ip":77.4,"op":78,"st":77.4,"bm":0},{"ddd":0,"ind":131,"ty":2,"nm":"mmexport1591052695065_00130.png","cl":"png","refId":"image_130","sr":1,"ks":{"o":{"a":0,"k":100,"ix":11},"r":{"a":0,"k":0,"ix":10},"p":{"a":0,"k":[518,288,0],"ix":2},"a":{"a":0,"k":[518,288,0],"ix":1},"s":{"a":0,"k":[100,100,100],"ix":6}},"ao":0,"ip":78,"op":78.6,"st":78,"bm":0},{"ddd":0,"ind":132,"ty":2,"nm":"mmexport1591052695065_00131.png","cl":"png","refId":"image_131","sr":1,"ks":{"o":{"a":0,"k":100,"ix":11},"r":{"a":0,"k":0,"ix":10},"p":{"a":0,"k":[518,288,0],"ix":2},"a":{"a":0,"k":[518,288,0],"ix":1},"s":{"a":0,"k":[100,100,100],"ix":6}},"ao":0,"ip":78.6,"op":79.2,"st":78.6,"bm":0},{"ddd":0,"ind":133,"ty":2,"nm":"mmexport1591052695065_00132.png","cl":"png","refId":"image_132","sr":1,"ks":{"o":{"a":0,"k":100,"ix":11},"r":{"a":0,"k":0,"ix":10},"p":{"a":0,"k":[518,288,0],"ix":2},"a":{"a":0,"k":[518,288,0],"ix":1},"s":{"a":0,"k":[100,100,100],"ix":6}},"ao":0,"ip":79.2,"op":79.8,"st":79.2,"bm":0},{"ddd":0,"ind":134,"ty":2,"nm":"mmexport1591052695065_00133.png","cl":"png","refId":"image_133","sr":1,"ks":{"o":{"a":0,"k":100,"ix":11},"r":{"a":0,"k":0,"ix":10},"p":{"a":0,"k":[518,288,0],"ix":2},"a":{"a":0,"k":[518,288,0],"ix":1},"s":{"a":0,"k":[100,100,100],"ix":6}},"ao":0,"ip":79.8,"op":80.4,"st":79.8,"bm":0},{"ddd":0,"ind":135,"ty":2,"nm":"mmexport1591052695065_00134.png","cl":"png","refId":"image_134","sr":1,"ks":{"o":{"a":0,"k":100,"ix":11},"r":{"a":0,"k":0,"ix":10},"p":{"a":0,"k":[518,288,0],"ix":2},"a":{"a":0,"k":[518,288,0],"ix":1},"s":{"a":0,"k":[100,100,100],"ix":6}},"ao":0,"ip":80.4,"op":81,"st":80.4,"bm":0},{"ddd":0,"ind":136,"ty":2,"nm":"mmexport1591052695065_00135.png","cl":"png","refId":"image_135","sr":1,"ks":{"o":{"a":0,"k":100,"ix":11},"r":{"a":0,"k":0,"ix":10},"p":{"a":0,"k":[518,288,0],"ix":2},"a":{"a":0,"k":[518,288,0],"ix":1},"s":{"a":0,"k":[100,100,100],"ix":6}},"ao":0,"ip":81,"op":81.6,"st":81,"bm":0},{"ddd":0,"ind":137,"ty":2,"nm":"mmexport1591052695065_00136.png","cl":"png","refId":"image_136","sr":1,"ks":{"o":{"a":0,"k":100,"ix":11},"r":{"a":0,"k":0,"ix":10},"p":{"a":0,"k":[518,288,0],"ix":2},"a":{"a":0,"k":[518,288,0],"ix":1},"s":{"a":0,"k":[100,100,100],"ix":6}},"ao":0,"ip":81.6,"op":82.2,"st":81.6,"bm":0},{"ddd":0,"ind":138,"ty":2,"nm":"mmexport1591052695065_00137.png","cl":"png","refId":"image_137","sr":1,"ks":{"o":{"a":0,"k":100,"ix":11},"r":{"a":0,"k":0,"ix":10},"p":{"a":0,"k":[518,288,0],"ix":2},"a":{"a":0,"k":[518,288,0],"ix":1},"s":{"a":0,"k":[100,100,100],"ix":6}},"ao":0,"ip":82.2,"op":82.8,"st":82.2,"bm":0},{"ddd":0,"ind":139,"ty":2,"nm":"mmexport1591052695065_00138.png","cl":"png","refId":"image_138","sr":1,"ks":{"o":{"a":0,"k":100,"ix":11},"r":{"a":0,"k":0,"ix":10},"p":{"a":0,"k":[518,288,0],"ix":2},"a":{"a":0,"k":[518,288,0],"ix":1},"s":{"a":0,"k":[100,100,100],"ix":6}},"ao":0,"ip":82.8,"op":83.4,"st":82.8,"bm":0},{"ddd":0,"ind":140,"ty":2,"nm":"mmexport1591052695065_00139.png","cl":"png","refId":"image_139","sr":1,"ks":{"o":{"a":0,"k":100,"ix":11},"r":{"a":0,"k":0,"ix":10},"p":{"a":0,"k":[518,288,0],"ix":2},"a":{"a":0,"k":[518,288,0],"ix":1},"s":{"a":0,"k":[100,100,100],"ix":6}},"ao":0,"ip":83.4,"op":84,"st":83.4,"bm":0},{"ddd":0,"ind":141,"ty":2,"nm":"mmexport1591052695065_00140.png","cl":"png","refId":"image_140","sr":1,"ks":{"o":{"a":0,"k":100,"ix":11},"r":{"a":0,"k":0,"ix":10},"p":{"a":0,"k":[518,288,0],"ix":2},"a":{"a":0,"k":[518,288,0],"ix":1},"s":{"a":0,"k":[100,100,100],"ix":6}},"ao":0,"ip":84,"op":84.6,"st":84,"bm":0},{"ddd":0,"ind":142,"ty":2,"nm":"mmexport1591052695065_00141.png","cl":"png","refId":"image_141","sr":1,"ks":{"o":{"a":0,"k":100,"ix":11},"r":{"a":0,"k":0,"ix":10},"p":{"a":0,"k":[518,288,0],"ix":2},"a":{"a":0,"k":[518,288,0],"ix":1},"s":{"a":0,"k":[100,100,100],"ix":6}},"ao":0,"ip":84.6,"op":85.2,"st":84.6,"bm":0},{"ddd":0,"ind":143,"ty":2,"nm":"mmexport1591052695065_00142.png","cl":"png","refId":"image_142","sr":1,"ks":{"o":{"a":0,"k":100,"ix":11},"r":{"a":0,"k":0,"ix":10},"p":{"a":0,"k":[518,288,0],"ix":2},"a":{"a":0,"k":[518,288,0],"ix":1},"s":{"a":0,"k":[100,100,100],"ix":6}},"ao":0,"ip":85.2,"op":85.8,"st":85.2,"bm":0},{"ddd":0,"ind":144,"ty":2,"nm":"mmexport1591052695065_00143.png","cl":"png","refId":"image_143","sr":1,"ks":{"o":{"a":0,"k":100,"ix":11},"r":{"a":0,"k":0,"ix":10},"p":{"a":0,"k":[518,288,0],"ix":2},"a":{"a":0,"k":[518,288,0],"ix":1},"s":{"a":0,"k":[100,100,100],"ix":6}},"ao":0,"ip":85.8,"op":86.4,"st":85.8,"bm":0},{"ddd":0,"ind":145,"ty":2,"nm":"mmexport1591052695065_00144.png","cl":"png","refId":"image_144","sr":1,"ks":{"o":{"a":0,"k":100,"ix":11},"r":{"a":0,"k":0,"ix":10},"p":{"a":0,"k":[518,288,0],"ix":2},"a":{"a":0,"k":[518,288,0],"ix":1},"s":{"a":0,"k":[100,100,100],"ix":6}},"ao":0,"ip":86.4,"op":87,"st":86.4,"bm":0},{"ddd":0,"ind":146,"ty":2,"nm":"mmexport1591052695065_00145.png","cl":"png","refId":"image_145","sr":1,"ks":{"o":{"a":0,"k":100,"ix":11},"r":{"a":0,"k":0,"ix":10},"p":{"a":0,"k":[518,288,0],"ix":2},"a":{"a":0,"k":[518,288,0],"ix":1},"s":{"a":0,"k":[100,100,100],"ix":6}},"ao":0,"ip":87,"op":87.6,"st":87,"bm":0},{"ddd":0,"ind":147,"ty":2,"nm":"mmexport1591052695065_00146.png","cl":"png","refId":"image_146","sr":1,"ks":{"o":{"a":0,"k":100,"ix":11},"r":{"a":0,"k":0,"ix":10},"p":{"a":0,"k":[518,288,0],"ix":2},"a":{"a":0,"k":[518,288,0],"ix":1},"s":{"a":0,"k":[100,100,100],"ix":6}},"ao":0,"ip":87.6,"op":88.2,"st":87.6,"bm":0},{"ddd":0,"ind":148,"ty":2,"nm":"mmexport1591052695065_00147.png","cl":"png","refId":"image_147","sr":1,"ks":{"o":{"a":0,"k":100,"ix":11},"r":{"a":0,"k":0,"ix":10},"p":{"a":0,"k":[518,288,0],"ix":2},"a":{"a":0,"k":[518,288,0],"ix":1},"s":{"a":0,"k":[100,100,100],"ix":6}},"ao":0,"ip":88.2,"op":88.8,"st":88.2,"bm":0},{"ddd":0,"ind":149,"ty":2,"nm":"mmexport1591052695065_00148.png","cl":"png","refId":"image_148","sr":1,"ks":{"o":{"a":0,"k":100,"ix":11},"r":{"a":0,"k":0,"ix":10},"p":{"a":0,"k":[518,288,0],"ix":2},"a":{"a":0,"k":[518,288,0],"ix":1},"s":{"a":0,"k":[100,100,100],"ix":6}},"ao":0,"ip":88.8,"op":89.4,"st":88.8,"bm":0},{"ddd":0,"ind":150,"ty":2,"nm":"mmexport1591052695065_00149.png","cl":"png","refId":"image_149","sr":1,"ks":{"o":{"a":0,"k":100,"ix":11},"r":{"a":0,"k":0,"ix":10},"p":{"a":0,"k":[518,288,0],"ix":2},"a":{"a":0,"k":[518,288,0],"ix":1},"s":{"a":0,"k":[100,100,100],"ix":6}},"ao":0,"ip":89.4,"op":90,"st":89.4,"bm":0},{"ddd":0,"ind":151,"ty":2,"nm":"mmexport1591052695065_00150.png","cl":"png","refId":"image_150","sr":1,"ks":{"o":{"a":0,"k":100,"ix":11},"r":{"a":0,"k":0,"ix":10},"p":{"a":0,"k":[518,288,0],"ix":2},"a":{"a":0,"k":[518,288,0],"ix":1},"s":{"a":0,"k":[100,100,100],"ix":6}},"ao":0,"ip":90,"op":90.6,"st":90,"bm":0},{"ddd":0,"ind":152,"ty":2,"nm":"mmexport1591052695065_00151.png","cl":"png","refId":"image_151","sr":1,"ks":{"o":{"a":0,"k":100,"ix":11},"r":{"a":0,"k":0,"ix":10},"p":{"a":0,"k":[518,288,0],"ix":2},"a":{"a":0,"k":[518,288,0],"ix":1},"s":{"a":0,"k":[100,100,100],"ix":6}},"ao":0,"ip":90.6,"op":91.2,"st":90.6,"bm":0},{"ddd":0,"ind":153,"ty":2,"nm":"mmexport1591052695065_00152.png","cl":"png","refId":"image_152","sr":1,"ks":{"o":{"a":0,"k":100,"ix":11},"r":{"a":0,"k":0,"ix":10},"p":{"a":0,"k":[518,288,0],"ix":2},"a":{"a":0,"k":[518,288,0],"ix":1},"s":{"a":0,"k":[100,100,100],"ix":6}},"ao":0,"ip":91.2,"op":91.8,"st":91.2,"bm":0},{"ddd":0,"ind":154,"ty":2,"nm":"mmexport1591052695065_00153.png","cl":"png","refId":"image_153","sr":1,"ks":{"o":{"a":0,"k":100,"ix":11},"r":{"a":0,"k":0,"ix":10},"p":{"a":0,"k":[518,288,0],"ix":2},"a":{"a":0,"k":[518,288,0],"ix":1},"s":{"a":0,"k":[100,100,100],"ix":6}},"ao":0,"ip":91.8,"op":92.4,"st":91.8,"bm":0},{"ddd":0,"ind":155,"ty":2,"nm":"mmexport1591052695065_00154.png","cl":"png","refId":"image_154","sr":1,"ks":{"o":{"a":0,"k":100,"ix":11},"r":{"a":0,"k":0,"ix":10},"p":{"a":0,"k":[518,288,0],"ix":2},"a":{"a":0,"k":[518,288,0],"ix":1},"s":{"a":0,"k":[100,100,100],"ix":6}},"ao":0,"ip":92.4,"op":93,"st":92.4,"bm":0},{"ddd":0,"ind":156,"ty":2,"nm":"mmexport1591052695065_00155.png","cl":"png","refId":"image_155","sr":1,"ks":{"o":{"a":0,"k":100,"ix":11},"r":{"a":0,"k":0,"ix":10},"p":{"a":0,"k":[518,288,0],"ix":2},"a":{"a":0,"k":[518,288,0],"ix":1},"s":{"a":0,"k":[100,100,100],"ix":6}},"ao":0,"ip":93,"op":93.6,"st":93,"bm":0},{"ddd":0,"ind":157,"ty":2,"nm":"mmexport1591052695065_00156.png","cl":"png","refId":"image_156","sr":1,"ks":{"o":{"a":0,"k":100,"ix":11},"r":{"a":0,"k":0,"ix":10},"p":{"a":0,"k":[518,288,0],"ix":2},"a":{"a":0,"k":[518,288,0],"ix":1},"s":{"a":0,"k":[100,100,100],"ix":6}},"ao":0,"ip":93.6,"op":94.2,"st":93.6,"bm":0},{"ddd":0,"ind":158,"ty":2,"nm":"mmexport1591052695065_00157.png","cl":"png","refId":"image_157","sr":1,"ks":{"o":{"a":0,"k":100,"ix":11},"r":{"a":0,"k":0,"ix":10},"p":{"a":0,"k":[518,288,0],"ix":2},"a":{"a":0,"k":[518,288,0],"ix":1},"s":{"a":0,"k":[100,100,100],"ix":6}},"ao":0,"ip":94.2,"op":94.8,"st":94.2,"bm":0},{"ddd":0,"ind":159,"ty":2,"nm":"mmexport1591052695065_00158.png","cl":"png","refId":"image_158","sr":1,"ks":{"o":{"a":0,"k":100,"ix":11},"r":{"a":0,"k":0,"ix":10},"p":{"a":0,"k":[518,288,0],"ix":2},"a":{"a":0,"k":[518,288,0],"ix":1},"s":{"a":0,"k":[100,100,100],"ix":6}},"ao":0,"ip":94.8,"op":95.4,"st":94.8,"bm":0},{"ddd":0,"ind":160,"ty":2,"nm":"mmexport1591052695065_00159.png","cl":"png","refId":"image_159","sr":1,"ks":{"o":{"a":0,"k":100,"ix":11},"r":{"a":0,"k":0,"ix":10},"p":{"a":0,"k":[518,288,0],"ix":2},"a":{"a":0,"k":[518,288,0],"ix":1},"s":{"a":0,"k":[100,100,100],"ix":6}},"ao":0,"ip":95.4,"op":96,"st":95.4,"bm":0},{"ddd":0,"ind":161,"ty":2,"nm":"mmexport1591052695065_00160.png","cl":"png","refId":"image_160","sr":1,"ks":{"o":{"a":0,"k":100,"ix":11},"r":{"a":0,"k":0,"ix":10},"p":{"a":0,"k":[518,288,0],"ix":2},"a":{"a":0,"k":[518,288,0],"ix":1},"s":{"a":0,"k":[100,100,100],"ix":6}},"ao":0,"ip":96,"op":96.6,"st":96,"bm":0},{"ddd":0,"ind":162,"ty":2,"nm":"mmexport1591052695065_00161.png","cl":"png","refId":"image_161","sr":1,"ks":{"o":{"a":0,"k":100,"ix":11},"r":{"a":0,"k":0,"ix":10},"p":{"a":0,"k":[518,288,0],"ix":2},"a":{"a":0,"k":[518,288,0],"ix":1},"s":{"a":0,"k":[100,100,100],"ix":6}},"ao":0,"ip":96.6,"op":97.2,"st":96.6,"bm":0},{"ddd":0,"ind":163,"ty":2,"nm":"mmexport1591052695065_00162.png","cl":"png","refId":"image_162","sr":1,"ks":{"o":{"a":0,"k":100,"ix":11},"r":{"a":0,"k":0,"ix":10},"p":{"a":0,"k":[518,288,0],"ix":2},"a":{"a":0,"k":[518,288,0],"ix":1},"s":{"a":0,"k":[100,100,100],"ix":6}},"ao":0,"ip":97.2,"op":97.8,"st":97.2,"bm":0},{"ddd":0,"ind":164,"ty":2,"nm":"mmexport1591052695065_00163.png","cl":"png","refId":"image_163","sr":1,"ks":{"o":{"a":0,"k":100,"ix":11},"r":{"a":0,"k":0,"ix":10},"p":{"a":0,"k":[518,288,0],"ix":2},"a":{"a":0,"k":[518,288,0],"ix":1},"s":{"a":0,"k":[100,100,100],"ix":6}},"ao":0,"ip":97.8,"op":98.4,"st":97.8,"bm":0},{"ddd":0,"ind":165,"ty":2,"nm":"mmexport1591052695065_00164.png","cl":"png","refId":"image_164","sr":1,"ks":{"o":{"a":0,"k":100,"ix":11},"r":{"a":0,"k":0,"ix":10},"p":{"a":0,"k":[518,288,0],"ix":2},"a":{"a":0,"k":[518,288,0],"ix":1},"s":{"a":0,"k":[100,100,100],"ix":6}},"ao":0,"ip":98.4,"op":99,"st":98.4,"bm":0},{"ddd":0,"ind":166,"ty":2,"nm":"mmexport1591052695065_00165.png","cl":"png","refId":"image_165","sr":1,"ks":{"o":{"a":0,"k":100,"ix":11},"r":{"a":0,"k":0,"ix":10},"p":{"a":0,"k":[518,288,0],"ix":2},"a":{"a":0,"k":[518,288,0],"ix":1},"s":{"a":0,"k":[100,100,100],"ix":6}},"ao":0,"ip":99,"op":99.6,"st":99,"bm":0},{"ddd":0,"ind":167,"ty":2,"nm":"mmexport1591052695065_00166.png","cl":"png","refId":"image_166","sr":1,"ks":{"o":{"a":0,"k":100,"ix":11},"r":{"a":0,"k":0,"ix":10},"p":{"a":0,"k":[518,288,0],"ix":2},"a":{"a":0,"k":[518,288,0],"ix":1},"s":{"a":0,"k":[100,100,100],"ix":6}},"ao":0,"ip":99.6,"op":100.2,"st":99.6,"bm":0},{"ddd":0,"ind":168,"ty":2,"nm":"mmexport1591052695065_00167.png","cl":"png","refId":"image_167","sr":1,"ks":{"o":{"a":0,"k":100,"ix":11},"r":{"a":0,"k":0,"ix":10},"p":{"a":0,"k":[518,288,0],"ix":2},"a":{"a":0,"k":[518,288,0],"ix":1},"s":{"a":0,"k":[100,100,100],"ix":6}},"ao":0,"ip":100.2,"op":100.8,"st":100.2,"bm":0},{"ddd":0,"ind":169,"ty":2,"nm":"mmexport1591052695065_00168.png","cl":"png","refId":"image_168","sr":1,"ks":{"o":{"a":0,"k":100,"ix":11},"r":{"a":0,"k":0,"ix":10},"p":{"a":0,"k":[518,288,0],"ix":2},"a":{"a":0,"k":[518,288,0],"ix":1},"s":{"a":0,"k":[100,100,100],"ix":6}},"ao":0,"ip":100.8,"op":101.4,"st":100.8,"bm":0},{"ddd":0,"ind":170,"ty":2,"nm":"mmexport1591052695065_00169.png","cl":"png","refId":"image_169","sr":1,"ks":{"o":{"a":0,"k":100,"ix":11},"r":{"a":0,"k":0,"ix":10},"p":{"a":0,"k":[518,288,0],"ix":2},"a":{"a":0,"k":[518,288,0],"ix":1},"s":{"a":0,"k":[100,100,100],"ix":6}},"ao":0,"ip":101.4,"op":102,"st":101.4,"bm":0},{"ddd":0,"ind":171,"ty":2,"nm":"mmexport1591052695065_00170.png","cl":"png","refId":"image_170","sr":1,"ks":{"o":{"a":0,"k":100,"ix":11},"r":{"a":0,"k":0,"ix":10},"p":{"a":0,"k":[518,288,0],"ix":2},"a":{"a":0,"k":[518,288,0],"ix":1},"s":{"a":0,"k":[100,100,100],"ix":6}},"ao":0,"ip":102,"op":102.6,"st":102,"bm":0},{"ddd":0,"ind":172,"ty":2,"nm":"mmexport1591052695065_00171.png","cl":"png","refId":"image_171","sr":1,"ks":{"o":{"a":0,"k":100,"ix":11},"r":{"a":0,"k":0,"ix":10},"p":{"a":0,"k":[518,288,0],"ix":2},"a":{"a":0,"k":[518,288,0],"ix":1},"s":{"a":0,"k":[100,100,100],"ix":6}},"ao":0,"ip":102.6,"op":103.2,"st":102.6,"bm":0},{"ddd":0,"ind":173,"ty":2,"nm":"mmexport1591052695065_00172.png","cl":"png","refId":"image_172","sr":1,"ks":{"o":{"a":0,"k":100,"ix":11},"r":{"a":0,"k":0,"ix":10},"p":{"a":0,"k":[518,288,0],"ix":2},"a":{"a":0,"k":[518,288,0],"ix":1},"s":{"a":0,"k":[100,100,100],"ix":6}},"ao":0,"ip":103.2,"op":103.8,"st":103.2,"bm":0},{"ddd":0,"ind":174,"ty":2,"nm":"mmexport1591052695065_00173.png","cl":"png","refId":"image_173","sr":1,"ks":{"o":{"a":0,"k":100,"ix":11},"r":{"a":0,"k":0,"ix":10},"p":{"a":0,"k":[518,288,0],"ix":2},"a":{"a":0,"k":[518,288,0],"ix":1},"s":{"a":0,"k":[100,100,100],"ix":6}},"ao":0,"ip":103.8,"op":104.4,"st":103.8,"bm":0},{"ddd":0,"ind":175,"ty":2,"nm":"mmexport1591052695065_00174.png","cl":"png","refId":"image_174","sr":1,"ks":{"o":{"a":0,"k":100,"ix":11},"r":{"a":0,"k":0,"ix":10},"p":{"a":0,"k":[518,288,0],"ix":2},"a":{"a":0,"k":[518,288,0],"ix":1},"s":{"a":0,"k":[100,100,100],"ix":6}},"ao":0,"ip":104.4,"op":105,"st":104.4,"bm":0},{"ddd":0,"ind":176,"ty":2,"nm":"mmexport1591052695065_00175.png","cl":"png","refId":"image_175","sr":1,"ks":{"o":{"a":0,"k":100,"ix":11},"r":{"a":0,"k":0,"ix":10},"p":{"a":0,"k":[518,288,0],"ix":2},"a":{"a":0,"k":[518,288,0],"ix":1},"s":{"a":0,"k":[100,100,100],"ix":6}},"ao":0,"ip":105,"op":105.6,"st":105,"bm":0},{"ddd":0,"ind":177,"ty":2,"nm":"mmexport1591052695065_00176.png","cl":"png","refId":"image_176","sr":1,"ks":{"o":{"a":0,"k":100,"ix":11},"r":{"a":0,"k":0,"ix":10},"p":{"a":0,"k":[518,288,0],"ix":2},"a":{"a":0,"k":[518,288,0],"ix":1},"s":{"a":0,"k":[100,100,100],"ix":6}},"ao":0,"ip":105.6,"op":106.2,"st":105.6,"bm":0},{"ddd":0,"ind":178,"ty":2,"nm":"mmexport1591052695065_00177.png","cl":"png","refId":"image_177","sr":1,"ks":{"o":{"a":0,"k":100,"ix":11},"r":{"a":0,"k":0,"ix":10},"p":{"a":0,"k":[518,288,0],"ix":2},"a":{"a":0,"k":[518,288,0],"ix":1},"s":{"a":0,"k":[100,100,100],"ix":6}},"ao":0,"ip":106.2,"op":106.8,"st":106.2,"bm":0},{"ddd":0,"ind":179,"ty":2,"nm":"mmexport1591052695065_00178.png","cl":"png","refId":"image_178","sr":1,"ks":{"o":{"a":0,"k":100,"ix":11},"r":{"a":0,"k":0,"ix":10},"p":{"a":0,"k":[518,288,0],"ix":2},"a":{"a":0,"k":[518,288,0],"ix":1},"s":{"a":0,"k":[100,100,100],"ix":6}},"ao":0,"ip":106.8,"op":107.4,"st":106.8,"bm":0},{"ddd":0,"ind":180,"ty":2,"nm":"mmexport1591052695065_00179.png","cl":"png","refId":"image_179","sr":1,"ks":{"o":{"a":0,"k":100,"ix":11},"r":{"a":0,"k":0,"ix":10},"p":{"a":0,"k":[518,288,0],"ix":2},"a":{"a":0,"k":[518,288,0],"ix":1},"s":{"a":0,"k":[100,100,100],"ix":6}},"ao":0,"ip":107.4,"op":108,"st":107.4,"bm":0},{"ddd":0,"ind":181,"ty":2,"nm":"mmexport1591052695065_00180.png","cl":"png","refId":"image_180","sr":1,"ks":{"o":{"a":0,"k":100,"ix":11},"r":{"a":0,"k":0,"ix":10},"p":{"a":0,"k":[518,288,0],"ix":2},"a":{"a":0,"k":[518,288,0],"ix":1},"s":{"a":0,"k":[100,100,100],"ix":6}},"ao":0,"ip":108,"op":108.6,"st":108,"bm":0},{"ddd":0,"ind":182,"ty":2,"nm":"mmexport1591052695065_00181.png","cl":"png","refId":"image_181","sr":1,"ks":{"o":{"a":0,"k":100,"ix":11},"r":{"a":0,"k":0,"ix":10},"p":{"a":0,"k":[518,288,0],"ix":2},"a":{"a":0,"k":[518,288,0],"ix":1},"s":{"a":0,"k":[100,100,100],"ix":6}},"ao":0,"ip":108.6,"op":109.2,"st":108.6,"bm":0},{"ddd":0,"ind":183,"ty":2,"nm":"mmexport1591052695065_00182.png","cl":"png","refId":"image_182","sr":1,"ks":{"o":{"a":0,"k":100,"ix":11},"r":{"a":0,"k":0,"ix":10},"p":{"a":0,"k":[518,288,0],"ix":2},"a":{"a":0,"k":[518,288,0],"ix":1},"s":{"a":0,"k":[100,100,100],"ix":6}},"ao":0,"ip":109.2,"op":109.8,"st":109.2,"bm":0},{"ddd":0,"ind":184,"ty":2,"nm":"mmexport1591052695065_00183.png","cl":"png","refId":"image_183","sr":1,"ks":{"o":{"a":0,"k":100,"ix":11},"r":{"a":0,"k":0,"ix":10},"p":{"a":0,"k":[518,288,0],"ix":2},"a":{"a":0,"k":[518,288,0],"ix":1},"s":{"a":0,"k":[100,100,100],"ix":6}},"ao":0,"ip":109.8,"op":110.4,"st":109.8,"bm":0},{"ddd":0,"ind":185,"ty":2,"nm":"mmexport1591052695065_00184.png","cl":"png","refId":"image_184","sr":1,"ks":{"o":{"a":0,"k":100,"ix":11},"r":{"a":0,"k":0,"ix":10},"p":{"a":0,"k":[518,288,0],"ix":2},"a":{"a":0,"k":[518,288,0],"ix":1},"s":{"a":0,"k":[100,100,100],"ix":6}},"ao":0,"ip":110.4,"op":111,"st":110.4,"bm":0},{"ddd":0,"ind":186,"ty":2,"nm":"mmexport1591052695065_00185.png","cl":"png","refId":"image_185","sr":1,"ks":{"o":{"a":0,"k":100,"ix":11},"r":{"a":0,"k":0,"ix":10},"p":{"a":0,"k":[518,288,0],"ix":2},"a":{"a":0,"k":[518,288,0],"ix":1},"s":{"a":0,"k":[100,100,100],"ix":6}},"ao":0,"ip":111,"op":111.6,"st":111,"bm":0},{"ddd":0,"ind":187,"ty":2,"nm":"mmexport1591052695065_00186.png","cl":"png","refId":"image_186","sr":1,"ks":{"o":{"a":0,"k":100,"ix":11},"r":{"a":0,"k":0,"ix":10},"p":{"a":0,"k":[518,288,0],"ix":2},"a":{"a":0,"k":[518,288,0],"ix":1},"s":{"a":0,"k":[100,100,100],"ix":6}},"ao":0,"ip":111.6,"op":112.2,"st":111.6,"bm":0},{"ddd":0,"ind":188,"ty":2,"nm":"mmexport1591052695065_00187.png","cl":"png","refId":"image_187","sr":1,"ks":{"o":{"a":0,"k":100,"ix":11},"r":{"a":0,"k":0,"ix":10},"p":{"a":0,"k":[518,288,0],"ix":2},"a":{"a":0,"k":[518,288,0],"ix":1},"s":{"a":0,"k":[100,100,100],"ix":6}},"ao":0,"ip":112.2,"op":112.8,"st":112.2,"bm":0},{"ddd":0,"ind":189,"ty":2,"nm":"mmexport1591052695065_00188.png","cl":"png","refId":"image_188","sr":1,"ks":{"o":{"a":0,"k":100,"ix":11},"r":{"a":0,"k":0,"ix":10},"p":{"a":0,"k":[518,288,0],"ix":2},"a":{"a":0,"k":[518,288,0],"ix":1},"s":{"a":0,"k":[100,100,100],"ix":6}},"ao":0,"ip":112.8,"op":113.4,"st":112.8,"bm":0},{"ddd":0,"ind":190,"ty":2,"nm":"mmexport1591052695065_00189.png","cl":"png","refId":"image_189","sr":1,"ks":{"o":{"a":0,"k":100,"ix":11},"r":{"a":0,"k":0,"ix":10},"p":{"a":0,"k":[518,288,0],"ix":2},"a":{"a":0,"k":[518,288,0],"ix":1},"s":{"a":0,"k":[100,100,100],"ix":6}},"ao":0,"ip":113.4,"op":114,"st":113.4,"bm":0},{"ddd":0,"ind":191,"ty":2,"nm":"mmexport1591052695065_00190.png","cl":"png","refId":"image_190","sr":1,"ks":{"o":{"a":0,"k":100,"ix":11},"r":{"a":0,"k":0,"ix":10},"p":{"a":0,"k":[518,288,0],"ix":2},"a":{"a":0,"k":[518,288,0],"ix":1},"s":{"a":0,"k":[100,100,100],"ix":6}},"ao":0,"ip":114,"op":114.6,"st":114,"bm":0},{"ddd":0,"ind":192,"ty":2,"nm":"mmexport1591052695065_00191.png","cl":"png","refId":"image_191","sr":1,"ks":{"o":{"a":0,"k":100,"ix":11},"r":{"a":0,"k":0,"ix":10},"p":{"a":0,"k":[518,288,0],"ix":2},"a":{"a":0,"k":[518,288,0],"ix":1},"s":{"a":0,"k":[100,100,100],"ix":6}},"ao":0,"ip":114.6,"op":115.2,"st":114.6,"bm":0},{"ddd":0,"ind":193,"ty":2,"nm":"mmexport1591052695065_00192.png","cl":"png","refId":"image_192","sr":1,"ks":{"o":{"a":0,"k":100,"ix":11},"r":{"a":0,"k":0,"ix":10},"p":{"a":0,"k":[518,288,0],"ix":2},"a":{"a":0,"k":[518,288,0],"ix":1},"s":{"a":0,"k":[100,100,100],"ix":6}},"ao":0,"ip":115.2,"op":115.8,"st":115.2,"bm":0},{"ddd":0,"ind":194,"ty":2,"nm":"mmexport1591052695065_00193.png","cl":"png","refId":"image_193","sr":1,"ks":{"o":{"a":0,"k":100,"ix":11},"r":{"a":0,"k":0,"ix":10},"p":{"a":0,"k":[518,288,0],"ix":2},"a":{"a":0,"k":[518,288,0],"ix":1},"s":{"a":0,"k":[100,100,100],"ix":6}},"ao":0,"ip":115.8,"op":116.4,"st":115.8,"bm":0},{"ddd":0,"ind":195,"ty":2,"nm":"mmexport1591052695065_00194.png","cl":"png","refId":"image_194","sr":1,"ks":{"o":{"a":0,"k":100,"ix":11},"r":{"a":0,"k":0,"ix":10},"p":{"a":0,"k":[518,288,0],"ix":2},"a":{"a":0,"k":[518,288,0],"ix":1},"s":{"a":0,"k":[100,100,100],"ix":6}},"ao":0,"ip":116.4,"op":117,"st":116.4,"bm":0},{"ddd":0,"ind":196,"ty":2,"nm":"mmexport1591052695065_00195.png","cl":"png","refId":"image_195","sr":1,"ks":{"o":{"a":0,"k":100,"ix":11},"r":{"a":0,"k":0,"ix":10},"p":{"a":0,"k":[518,288,0],"ix":2},"a":{"a":0,"k":[518,288,0],"ix":1},"s":{"a":0,"k":[100,100,100],"ix":6}},"ao":0,"ip":117,"op":117.6,"st":117,"bm":0},{"ddd":0,"ind":197,"ty":2,"nm":"mmexport1591052695065_00196.png","cl":"png","refId":"image_196","sr":1,"ks":{"o":{"a":0,"k":100,"ix":11},"r":{"a":0,"k":0,"ix":10},"p":{"a":0,"k":[518,288,0],"ix":2},"a":{"a":0,"k":[518,288,0],"ix":1},"s":{"a":0,"k":[100,100,100],"ix":6}},"ao":0,"ip":117.6,"op":118.2,"st":117.6,"bm":0},{"ddd":0,"ind":198,"ty":2,"nm":"mmexport1591052695065_00197.png","cl":"png","refId":"image_197","sr":1,"ks":{"o":{"a":0,"k":100,"ix":11},"r":{"a":0,"k":0,"ix":10},"p":{"a":0,"k":[518,288,0],"ix":2},"a":{"a":0,"k":[518,288,0],"ix":1},"s":{"a":0,"k":[100,100,100],"ix":6}},"ao":0,"ip":118.2,"op":118.8,"st":118.2,"bm":0},{"ddd":0,"ind":199,"ty":2,"nm":"mmexport1591052695065_00198.png","cl":"png","refId":"image_198","sr":1,"ks":{"o":{"a":0,"k":100,"ix":11},"r":{"a":0,"k":0,"ix":10},"p":{"a":0,"k":[518,288,0],"ix":2},"a":{"a":0,"k":[518,288,0],"ix":1},"s":{"a":0,"k":[100,100,100],"ix":6}},"ao":0,"ip":118.8,"op":119.4,"st":118.8,"bm":0},{"ddd":0,"ind":200,"ty":2,"nm":"mmexport1591052695065_00199.png","cl":"png","refId":"image_199","sr":1,"ks":{"o":{"a":0,"k":100,"ix":11},"r":{"a":0,"k":0,"ix":10},"p":{"a":0,"k":[518,288,0],"ix":2},"a":{"a":0,"k":[518,288,0],"ix":1},"s":{"a":0,"k":[100,100,100],"ix":6}},"ao":0,"ip":119.4,"op":120,"st":119.4,"bm":0},{"ddd":0,"ind":201,"ty":2,"nm":"mmexport1591052695065_00200.png","cl":"png","refId":"image_200","sr":1,"ks":{"o":{"a":0,"k":100,"ix":11},"r":{"a":0,"k":0,"ix":10},"p":{"a":0,"k":[518,288,0],"ix":2},"a":{"a":0,"k":[518,288,0],"ix":1},"s":{"a":0,"k":[100,100,100],"ix":6}},"ao":0,"ip":120,"op":120.6,"st":120,"bm":0},{"ddd":0,"ind":202,"ty":2,"nm":"mmexport1591052695065_00201.png","cl":"png","refId":"image_201","sr":1,"ks":{"o":{"a":0,"k":100,"ix":11},"r":{"a":0,"k":0,"ix":10},"p":{"a":0,"k":[518,288,0],"ix":2},"a":{"a":0,"k":[518,288,0],"ix":1},"s":{"a":0,"k":[100,100,100],"ix":6}},"ao":0,"ip":120.6,"op":121.2,"st":120.6,"bm":0},{"ddd":0,"ind":203,"ty":2,"nm":"mmexport1591052695065_00202.png","cl":"png","refId":"image_202","sr":1,"ks":{"o":{"a":0,"k":100,"ix":11},"r":{"a":0,"k":0,"ix":10},"p":{"a":0,"k":[518,288,0],"ix":2},"a":{"a":0,"k":[518,288,0],"ix":1},"s":{"a":0,"k":[100,100,100],"ix":6}},"ao":0,"ip":121.2,"op":121.8,"st":121.2,"bm":0},{"ddd":0,"ind":204,"ty":2,"nm":"mmexport1591052695065_00203.png","cl":"png","refId":"image_203","sr":1,"ks":{"o":{"a":0,"k":100,"ix":11},"r":{"a":0,"k":0,"ix":10},"p":{"a":0,"k":[518,288,0],"ix":2},"a":{"a":0,"k":[518,288,0],"ix":1},"s":{"a":0,"k":[100,100,100],"ix":6}},"ao":0,"ip":121.8,"op":122.4,"st":121.8,"bm":0},{"ddd":0,"ind":205,"ty":2,"nm":"mmexport1591052695065_00204.png","cl":"png","refId":"image_204","sr":1,"ks":{"o":{"a":0,"k":100,"ix":11},"r":{"a":0,"k":0,"ix":10},"p":{"a":0,"k":[518,288,0],"ix":2},"a":{"a":0,"k":[518,288,0],"ix":1},"s":{"a":0,"k":[100,100,100],"ix":6}},"ao":0,"ip":122.4,"op":123,"st":122.4,"bm":0},{"ddd":0,"ind":206,"ty":2,"nm":"mmexport1591052695065_00205.png","cl":"png","refId":"image_205","sr":1,"ks":{"o":{"a":0,"k":100,"ix":11},"r":{"a":0,"k":0,"ix":10},"p":{"a":0,"k":[518,288,0],"ix":2},"a":{"a":0,"k":[518,288,0],"ix":1},"s":{"a":0,"k":[100,100,100],"ix":6}},"ao":0,"ip":123,"op":123.6,"st":123,"bm":0},{"ddd":0,"ind":207,"ty":2,"nm":"mmexport1591052695065_00206.png","cl":"png","refId":"image_206","sr":1,"ks":{"o":{"a":0,"k":100,"ix":11},"r":{"a":0,"k":0,"ix":10},"p":{"a":0,"k":[518,288,0],"ix":2},"a":{"a":0,"k":[518,288,0],"ix":1},"s":{"a":0,"k":[100,100,100],"ix":6}},"ao":0,"ip":123.6,"op":124.2,"st":123.6,"bm":0},{"ddd":0,"ind":208,"ty":2,"nm":"mmexport1591052695065_00207.png","cl":"png","refId":"image_207","sr":1,"ks":{"o":{"a":0,"k":100,"ix":11},"r":{"a":0,"k":0,"ix":10},"p":{"a":0,"k":[518,288,0],"ix":2},"a":{"a":0,"k":[518,288,0],"ix":1},"s":{"a":0,"k":[100,100,100],"ix":6}},"ao":0,"ip":124.2,"op":124.8,"st":124.2,"bm":0},{"ddd":0,"ind":209,"ty":2,"nm":"mmexport1591052695065_00208.png","cl":"png","refId":"image_208","sr":1,"ks":{"o":{"a":0,"k":100,"ix":11},"r":{"a":0,"k":0,"ix":10},"p":{"a":0,"k":[518,288,0],"ix":2},"a":{"a":0,"k":[518,288,0],"ix":1},"s":{"a":0,"k":[100,100,100],"ix":6}},"ao":0,"ip":124.8,"op":125.4,"st":124.8,"bm":0},{"ddd":0,"ind":210,"ty":2,"nm":"mmexport1591052695065_00209.png","cl":"png","refId":"image_209","sr":1,"ks":{"o":{"a":0,"k":100,"ix":11},"r":{"a":0,"k":0,"ix":10},"p":{"a":0,"k":[518,288,0],"ix":2},"a":{"a":0,"k":[518,288,0],"ix":1},"s":{"a":0,"k":[100,100,100],"ix":6}},"ao":0,"ip":125.4,"op":126,"st":125.4,"bm":0},{"ddd":0,"ind":211,"ty":2,"nm":"mmexport1591052695065_00210.png","cl":"png","refId":"image_210","sr":1,"ks":{"o":{"a":0,"k":100,"ix":11},"r":{"a":0,"k":0,"ix":10},"p":{"a":0,"k":[518,288,0],"ix":2},"a":{"a":0,"k":[518,288,0],"ix":1},"s":{"a":0,"k":[100,100,100],"ix":6}},"ao":0,"ip":126,"op":126.6,"st":126,"bm":0},{"ddd":0,"ind":212,"ty":2,"nm":"mmexport1591052695065_00211.png","cl":"png","refId":"image_211","sr":1,"ks":{"o":{"a":0,"k":100,"ix":11},"r":{"a":0,"k":0,"ix":10},"p":{"a":0,"k":[518,288,0],"ix":2},"a":{"a":0,"k":[518,288,0],"ix":1},"s":{"a":0,"k":[100,100,100],"ix":6}},"ao":0,"ip":126.6,"op":127.2,"st":126.6,"bm":0},{"ddd":0,"ind":213,"ty":2,"nm":"mmexport1591052695065_00212.png","cl":"png","refId":"image_212","sr":1,"ks":{"o":{"a":0,"k":100,"ix":11},"r":{"a":0,"k":0,"ix":10},"p":{"a":0,"k":[518,288,0],"ix":2},"a":{"a":0,"k":[518,288,0],"ix":1},"s":{"a":0,"k":[100,100,100],"ix":6}},"ao":0,"ip":127.2,"op":127.8,"st":127.2,"bm":0},{"ddd":0,"ind":214,"ty":2,"nm":"mmexport1591052695065_00213.png","cl":"png","refId":"image_213","sr":1,"ks":{"o":{"a":0,"k":100,"ix":11},"r":{"a":0,"k":0,"ix":10},"p":{"a":0,"k":[518,288,0],"ix":2},"a":{"a":0,"k":[518,288,0],"ix":1},"s":{"a":0,"k":[100,100,100],"ix":6}},"ao":0,"ip":127.8,"op":128.4,"st":127.8,"bm":0},{"ddd":0,"ind":215,"ty":2,"nm":"mmexport1591052695065_00214.png","cl":"png","refId":"image_214","sr":1,"ks":{"o":{"a":0,"k":100,"ix":11},"r":{"a":0,"k":0,"ix":10},"p":{"a":0,"k":[518,288,0],"ix":2},"a":{"a":0,"k":[518,288,0],"ix":1},"s":{"a":0,"k":[100,100,100],"ix":6}},"ao":0,"ip":128.4,"op":129,"st":128.4,"bm":0},{"ddd":0,"ind":216,"ty":2,"nm":"mmexport1591052695065_00215.png","cl":"png","refId":"image_215","sr":1,"ks":{"o":{"a":0,"k":100,"ix":11},"r":{"a":0,"k":0,"ix":10},"p":{"a":0,"k":[518,288,0],"ix":2},"a":{"a":0,"k":[518,288,0],"ix":1},"s":{"a":0,"k":[100,100,100],"ix":6}},"ao":0,"ip":129,"op":129.6,"st":129,"bm":0},{"ddd":0,"ind":217,"ty":2,"nm":"mmexport1591052695065_00216.png","cl":"png","refId":"image_216","sr":1,"ks":{"o":{"a":0,"k":100,"ix":11},"r":{"a":0,"k":0,"ix":10},"p":{"a":0,"k":[518,288,0],"ix":2},"a":{"a":0,"k":[518,288,0],"ix":1},"s":{"a":0,"k":[100,100,100],"ix":6}},"ao":0,"ip":129.6,"op":130.2,"st":129.6,"bm":0},{"ddd":0,"ind":218,"ty":2,"nm":"mmexport1591052695065_00217.png","cl":"png","refId":"image_217","sr":1,"ks":{"o":{"a":0,"k":100,"ix":11},"r":{"a":0,"k":0,"ix":10},"p":{"a":0,"k":[518,288,0],"ix":2},"a":{"a":0,"k":[518,288,0],"ix":1},"s":{"a":0,"k":[100,100,100],"ix":6}},"ao":0,"ip":130.2,"op":130.8,"st":130.2,"bm":0},{"ddd":0,"ind":219,"ty":2,"nm":"mmexport1591052695065_00218.png","cl":"png","refId":"image_218","sr":1,"ks":{"o":{"a":0,"k":100,"ix":11},"r":{"a":0,"k":0,"ix":10},"p":{"a":0,"k":[518,288,0],"ix":2},"a":{"a":0,"k":[518,288,0],"ix":1},"s":{"a":0,"k":[100,100,100],"ix":6}},"ao":0,"ip":130.8,"op":131.4,"st":130.8,"bm":0},{"ddd":0,"ind":220,"ty":2,"nm":"mmexport1591052695065_00219.png","cl":"png","refId":"image_219","sr":1,"ks":{"o":{"a":0,"k":100,"ix":11},"r":{"a":0,"k":0,"ix":10},"p":{"a":0,"k":[518,288,0],"ix":2},"a":{"a":0,"k":[518,288,0],"ix":1},"s":{"a":0,"k":[100,100,100],"ix":6}},"ao":0,"ip":131.4,"op":132,"st":131.4,"bm":0},{"ddd":0,"ind":221,"ty":2,"nm":"mmexport1591052695065_00220.png","cl":"png","refId":"image_220","sr":1,"ks":{"o":{"a":0,"k":100,"ix":11},"r":{"a":0,"k":0,"ix":10},"p":{"a":0,"k":[518,288,0],"ix":2},"a":{"a":0,"k":[518,288,0],"ix":1},"s":{"a":0,"k":[100,100,100],"ix":6}},"ao":0,"ip":132,"op":132.6,"st":132,"bm":0},{"ddd":0,"ind":222,"ty":2,"nm":"mmexport1591052695065_00221.png","cl":"png","refId":"image_221","sr":1,"ks":{"o":{"a":0,"k":100,"ix":11},"r":{"a":0,"k":0,"ix":10},"p":{"a":0,"k":[518,288,0],"ix":2},"a":{"a":0,"k":[518,288,0],"ix":1},"s":{"a":0,"k":[100,100,100],"ix":6}},"ao":0,"ip":132.6,"op":133.2,"st":132.6,"bm":0},{"ddd":0,"ind":223,"ty":2,"nm":"mmexport1591052695065_00222.png","cl":"png","refId":"image_222","sr":1,"ks":{"o":{"a":0,"k":100,"ix":11},"r":{"a":0,"k":0,"ix":10},"p":{"a":0,"k":[518,288,0],"ix":2},"a":{"a":0,"k":[518,288,0],"ix":1},"s":{"a":0,"k":[100,100,100],"ix":6}},"ao":0,"ip":133.2,"op":133.8,"st":133.2,"bm":0},{"ddd":0,"ind":224,"ty":2,"nm":"mmexport1591052695065_00223.png","cl":"png","refId":"image_223","sr":1,"ks":{"o":{"a":0,"k":100,"ix":11},"r":{"a":0,"k":0,"ix":10},"p":{"a":0,"k":[518,288,0],"ix":2},"a":{"a":0,"k":[518,288,0],"ix":1},"s":{"a":0,"k":[100,100,100],"ix":6}},"ao":0,"ip":133.8,"op":134.4,"st":133.8,"bm":0}],"markers":[]}