{"v":"5.6.6","fr":9,"ip":0,"op":43,"w":480,"h":854,"nm":"mmexport1590722816566_00000","ddd":0,"assets":[{"id":"image_0","w":480,"h":854,"u":"images/","p":"img_0.jpg","e":0},{"id":"image_1","w":480,"h":854,"u":"images/","p":"img_1.jpg","e":0},{"id":"image_2","w":480,"h":854,"u":"images/","p":"img_2.jpg","e":0},{"id":"image_3","w":480,"h":854,"u":"images/","p":"img_3.jpg","e":0},{"id":"image_4","w":480,"h":854,"u":"images/","p":"img_4.jpg","e":0},{"id":"image_5","w":480,"h":854,"u":"images/","p":"img_5.jpg","e":0},{"id":"image_6","w":480,"h":854,"u":"images/","p":"img_6.jpg","e":0},{"id":"image_7","w":480,"h":854,"u":"images/","p":"img_7.jpg","e":0},{"id":"image_8","w":480,"h":854,"u":"images/","p":"img_8.jpg","e":0},{"id":"image_9","w":480,"h":854,"u":"images/","p":"img_9.jpg","e":0},{"id":"image_10","w":480,"h":854,"u":"images/","p":"img_10.jpg","e":0},{"id":"image_11","w":480,"h":854,"u":"images/","p":"img_11.jpg","e":0},{"id":"image_12","w":480,"h":854,"u":"images/","p":"img_12.jpg","e":0},{"id":"image_13","w":480,"h":854,"u":"images/","p":"img_13.jpg","e":0},{"id":"image_14","w":480,"h":854,"u":"images/","p":"img_14.jpg","e":0},{"id":"image_15","w":480,"h":854,"u":"images/","p":"img_15.jpg","e":0},{"id":"image_16","w":480,"h":854,"u":"images/","p":"img_16.jpg","e":0},{"id":"image_17","w":480,"h":854,"u":"images/","p":"img_17.jpg","e":0},{"id":"image_18","w":480,"h":854,"u":"images/","p":"img_18.jpg","e":0},{"id":"image_19","w":480,"h":854,"u":"images/","p":"img_19.jpg","e":0},{"id":"image_20","w":480,"h":854,"u":"images/","p":"img_20.jpg","e":0},{"id":"image_21","w":480,"h":854,"u":"images/","p":"img_21.jpg","e":0},{"id":"image_22","w":480,"h":854,"u":"images/","p":"img_22.jpg","e":0},{"id":"image_23","w":480,"h":854,"u":"images/","p":"img_23.jpg","e":0},{"id":"image_24","w":480,"h":854,"u":"images/","p":"img_24.jpg","e":0},{"id":"image_25","w":480,"h":854,"u":"images/","p":"img_25.jpg","e":0},{"id":"image_26","w":480,"h":854,"u":"images/","p":"img_26.jpg","e":0},{"id":"image_27","w":480,"h":854,"u":"images/","p":"img_27.jpg","e":0},{"id":"image_28","w":480,"h":854,"u":"images/","p":"img_28.jpg","e":0},{"id":"image_29","w":480,"h":854,"u":"images/","p":"img_29.jpg","e":0},{"id":"image_30","w":480,"h":854,"u":"images/","p":"img_30.jpg","e":0},{"id":"image_31","w":480,"h":854,"u":"images/","p":"img_31.jpg","e":0},{"id":"image_32","w":480,"h":854,"u":"images/","p":"img_32.jpg","e":0},{"id":"image_33","w":480,"h":854,"u":"images/","p":"img_33.jpg","e":0},{"id":"image_34","w":480,"h":854,"u":"images/","p":"img_34.jpg","e":0},{"id":"image_35","w":480,"h":854,"u":"images/","p":"img_35.jpg","e":0},{"id":"image_36","w":480,"h":854,"u":"images/","p":"img_36.jpg","e":0},{"id":"image_37","w":480,"h":854,"u":"images/","p":"img_37.jpg","e":0},{"id":"image_38","w":480,"h":854,"u":"images/","p":"img_38.jpg","e":0},{"id":"image_39","w":480,"h":854,"u":"images/","p":"img_39.jpg","e":0},{"id":"image_40","w":480,"h":854,"u":"images/","p":"img_40.jpg","e":0},{"id":"image_41","w":480,"h":854,"u":"images/","p":"img_41.jpg","e":0},{"id":"image_42","w":480,"h":854,"u":"images/","p":"img_42.jpg","e":0},{"id":"image_43","w":480,"h":854,"u":"images/","p":"img_43.jpg","e":0},{"id":"image_44","w":480,"h":854,"u":"images/","p":"img_44.jpg","e":0},{"id":"image_45","w":480,"h":854,"u":"images/","p":"img_45.jpg","e":0},{"id":"image_46","w":480,"h":854,"u":"images/","p":"img_46.jpg","e":0},{"id":"image_47","w":480,"h":854,"u":"images/","p":"img_47.jpg","e":0},{"id":"image_48","w":480,"h":854,"u":"images/","p":"img_48.jpg","e":0},{"id":"image_49","w":480,"h":854,"u":"images/","p":"img_49.jpg","e":0},{"id":"image_50","w":480,"h":854,"u":"images/","p":"img_50.jpg","e":0},{"id":"image_51","w":480,"h":854,"u":"images/","p":"img_51.jpg","e":0},{"id":"image_52","w":480,"h":854,"u":"images/","p":"img_52.jpg","e":0},{"id":"image_53","w":480,"h":854,"u":"images/","p":"img_53.jpg","e":0},{"id":"image_54","w":480,"h":854,"u":"images/","p":"img_54.jpg","e":0},{"id":"image_55","w":480,"h":854,"u":"images/","p":"img_55.jpg","e":0},{"id":"image_56","w":480,"h":854,"u":"images/","p":"img_56.jpg","e":0},{"id":"image_57","w":480,"h":854,"u":"images/","p":"img_57.jpg","e":0},{"id":"image_58","w":480,"h":854,"u":"images/","p":"img_58.jpg","e":0},{"id":"image_59","w":480,"h":854,"u":"images/","p":"img_59.jpg","e":0},{"id":"image_60","w":480,"h":854,"u":"images/","p":"img_60.jpg","e":0},{"id":"image_61","w":480,"h":854,"u":"images/","p":"img_61.jpg","e":0},{"id":"image_62","w":480,"h":854,"u":"images/","p":"img_62.jpg","e":0},{"id":"image_63","w":480,"h":854,"u":"images/","p":"img_63.jpg","e":0},{"id":"image_64","w":480,"h":854,"u":"images/","p":"img_64.jpg","e":0},{"id":"image_65","w":480,"h":854,"u":"images/","p":"img_65.jpg","e":0},{"id":"image_66","w":480,"h":854,"u":"images/","p":"img_66.jpg","e":0},{"id":"image_67","w":480,"h":854,"u":"images/","p":"img_67.jpg","e":0},{"id":"image_68","w":480,"h":854,"u":"images/","p":"img_68.jpg","e":0},{"id":"image_69","w":480,"h":854,"u":"images/","p":"img_69.jpg","e":0},{"id":"image_70","w":480,"h":854,"u":"images/","p":"img_70.jpg","e":0},{"id":"image_71","w":480,"h":854,"u":"images/","p":"img_71.jpg","e":0}],"layers":[{"ddd":0,"ind":1,"ty":2,"nm":"mmexport1590722816566_00000.png","cl":"png","refId":"image_0","sr":1,"ks":{"o":{"a":0,"k":100,"ix":11},"r":{"a":0,"k":0,"ix":10},"p":{"a":0,"k":[240,427,0],"ix":2},"a":{"a":0,"k":[240,427,0],"ix":1},"s":{"a":0,"k":[100,100,100],"ix":6}},"ao":0,"ip":0,"op":0.6,"st":0,"bm":0},{"ddd":0,"ind":2,"ty":2,"nm":"mmexport1590722816566_00001.png","cl":"png","refId":"image_1","sr":1,"ks":{"o":{"a":0,"k":100,"ix":11},"r":{"a":0,"k":0,"ix":10},"p":{"a":0,"k":[240,427,0],"ix":2},"a":{"a":0,"k":[240,427,0],"ix":1},"s":{"a":0,"k":[100,100,100],"ix":6}},"ao":0,"ip":0.6,"op":1.2,"st":0.6,"bm":0},{"ddd":0,"ind":3,"ty":2,"nm":"mmexport1590722816566_00002.png","cl":"png","refId":"image_2","sr":1,"ks":{"o":{"a":0,"k":100,"ix":11},"r":{"a":0,"k":0,"ix":10},"p":{"a":0,"k":[240,427,0],"ix":2},"a":{"a":0,"k":[240,427,0],"ix":1},"s":{"a":0,"k":[100,100,100],"ix":6}},"ao":0,"ip":1.2,"op":1.8,"st":1.2,"bm":0},{"ddd":0,"ind":4,"ty":2,"nm":"mmexport1590722816566_00003.png","cl":"png","refId":"image_3","sr":1,"ks":{"o":{"a":0,"k":100,"ix":11},"r":{"a":0,"k":0,"ix":10},"p":{"a":0,"k":[240,427,0],"ix":2},"a":{"a":0,"k":[240,427,0],"ix":1},"s":{"a":0,"k":[100,100,100],"ix":6}},"ao":0,"ip":1.8,"op":2.4,"st":1.8,"bm":0},{"ddd":0,"ind":5,"ty":2,"nm":"mmexport1590722816566_00004.png","cl":"png","refId":"image_4","sr":1,"ks":{"o":{"a":0,"k":100,"ix":11},"r":{"a":0,"k":0,"ix":10},"p":{"a":0,"k":[240,427,0],"ix":2},"a":{"a":0,"k":[240,427,0],"ix":1},"s":{"a":0,"k":[100,100,100],"ix":6}},"ao":0,"ip":2.4,"op":3,"st":2.4,"bm":0},{"ddd":0,"ind":6,"ty":2,"nm":"mmexport1590722816566_00005.png","cl":"png","refId":"image_5","sr":1,"ks":{"o":{"a":0,"k":100,"ix":11},"r":{"a":0,"k":0,"ix":10},"p":{"a":0,"k":[240,427,0],"ix":2},"a":{"a":0,"k":[240,427,0],"ix":1},"s":{"a":0,"k":[100,100,100],"ix":6}},"ao":0,"ip":3,"op":3.6,"st":3,"bm":0},{"ddd":0,"ind":7,"ty":2,"nm":"mmexport1590722816566_00006.png","cl":"png","refId":"image_6","sr":1,"ks":{"o":{"a":0,"k":100,"ix":11},"r":{"a":0,"k":0,"ix":10},"p":{"a":0,"k":[240,427,0],"ix":2},"a":{"a":0,"k":[240,427,0],"ix":1},"s":{"a":0,"k":[100,100,100],"ix":6}},"ao":0,"ip":3.6,"op":4.2,"st":3.6,"bm":0},{"ddd":0,"ind":8,"ty":2,"nm":"mmexport1590722816566_00007.png","cl":"png","refId":"image_7","sr":1,"ks":{"o":{"a":0,"k":100,"ix":11},"r":{"a":0,"k":0,"ix":10},"p":{"a":0,"k":[240,427,0],"ix":2},"a":{"a":0,"k":[240,427,0],"ix":1},"s":{"a":0,"k":[100,100,100],"ix":6}},"ao":0,"ip":4.2,"op":4.8,"st":4.2,"bm":0},{"ddd":0,"ind":9,"ty":2,"nm":"mmexport1590722816566_00008.png","cl":"png","refId":"image_8","sr":1,"ks":{"o":{"a":0,"k":100,"ix":11},"r":{"a":0,"k":0,"ix":10},"p":{"a":0,"k":[240,427,0],"ix":2},"a":{"a":0,"k":[240,427,0],"ix":1},"s":{"a":0,"k":[100,100,100],"ix":6}},"ao":0,"ip":4.8,"op":5.4,"st":4.8,"bm":0},{"ddd":0,"ind":10,"ty":2,"nm":"mmexport1590722816566_00009.png","cl":"png","refId":"image_9","sr":1,"ks":{"o":{"a":0,"k":100,"ix":11},"r":{"a":0,"k":0,"ix":10},"p":{"a":0,"k":[240,427,0],"ix":2},"a":{"a":0,"k":[240,427,0],"ix":1},"s":{"a":0,"k":[100,100,100],"ix":6}},"ao":0,"ip":5.4,"op":6,"st":5.4,"bm":0},{"ddd":0,"ind":11,"ty":2,"nm":"mmexport1590722816566_00010.png","cl":"png","refId":"image_10","sr":1,"ks":{"o":{"a":0,"k":100,"ix":11},"r":{"a":0,"k":0,"ix":10},"p":{"a":0,"k":[240,427,0],"ix":2},"a":{"a":0,"k":[240,427,0],"ix":1},"s":{"a":0,"k":[100,100,100],"ix":6}},"ao":0,"ip":6,"op":6.6,"st":6,"bm":0},{"ddd":0,"ind":12,"ty":2,"nm":"mmexport1590722816566_00011.png","cl":"png","refId":"image_11","sr":1,"ks":{"o":{"a":0,"k":100,"ix":11},"r":{"a":0,"k":0,"ix":10},"p":{"a":0,"k":[240,427,0],"ix":2},"a":{"a":0,"k":[240,427,0],"ix":1},"s":{"a":0,"k":[100,100,100],"ix":6}},"ao":0,"ip":6.6,"op":7.2,"st":6.6,"bm":0},{"ddd":0,"ind":13,"ty":2,"nm":"mmexport1590722816566_00012.png","cl":"png","refId":"image_12","sr":1,"ks":{"o":{"a":0,"k":100,"ix":11},"r":{"a":0,"k":0,"ix":10},"p":{"a":0,"k":[240,427,0],"ix":2},"a":{"a":0,"k":[240,427,0],"ix":1},"s":{"a":0,"k":[100,100,100],"ix":6}},"ao":0,"ip":7.2,"op":7.8,"st":7.2,"bm":0},{"ddd":0,"ind":14,"ty":2,"nm":"mmexport1590722816566_00013.png","cl":"png","refId":"image_13","sr":1,"ks":{"o":{"a":0,"k":100,"ix":11},"r":{"a":0,"k":0,"ix":10},"p":{"a":0,"k":[240,427,0],"ix":2},"a":{"a":0,"k":[240,427,0],"ix":1},"s":{"a":0,"k":[100,100,100],"ix":6}},"ao":0,"ip":7.8,"op":8.4,"st":7.8,"bm":0},{"ddd":0,"ind":15,"ty":2,"nm":"mmexport1590722816566_00014.png","cl":"png","refId":"image_14","sr":1,"ks":{"o":{"a":0,"k":100,"ix":11},"r":{"a":0,"k":0,"ix":10},"p":{"a":0,"k":[240,427,0],"ix":2},"a":{"a":0,"k":[240,427,0],"ix":1},"s":{"a":0,"k":[100,100,100],"ix":6}},"ao":0,"ip":8.4,"op":9,"st":8.4,"bm":0},{"ddd":0,"ind":16,"ty":2,"nm":"mmexport1590722816566_00015.png","cl":"png","refId":"image_15","sr":1,"ks":{"o":{"a":0,"k":100,"ix":11},"r":{"a":0,"k":0,"ix":10},"p":{"a":0,"k":[240,427,0],"ix":2},"a":{"a":0,"k":[240,427,0],"ix":1},"s":{"a":0,"k":[100,100,100],"ix":6}},"ao":0,"ip":9,"op":9.6,"st":9,"bm":0},{"ddd":0,"ind":17,"ty":2,"nm":"mmexport1590722816566_00016.png","cl":"png","refId":"image_16","sr":1,"ks":{"o":{"a":0,"k":100,"ix":11},"r":{"a":0,"k":0,"ix":10},"p":{"a":0,"k":[240,427,0],"ix":2},"a":{"a":0,"k":[240,427,0],"ix":1},"s":{"a":0,"k":[100,100,100],"ix":6}},"ao":0,"ip":9.6,"op":10.2,"st":9.6,"bm":0},{"ddd":0,"ind":18,"ty":2,"nm":"mmexport1590722816566_00017.png","cl":"png","refId":"image_17","sr":1,"ks":{"o":{"a":0,"k":100,"ix":11},"r":{"a":0,"k":0,"ix":10},"p":{"a":0,"k":[240,427,0],"ix":2},"a":{"a":0,"k":[240,427,0],"ix":1},"s":{"a":0,"k":[100,100,100],"ix":6}},"ao":0,"ip":10.2,"op":10.8,"st":10.2,"bm":0},{"ddd":0,"ind":19,"ty":2,"nm":"mmexport1590722816566_00018.png","cl":"png","refId":"image_18","sr":1,"ks":{"o":{"a":0,"k":100,"ix":11},"r":{"a":0,"k":0,"ix":10},"p":{"a":0,"k":[240,427,0],"ix":2},"a":{"a":0,"k":[240,427,0],"ix":1},"s":{"a":0,"k":[100,100,100],"ix":6}},"ao":0,"ip":10.8,"op":11.4,"st":10.8,"bm":0},{"ddd":0,"ind":20,"ty":2,"nm":"mmexport1590722816566_00019.png","cl":"png","refId":"image_19","sr":1,"ks":{"o":{"a":0,"k":100,"ix":11},"r":{"a":0,"k":0,"ix":10},"p":{"a":0,"k":[240,427,0],"ix":2},"a":{"a":0,"k":[240,427,0],"ix":1},"s":{"a":0,"k":[100,100,100],"ix":6}},"ao":0,"ip":11.4,"op":12,"st":11.4,"bm":0},{"ddd":0,"ind":21,"ty":2,"nm":"mmexport1590722816566_00020.png","cl":"png","refId":"image_20","sr":1,"ks":{"o":{"a":0,"k":100,"ix":11},"r":{"a":0,"k":0,"ix":10},"p":{"a":0,"k":[240,427,0],"ix":2},"a":{"a":0,"k":[240,427,0],"ix":1},"s":{"a":0,"k":[100,100,100],"ix":6}},"ao":0,"ip":12,"op":12.6,"st":12,"bm":0},{"ddd":0,"ind":22,"ty":2,"nm":"mmexport1590722816566_00021.png","cl":"png","refId":"image_21","sr":1,"ks":{"o":{"a":0,"k":100,"ix":11},"r":{"a":0,"k":0,"ix":10},"p":{"a":0,"k":[240,427,0],"ix":2},"a":{"a":0,"k":[240,427,0],"ix":1},"s":{"a":0,"k":[100,100,100],"ix":6}},"ao":0,"ip":12.6,"op":13.2,"st":12.6,"bm":0},{"ddd":0,"ind":23,"ty":2,"nm":"mmexport1590722816566_00022.png","cl":"png","refId":"image_22","sr":1,"ks":{"o":{"a":0,"k":100,"ix":11},"r":{"a":0,"k":0,"ix":10},"p":{"a":0,"k":[240,427,0],"ix":2},"a":{"a":0,"k":[240,427,0],"ix":1},"s":{"a":0,"k":[100,100,100],"ix":6}},"ao":0,"ip":13.2,"op":13.8,"st":13.2,"bm":0},{"ddd":0,"ind":24,"ty":2,"nm":"mmexport1590722816566_00023.png","cl":"png","refId":"image_23","sr":1,"ks":{"o":{"a":0,"k":100,"ix":11},"r":{"a":0,"k":0,"ix":10},"p":{"a":0,"k":[240,427,0],"ix":2},"a":{"a":0,"k":[240,427,0],"ix":1},"s":{"a":0,"k":[100,100,100],"ix":6}},"ao":0,"ip":13.8,"op":14.4,"st":13.8,"bm":0},{"ddd":0,"ind":25,"ty":2,"nm":"mmexport1590722816566_00024.png","cl":"png","refId":"image_24","sr":1,"ks":{"o":{"a":0,"k":100,"ix":11},"r":{"a":0,"k":0,"ix":10},"p":{"a":0,"k":[240,427,0],"ix":2},"a":{"a":0,"k":[240,427,0],"ix":1},"s":{"a":0,"k":[100,100,100],"ix":6}},"ao":0,"ip":14.4,"op":15,"st":14.4,"bm":0},{"ddd":0,"ind":26,"ty":2,"nm":"mmexport1590722816566_00025.png","cl":"png","refId":"image_25","sr":1,"ks":{"o":{"a":0,"k":100,"ix":11},"r":{"a":0,"k":0,"ix":10},"p":{"a":0,"k":[240,427,0],"ix":2},"a":{"a":0,"k":[240,427,0],"ix":1},"s":{"a":0,"k":[100,100,100],"ix":6}},"ao":0,"ip":15,"op":15.6,"st":15,"bm":0},{"ddd":0,"ind":27,"ty":2,"nm":"mmexport1590722816566_00026.png","cl":"png","refId":"image_26","sr":1,"ks":{"o":{"a":0,"k":100,"ix":11},"r":{"a":0,"k":0,"ix":10},"p":{"a":0,"k":[240,427,0],"ix":2},"a":{"a":0,"k":[240,427,0],"ix":1},"s":{"a":0,"k":[100,100,100],"ix":6}},"ao":0,"ip":15.6,"op":16.2,"st":15.6,"bm":0},{"ddd":0,"ind":28,"ty":2,"nm":"mmexport1590722816566_00027.png","cl":"png","refId":"image_27","sr":1,"ks":{"o":{"a":0,"k":100,"ix":11},"r":{"a":0,"k":0,"ix":10},"p":{"a":0,"k":[240,427,0],"ix":2},"a":{"a":0,"k":[240,427,0],"ix":1},"s":{"a":0,"k":[100,100,100],"ix":6}},"ao":0,"ip":16.2,"op":16.8,"st":16.2,"bm":0},{"ddd":0,"ind":29,"ty":2,"nm":"mmexport1590722816566_00028.png","cl":"png","refId":"image_28","sr":1,"ks":{"o":{"a":0,"k":100,"ix":11},"r":{"a":0,"k":0,"ix":10},"p":{"a":0,"k":[240,427,0],"ix":2},"a":{"a":0,"k":[240,427,0],"ix":1},"s":{"a":0,"k":[100,100,100],"ix":6}},"ao":0,"ip":16.8,"op":17.4,"st":16.8,"bm":0},{"ddd":0,"ind":30,"ty":2,"nm":"mmexport1590722816566_00029.png","cl":"png","refId":"image_29","sr":1,"ks":{"o":{"a":0,"k":100,"ix":11},"r":{"a":0,"k":0,"ix":10},"p":{"a":0,"k":[240,427,0],"ix":2},"a":{"a":0,"k":[240,427,0],"ix":1},"s":{"a":0,"k":[100,100,100],"ix":6}},"ao":0,"ip":17.4,"op":18,"st":17.4,"bm":0},{"ddd":0,"ind":31,"ty":2,"nm":"mmexport1590722816566_00030.png","cl":"png","refId":"image_30","sr":1,"ks":{"o":{"a":0,"k":100,"ix":11},"r":{"a":0,"k":0,"ix":10},"p":{"a":0,"k":[240,427,0],"ix":2},"a":{"a":0,"k":[240,427,0],"ix":1},"s":{"a":0,"k":[100,100,100],"ix":6}},"ao":0,"ip":18,"op":18.6,"st":18,"bm":0},{"ddd":0,"ind":32,"ty":2,"nm":"mmexport1590722816566_00031.png","cl":"png","refId":"image_31","sr":1,"ks":{"o":{"a":0,"k":100,"ix":11},"r":{"a":0,"k":0,"ix":10},"p":{"a":0,"k":[240,427,0],"ix":2},"a":{"a":0,"k":[240,427,0],"ix":1},"s":{"a":0,"k":[100,100,100],"ix":6}},"ao":0,"ip":18.6,"op":19.2,"st":18.6,"bm":0},{"ddd":0,"ind":33,"ty":2,"nm":"mmexport1590722816566_00032.png","cl":"png","refId":"image_32","sr":1,"ks":{"o":{"a":0,"k":100,"ix":11},"r":{"a":0,"k":0,"ix":10},"p":{"a":0,"k":[240,427,0],"ix":2},"a":{"a":0,"k":[240,427,0],"ix":1},"s":{"a":0,"k":[100,100,100],"ix":6}},"ao":0,"ip":19.2,"op":19.8,"st":19.2,"bm":0},{"ddd":0,"ind":34,"ty":2,"nm":"mmexport1590722816566_00033.png","cl":"png","refId":"image_33","sr":1,"ks":{"o":{"a":0,"k":100,"ix":11},"r":{"a":0,"k":0,"ix":10},"p":{"a":0,"k":[240,427,0],"ix":2},"a":{"a":0,"k":[240,427,0],"ix":1},"s":{"a":0,"k":[100,100,100],"ix":6}},"ao":0,"ip":19.8,"op":20.4,"st":19.8,"bm":0},{"ddd":0,"ind":35,"ty":2,"nm":"mmexport1590722816566_00034.png","cl":"png","refId":"image_34","sr":1,"ks":{"o":{"a":0,"k":100,"ix":11},"r":{"a":0,"k":0,"ix":10},"p":{"a":0,"k":[240,427,0],"ix":2},"a":{"a":0,"k":[240,427,0],"ix":1},"s":{"a":0,"k":[100,100,100],"ix":6}},"ao":0,"ip":20.4,"op":21,"st":20.4,"bm":0},{"ddd":0,"ind":36,"ty":2,"nm":"mmexport1590722816566_00035.png","cl":"png","refId":"image_35","sr":1,"ks":{"o":{"a":0,"k":100,"ix":11},"r":{"a":0,"k":0,"ix":10},"p":{"a":0,"k":[240,427,0],"ix":2},"a":{"a":0,"k":[240,427,0],"ix":1},"s":{"a":0,"k":[100,100,100],"ix":6}},"ao":0,"ip":21,"op":21.6,"st":21,"bm":0},{"ddd":0,"ind":37,"ty":2,"nm":"mmexport1590722816566_00036.png","cl":"png","refId":"image_36","sr":1,"ks":{"o":{"a":0,"k":100,"ix":11},"r":{"a":0,"k":0,"ix":10},"p":{"a":0,"k":[240,427,0],"ix":2},"a":{"a":0,"k":[240,427,0],"ix":1},"s":{"a":0,"k":[100,100,100],"ix":6}},"ao":0,"ip":21.6,"op":22.2,"st":21.6,"bm":0},{"ddd":0,"ind":38,"ty":2,"nm":"mmexport1590722816566_00037.png","cl":"png","refId":"image_37","sr":1,"ks":{"o":{"a":0,"k":100,"ix":11},"r":{"a":0,"k":0,"ix":10},"p":{"a":0,"k":[240,427,0],"ix":2},"a":{"a":0,"k":[240,427,0],"ix":1},"s":{"a":0,"k":[100,100,100],"ix":6}},"ao":0,"ip":22.2,"op":22.8,"st":22.2,"bm":0},{"ddd":0,"ind":39,"ty":2,"nm":"mmexport1590722816566_00038.png","cl":"png","refId":"image_38","sr":1,"ks":{"o":{"a":0,"k":100,"ix":11},"r":{"a":0,"k":0,"ix":10},"p":{"a":0,"k":[240,427,0],"ix":2},"a":{"a":0,"k":[240,427,0],"ix":1},"s":{"a":0,"k":[100,100,100],"ix":6}},"ao":0,"ip":22.8,"op":23.4,"st":22.8,"bm":0},{"ddd":0,"ind":40,"ty":2,"nm":"mmexport1590722816566_00039.png","cl":"png","refId":"image_39","sr":1,"ks":{"o":{"a":0,"k":100,"ix":11},"r":{"a":0,"k":0,"ix":10},"p":{"a":0,"k":[240,427,0],"ix":2},"a":{"a":0,"k":[240,427,0],"ix":1},"s":{"a":0,"k":[100,100,100],"ix":6}},"ao":0,"ip":23.4,"op":24,"st":23.4,"bm":0},{"ddd":0,"ind":41,"ty":2,"nm":"mmexport1590722816566_00040.png","cl":"png","refId":"image_40","sr":1,"ks":{"o":{"a":0,"k":100,"ix":11},"r":{"a":0,"k":0,"ix":10},"p":{"a":0,"k":[240,427,0],"ix":2},"a":{"a":0,"k":[240,427,0],"ix":1},"s":{"a":0,"k":[100,100,100],"ix":6}},"ao":0,"ip":24,"op":24.6,"st":24,"bm":0},{"ddd":0,"ind":42,"ty":2,"nm":"mmexport1590722816566_00041.png","cl":"png","refId":"image_41","sr":1,"ks":{"o":{"a":0,"k":100,"ix":11},"r":{"a":0,"k":0,"ix":10},"p":{"a":0,"k":[240,427,0],"ix":2},"a":{"a":0,"k":[240,427,0],"ix":1},"s":{"a":0,"k":[100,100,100],"ix":6}},"ao":0,"ip":24.6,"op":25.2,"st":24.6,"bm":0},{"ddd":0,"ind":43,"ty":2,"nm":"mmexport1590722816566_00042.png","cl":"png","refId":"image_42","sr":1,"ks":{"o":{"a":0,"k":100,"ix":11},"r":{"a":0,"k":0,"ix":10},"p":{"a":0,"k":[240,427,0],"ix":2},"a":{"a":0,"k":[240,427,0],"ix":1},"s":{"a":0,"k":[100,100,100],"ix":6}},"ao":0,"ip":25.2,"op":25.8,"st":25.2,"bm":0},{"ddd":0,"ind":44,"ty":2,"nm":"mmexport1590722816566_00043.png","cl":"png","refId":"image_43","sr":1,"ks":{"o":{"a":0,"k":100,"ix":11},"r":{"a":0,"k":0,"ix":10},"p":{"a":0,"k":[240,427,0],"ix":2},"a":{"a":0,"k":[240,427,0],"ix":1},"s":{"a":0,"k":[100,100,100],"ix":6}},"ao":0,"ip":25.8,"op":26.4,"st":25.8,"bm":0},{"ddd":0,"ind":45,"ty":2,"nm":"mmexport1590722816566_00044.png","cl":"png","refId":"image_44","sr":1,"ks":{"o":{"a":0,"k":100,"ix":11},"r":{"a":0,"k":0,"ix":10},"p":{"a":0,"k":[240,427,0],"ix":2},"a":{"a":0,"k":[240,427,0],"ix":1},"s":{"a":0,"k":[100,100,100],"ix":6}},"ao":0,"ip":26.4,"op":27,"st":26.4,"bm":0},{"ddd":0,"ind":46,"ty":2,"nm":"mmexport1590722816566_00045.png","cl":"png","refId":"image_45","sr":1,"ks":{"o":{"a":0,"k":100,"ix":11},"r":{"a":0,"k":0,"ix":10},"p":{"a":0,"k":[240,427,0],"ix":2},"a":{"a":0,"k":[240,427,0],"ix":1},"s":{"a":0,"k":[100,100,100],"ix":6}},"ao":0,"ip":27,"op":27.6,"st":27,"bm":0},{"ddd":0,"ind":47,"ty":2,"nm":"mmexport1590722816566_00046.png","cl":"png","refId":"image_46","sr":1,"ks":{"o":{"a":0,"k":100,"ix":11},"r":{"a":0,"k":0,"ix":10},"p":{"a":0,"k":[240,427,0],"ix":2},"a":{"a":0,"k":[240,427,0],"ix":1},"s":{"a":0,"k":[100,100,100],"ix":6}},"ao":0,"ip":27.6,"op":28.2,"st":27.6,"bm":0},{"ddd":0,"ind":48,"ty":2,"nm":"mmexport1590722816566_00047.png","cl":"png","refId":"image_47","sr":1,"ks":{"o":{"a":0,"k":100,"ix":11},"r":{"a":0,"k":0,"ix":10},"p":{"a":0,"k":[240,427,0],"ix":2},"a":{"a":0,"k":[240,427,0],"ix":1},"s":{"a":0,"k":[100,100,100],"ix":6}},"ao":0,"ip":28.2,"op":28.8,"st":28.2,"bm":0},{"ddd":0,"ind":49,"ty":2,"nm":"mmexport1590722816566_00048.png","cl":"png","refId":"image_48","sr":1,"ks":{"o":{"a":0,"k":100,"ix":11},"r":{"a":0,"k":0,"ix":10},"p":{"a":0,"k":[240,427,0],"ix":2},"a":{"a":0,"k":[240,427,0],"ix":1},"s":{"a":0,"k":[100,100,100],"ix":6}},"ao":0,"ip":28.8,"op":29.4,"st":28.8,"bm":0},{"ddd":0,"ind":50,"ty":2,"nm":"mmexport1590722816566_00049.png","cl":"png","refId":"image_49","sr":1,"ks":{"o":{"a":0,"k":100,"ix":11},"r":{"a":0,"k":0,"ix":10},"p":{"a":0,"k":[240,427,0],"ix":2},"a":{"a":0,"k":[240,427,0],"ix":1},"s":{"a":0,"k":[100,100,100],"ix":6}},"ao":0,"ip":29.4,"op":30,"st":29.4,"bm":0},{"ddd":0,"ind":51,"ty":2,"nm":"mmexport1590722816566_00050.png","cl":"png","refId":"image_50","sr":1,"ks":{"o":{"a":0,"k":100,"ix":11},"r":{"a":0,"k":0,"ix":10},"p":{"a":0,"k":[240,427,0],"ix":2},"a":{"a":0,"k":[240,427,0],"ix":1},"s":{"a":0,"k":[100,100,100],"ix":6}},"ao":0,"ip":30,"op":30.6,"st":30,"bm":0},{"ddd":0,"ind":52,"ty":2,"nm":"mmexport1590722816566_00051.png","cl":"png","refId":"image_51","sr":1,"ks":{"o":{"a":0,"k":100,"ix":11},"r":{"a":0,"k":0,"ix":10},"p":{"a":0,"k":[240,427,0],"ix":2},"a":{"a":0,"k":[240,427,0],"ix":1},"s":{"a":0,"k":[100,100,100],"ix":6}},"ao":0,"ip":30.6,"op":31.2,"st":30.6,"bm":0},{"ddd":0,"ind":53,"ty":2,"nm":"mmexport1590722816566_00052.png","cl":"png","refId":"image_52","sr":1,"ks":{"o":{"a":0,"k":100,"ix":11},"r":{"a":0,"k":0,"ix":10},"p":{"a":0,"k":[240,427,0],"ix":2},"a":{"a":0,"k":[240,427,0],"ix":1},"s":{"a":0,"k":[100,100,100],"ix":6}},"ao":0,"ip":31.2,"op":31.8,"st":31.2,"bm":0},{"ddd":0,"ind":54,"ty":2,"nm":"mmexport1590722816566_00053.png","cl":"png","refId":"image_53","sr":1,"ks":{"o":{"a":0,"k":100,"ix":11},"r":{"a":0,"k":0,"ix":10},"p":{"a":0,"k":[240,427,0],"ix":2},"a":{"a":0,"k":[240,427,0],"ix":1},"s":{"a":0,"k":[100,100,100],"ix":6}},"ao":0,"ip":31.8,"op":32.4,"st":31.8,"bm":0},{"ddd":0,"ind":55,"ty":2,"nm":"mmexport1590722816566_00054.png","cl":"png","refId":"image_54","sr":1,"ks":{"o":{"a":0,"k":100,"ix":11},"r":{"a":0,"k":0,"ix":10},"p":{"a":0,"k":[240,427,0],"ix":2},"a":{"a":0,"k":[240,427,0],"ix":1},"s":{"a":0,"k":[100,100,100],"ix":6}},"ao":0,"ip":32.4,"op":33,"st":32.4,"bm":0},{"ddd":0,"ind":56,"ty":2,"nm":"mmexport1590722816566_00055.png","cl":"png","refId":"image_55","sr":1,"ks":{"o":{"a":0,"k":100,"ix":11},"r":{"a":0,"k":0,"ix":10},"p":{"a":0,"k":[240,427,0],"ix":2},"a":{"a":0,"k":[240,427,0],"ix":1},"s":{"a":0,"k":[100,100,100],"ix":6}},"ao":0,"ip":33,"op":33.6,"st":33,"bm":0},{"ddd":0,"ind":57,"ty":2,"nm":"mmexport1590722816566_00056.png","cl":"png","refId":"image_56","sr":1,"ks":{"o":{"a":0,"k":100,"ix":11},"r":{"a":0,"k":0,"ix":10},"p":{"a":0,"k":[240,427,0],"ix":2},"a":{"a":0,"k":[240,427,0],"ix":1},"s":{"a":0,"k":[100,100,100],"ix":6}},"ao":0,"ip":33.6,"op":34.2,"st":33.6,"bm":0},{"ddd":0,"ind":58,"ty":2,"nm":"mmexport1590722816566_00057.png","cl":"png","refId":"image_57","sr":1,"ks":{"o":{"a":0,"k":100,"ix":11},"r":{"a":0,"k":0,"ix":10},"p":{"a":0,"k":[240,427,0],"ix":2},"a":{"a":0,"k":[240,427,0],"ix":1},"s":{"a":0,"k":[100,100,100],"ix":6}},"ao":0,"ip":34.2,"op":34.8,"st":34.2,"bm":0},{"ddd":0,"ind":59,"ty":2,"nm":"mmexport1590722816566_00058.png","cl":"png","refId":"image_58","sr":1,"ks":{"o":{"a":0,"k":100,"ix":11},"r":{"a":0,"k":0,"ix":10},"p":{"a":0,"k":[240,427,0],"ix":2},"a":{"a":0,"k":[240,427,0],"ix":1},"s":{"a":0,"k":[100,100,100],"ix":6}},"ao":0,"ip":34.8,"op":35.4,"st":34.8,"bm":0},{"ddd":0,"ind":60,"ty":2,"nm":"mmexport1590722816566_00059.png","cl":"png","refId":"image_59","sr":1,"ks":{"o":{"a":0,"k":100,"ix":11},"r":{"a":0,"k":0,"ix":10},"p":{"a":0,"k":[240,427,0],"ix":2},"a":{"a":0,"k":[240,427,0],"ix":1},"s":{"a":0,"k":[100,100,100],"ix":6}},"ao":0,"ip":35.4,"op":36,"st":35.4,"bm":0},{"ddd":0,"ind":61,"ty":2,"nm":"mmexport1590722816566_00060.png","cl":"png","refId":"image_60","sr":1,"ks":{"o":{"a":0,"k":100,"ix":11},"r":{"a":0,"k":0,"ix":10},"p":{"a":0,"k":[240,427,0],"ix":2},"a":{"a":0,"k":[240,427,0],"ix":1},"s":{"a":0,"k":[100,100,100],"ix":6}},"ao":0,"ip":36,"op":36.6,"st":36,"bm":0},{"ddd":0,"ind":62,"ty":2,"nm":"mmexport1590722816566_00061.png","cl":"png","refId":"image_61","sr":1,"ks":{"o":{"a":0,"k":100,"ix":11},"r":{"a":0,"k":0,"ix":10},"p":{"a":0,"k":[240,427,0],"ix":2},"a":{"a":0,"k":[240,427,0],"ix":1},"s":{"a":0,"k":[100,100,100],"ix":6}},"ao":0,"ip":36.6,"op":37.2,"st":36.6,"bm":0},{"ddd":0,"ind":63,"ty":2,"nm":"mmexport1590722816566_00062.png","cl":"png","refId":"image_62","sr":1,"ks":{"o":{"a":0,"k":100,"ix":11},"r":{"a":0,"k":0,"ix":10},"p":{"a":0,"k":[240,427,0],"ix":2},"a":{"a":0,"k":[240,427,0],"ix":1},"s":{"a":0,"k":[100,100,100],"ix":6}},"ao":0,"ip":37.2,"op":37.8,"st":37.2,"bm":0},{"ddd":0,"ind":64,"ty":2,"nm":"mmexport1590722816566_00063.png","cl":"png","refId":"image_63","sr":1,"ks":{"o":{"a":0,"k":100,"ix":11},"r":{"a":0,"k":0,"ix":10},"p":{"a":0,"k":[240,427,0],"ix":2},"a":{"a":0,"k":[240,427,0],"ix":1},"s":{"a":0,"k":[100,100,100],"ix":6}},"ao":0,"ip":37.8,"op":38.4,"st":37.8,"bm":0},{"ddd":0,"ind":65,"ty":2,"nm":"mmexport1590722816566_00064.png","cl":"png","refId":"image_64","sr":1,"ks":{"o":{"a":0,"k":100,"ix":11},"r":{"a":0,"k":0,"ix":10},"p":{"a":0,"k":[240,427,0],"ix":2},"a":{"a":0,"k":[240,427,0],"ix":1},"s":{"a":0,"k":[100,100,100],"ix":6}},"ao":0,"ip":38.4,"op":39,"st":38.4,"bm":0},{"ddd":0,"ind":66,"ty":2,"nm":"mmexport1590722816566_00065.png","cl":"png","refId":"image_65","sr":1,"ks":{"o":{"a":0,"k":100,"ix":11},"r":{"a":0,"k":0,"ix":10},"p":{"a":0,"k":[240,427,0],"ix":2},"a":{"a":0,"k":[240,427,0],"ix":1},"s":{"a":0,"k":[100,100,100],"ix":6}},"ao":0,"ip":39,"op":39.6,"st":39,"bm":0},{"ddd":0,"ind":67,"ty":2,"nm":"mmexport1590722816566_00066.png","cl":"png","refId":"image_66","sr":1,"ks":{"o":{"a":0,"k":100,"ix":11},"r":{"a":0,"k":0,"ix":10},"p":{"a":0,"k":[240,427,0],"ix":2},"a":{"a":0,"k":[240,427,0],"ix":1},"s":{"a":0,"k":[100,100,100],"ix":6}},"ao":0,"ip":39.6,"op":40.2,"st":39.6,"bm":0},{"ddd":0,"ind":68,"ty":2,"nm":"mmexport1590722816566_00067.png","cl":"png","refId":"image_67","sr":1,"ks":{"o":{"a":0,"k":100,"ix":11},"r":{"a":0,"k":0,"ix":10},"p":{"a":0,"k":[240,427,0],"ix":2},"a":{"a":0,"k":[240,427,0],"ix":1},"s":{"a":0,"k":[100,100,100],"ix":6}},"ao":0,"ip":40.2,"op":40.8,"st":40.2,"bm":0},{"ddd":0,"ind":69,"ty":2,"nm":"mmexport1590722816566_00068.png","cl":"png","refId":"image_68","sr":1,"ks":{"o":{"a":0,"k":100,"ix":11},"r":{"a":0,"k":0,"ix":10},"p":{"a":0,"k":[240,427,0],"ix":2},"a":{"a":0,"k":[240,427,0],"ix":1},"s":{"a":0,"k":[100,100,100],"ix":6}},"ao":0,"ip":40.8,"op":41.4,"st":40.8,"bm":0},{"ddd":0,"ind":70,"ty":2,"nm":"mmexport1590722816566_00069.png","cl":"png","refId":"image_69","sr":1,"ks":{"o":{"a":0,"k":100,"ix":11},"r":{"a":0,"k":0,"ix":10},"p":{"a":0,"k":[240,427,0],"ix":2},"a":{"a":0,"k":[240,427,0],"ix":1},"s":{"a":0,"k":[100,100,100],"ix":6}},"ao":0,"ip":41.4,"op":42,"st":41.4,"bm":0},{"ddd":0,"ind":71,"ty":2,"nm":"mmexport1590722816566_00070.png","cl":"png","refId":"image_70","sr":1,"ks":{"o":{"a":0,"k":100,"ix":11},"r":{"a":0,"k":0,"ix":10},"p":{"a":0,"k":[240,427,0],"ix":2},"a":{"a":0,"k":[240,427,0],"ix":1},"s":{"a":0,"k":[100,100,100],"ix":6}},"ao":0,"ip":42,"op":42.6,"st":42,"bm":0},{"ddd":0,"ind":72,"ty":2,"nm":"mmexport1590722816566_00071.png","cl":"png","refId":"image_71","sr":1,"ks":{"o":{"a":0,"k":100,"ix":11},"r":{"a":0,"k":0,"ix":10},"p":{"a":0,"k":[240,427,0],"ix":2},"a":{"a":0,"k":[240,427,0],"ix":1},"s":{"a":0,"k":[100,100,100],"ix":6}},"ao":0,"ip":42.6,"op":43.2,"st":42.6,"bm":0}],"markers":[]}