{"v":"5.6.6","fr":15,"ip":0,"op":87,"w":576,"h":1024,"nm":"mmexport1591095154926_00000","ddd":0,"assets":[{"id":"image_0","w":576,"h":1024,"u":"images/","p":"img_0.jpg","e":0},{"id":"image_1","w":576,"h":1024,"u":"images/","p":"img_1.jpg","e":0},{"id":"image_2","w":576,"h":1024,"u":"images/","p":"img_2.jpg","e":0},{"id":"image_3","w":576,"h":1024,"u":"images/","p":"img_3.jpg","e":0},{"id":"image_4","w":576,"h":1024,"u":"images/","p":"img_4.jpg","e":0},{"id":"image_5","w":576,"h":1024,"u":"images/","p":"img_5.jpg","e":0},{"id":"image_6","w":576,"h":1024,"u":"images/","p":"img_6.jpg","e":0},{"id":"image_7","w":576,"h":1024,"u":"images/","p":"img_7.jpg","e":0},{"id":"image_8","w":576,"h":1024,"u":"images/","p":"img_8.jpg","e":0},{"id":"image_9","w":576,"h":1024,"u":"images/","p":"img_9.jpg","e":0},{"id":"image_10","w":576,"h":1024,"u":"images/","p":"img_10.jpg","e":0},{"id":"image_11","w":576,"h":1024,"u":"images/","p":"img_11.jpg","e":0},{"id":"image_12","w":576,"h":1024,"u":"images/","p":"img_12.jpg","e":0},{"id":"image_13","w":576,"h":1024,"u":"images/","p":"img_13.jpg","e":0},{"id":"image_14","w":576,"h":1024,"u":"images/","p":"img_14.jpg","e":0},{"id":"image_15","w":576,"h":1024,"u":"images/","p":"img_15.jpg","e":0},{"id":"image_16","w":576,"h":1024,"u":"images/","p":"img_16.jpg","e":0},{"id":"image_17","w":576,"h":1024,"u":"images/","p":"img_17.jpg","e":0},{"id":"image_18","w":576,"h":1024,"u":"images/","p":"img_18.jpg","e":0},{"id":"image_19","w":576,"h":1024,"u":"images/","p":"img_19.jpg","e":0},{"id":"image_20","w":576,"h":1024,"u":"images/","p":"img_20.jpg","e":0},{"id":"image_21","w":576,"h":1024,"u":"images/","p":"img_21.jpg","e":0},{"id":"image_22","w":576,"h":1024,"u":"images/","p":"img_22.jpg","e":0},{"id":"image_23","w":576,"h":1024,"u":"images/","p":"img_23.jpg","e":0},{"id":"image_24","w":576,"h":1024,"u":"images/","p":"img_24.jpg","e":0},{"id":"image_25","w":576,"h":1024,"u":"images/","p":"img_25.jpg","e":0},{"id":"image_26","w":576,"h":1024,"u":"images/","p":"img_26.jpg","e":0},{"id":"image_27","w":576,"h":1024,"u":"images/","p":"img_27.jpg","e":0},{"id":"image_28","w":576,"h":1024,"u":"images/","p":"img_28.jpg","e":0},{"id":"image_29","w":576,"h":1024,"u":"images/","p":"img_29.jpg","e":0},{"id":"image_30","w":576,"h":1024,"u":"images/","p":"img_30.jpg","e":0},{"id":"image_31","w":576,"h":1024,"u":"images/","p":"img_31.jpg","e":0},{"id":"image_32","w":576,"h":1024,"u":"images/","p":"img_32.jpg","e":0},{"id":"image_33","w":576,"h":1024,"u":"images/","p":"img_33.jpg","e":0},{"id":"image_34","w":576,"h":1024,"u":"images/","p":"img_34.jpg","e":0},{"id":"image_35","w":576,"h":1024,"u":"images/","p":"img_35.jpg","e":0},{"id":"image_36","w":576,"h":1024,"u":"images/","p":"img_36.jpg","e":0},{"id":"image_37","w":576,"h":1024,"u":"images/","p":"img_37.jpg","e":0},{"id":"image_38","w":576,"h":1024,"u":"images/","p":"img_38.jpg","e":0},{"id":"image_39","w":576,"h":1024,"u":"images/","p":"img_39.jpg","e":0},{"id":"image_40","w":576,"h":1024,"u":"images/","p":"img_40.jpg","e":0},{"id":"image_41","w":576,"h":1024,"u":"images/","p":"img_41.jpg","e":0},{"id":"image_42","w":576,"h":1024,"u":"images/","p":"img_42.jpg","e":0},{"id":"image_43","w":576,"h":1024,"u":"images/","p":"img_43.jpg","e":0},{"id":"image_44","w":576,"h":1024,"u":"images/","p":"img_44.jpg","e":0},{"id":"image_45","w":576,"h":1024,"u":"images/","p":"img_45.jpg","e":0},{"id":"image_46","w":576,"h":1024,"u":"images/","p":"img_46.jpg","e":0},{"id":"image_47","w":576,"h":1024,"u":"images/","p":"img_47.jpg","e":0},{"id":"image_48","w":576,"h":1024,"u":"images/","p":"img_48.jpg","e":0},{"id":"image_49","w":576,"h":1024,"u":"images/","p":"img_49.jpg","e":0},{"id":"image_50","w":576,"h":1024,"u":"images/","p":"img_50.jpg","e":0},{"id":"image_51","w":576,"h":1024,"u":"images/","p":"img_51.jpg","e":0},{"id":"image_52","w":576,"h":1024,"u":"images/","p":"img_52.jpg","e":0},{"id":"image_53","w":576,"h":1024,"u":"images/","p":"img_53.jpg","e":0},{"id":"image_54","w":576,"h":1024,"u":"images/","p":"img_54.jpg","e":0},{"id":"image_55","w":576,"h":1024,"u":"images/","p":"img_55.jpg","e":0},{"id":"image_56","w":576,"h":1024,"u":"images/","p":"img_56.jpg","e":0},{"id":"image_57","w":576,"h":1024,"u":"images/","p":"img_57.jpg","e":0},{"id":"image_58","w":576,"h":1024,"u":"images/","p":"img_58.jpg","e":0},{"id":"image_59","w":576,"h":1024,"u":"images/","p":"img_59.jpg","e":0},{"id":"image_60","w":576,"h":1024,"u":"images/","p":"img_60.jpg","e":0},{"id":"image_61","w":576,"h":1024,"u":"images/","p":"img_61.jpg","e":0},{"id":"image_62","w":576,"h":1024,"u":"images/","p":"img_62.jpg","e":0},{"id":"image_63","w":576,"h":1024,"u":"images/","p":"img_63.jpg","e":0},{"id":"image_64","w":576,"h":1024,"u":"images/","p":"img_64.jpg","e":0},{"id":"image_65","w":576,"h":1024,"u":"images/","p":"img_65.jpg","e":0},{"id":"image_66","w":576,"h":1024,"u":"images/","p":"img_66.jpg","e":0},{"id":"image_67","w":576,"h":1024,"u":"images/","p":"img_67.jpg","e":0},{"id":"image_68","w":576,"h":1024,"u":"images/","p":"img_68.jpg","e":0},{"id":"image_69","w":576,"h":1024,"u":"images/","p":"img_69.jpg","e":0},{"id":"image_70","w":576,"h":1024,"u":"images/","p":"img_70.jpg","e":0},{"id":"image_71","w":576,"h":1024,"u":"images/","p":"img_71.jpg","e":0},{"id":"image_72","w":576,"h":1024,"u":"images/","p":"img_72.jpg","e":0},{"id":"image_73","w":576,"h":1024,"u":"images/","p":"img_73.jpg","e":0},{"id":"image_74","w":576,"h":1024,"u":"images/","p":"img_74.jpg","e":0},{"id":"image_75","w":576,"h":1024,"u":"images/","p":"img_75.jpg","e":0},{"id":"image_76","w":576,"h":1024,"u":"images/","p":"img_76.jpg","e":0},{"id":"image_77","w":576,"h":1024,"u":"images/","p":"img_77.jpg","e":0},{"id":"image_78","w":576,"h":1024,"u":"images/","p":"img_78.jpg","e":0},{"id":"image_79","w":576,"h":1024,"u":"images/","p":"img_79.jpg","e":0},{"id":"image_80","w":576,"h":1024,"u":"images/","p":"img_80.jpg","e":0},{"id":"image_81","w":576,"h":1024,"u":"images/","p":"img_81.jpg","e":0},{"id":"image_82","w":576,"h":1024,"u":"images/","p":"img_82.jpg","e":0},{"id":"image_83","w":576,"h":1024,"u":"images/","p":"img_83.jpg","e":0},{"id":"image_84","w":576,"h":1024,"u":"images/","p":"img_84.jpg","e":0},{"id":"image_85","w":576,"h":1024,"u":"images/","p":"img_85.jpg","e":0},{"id":"image_86","w":576,"h":1024,"u":"images/","p":"img_86.jpg","e":0}],"layers":[{"ddd":0,"ind":1,"ty":2,"nm":"mmexport1591095154926_00000.png","cl":"png","refId":"image_0","sr":1,"ks":{"o":{"a":0,"k":100,"ix":11},"r":{"a":0,"k":0,"ix":10},"p":{"a":0,"k":[288,512,0],"ix":2},"a":{"a":0,"k":[288,512,0],"ix":1},"s":{"a":0,"k":[100,100,100],"ix":6}},"ao":0,"ip":0,"op":1,"st":0,"bm":0},{"ddd":0,"ind":2,"ty":2,"nm":"mmexport1591095154926_00001.png","cl":"png","refId":"image_1","sr":1,"ks":{"o":{"a":0,"k":100,"ix":11},"r":{"a":0,"k":0,"ix":10},"p":{"a":0,"k":[288,512,0],"ix":2},"a":{"a":0,"k":[288,512,0],"ix":1},"s":{"a":0,"k":[100,100,100],"ix":6}},"ao":0,"ip":1,"op":2,"st":1,"bm":0},{"ddd":0,"ind":3,"ty":2,"nm":"mmexport1591095154926_00002.png","cl":"png","refId":"image_2","sr":1,"ks":{"o":{"a":0,"k":100,"ix":11},"r":{"a":0,"k":0,"ix":10},"p":{"a":0,"k":[288,512,0],"ix":2},"a":{"a":0,"k":[288,512,0],"ix":1},"s":{"a":0,"k":[100,100,100],"ix":6}},"ao":0,"ip":2,"op":3,"st":2,"bm":0},{"ddd":0,"ind":4,"ty":2,"nm":"mmexport1591095154926_00003.png","cl":"png","refId":"image_3","sr":1,"ks":{"o":{"a":0,"k":100,"ix":11},"r":{"a":0,"k":0,"ix":10},"p":{"a":0,"k":[288,512,0],"ix":2},"a":{"a":0,"k":[288,512,0],"ix":1},"s":{"a":0,"k":[100,100,100],"ix":6}},"ao":0,"ip":3,"op":4,"st":3,"bm":0},{"ddd":0,"ind":5,"ty":2,"nm":"mmexport1591095154926_00004.png","cl":"png","refId":"image_4","sr":1,"ks":{"o":{"a":0,"k":100,"ix":11},"r":{"a":0,"k":0,"ix":10},"p":{"a":0,"k":[288,512,0],"ix":2},"a":{"a":0,"k":[288,512,0],"ix":1},"s":{"a":0,"k":[100,100,100],"ix":6}},"ao":0,"ip":4,"op":5,"st":4,"bm":0},{"ddd":0,"ind":6,"ty":2,"nm":"mmexport1591095154926_00005.png","cl":"png","refId":"image_5","sr":1,"ks":{"o":{"a":0,"k":100,"ix":11},"r":{"a":0,"k":0,"ix":10},"p":{"a":0,"k":[288,512,0],"ix":2},"a":{"a":0,"k":[288,512,0],"ix":1},"s":{"a":0,"k":[100,100,100],"ix":6}},"ao":0,"ip":5,"op":6,"st":5,"bm":0},{"ddd":0,"ind":7,"ty":2,"nm":"mmexport1591095154926_00006.png","cl":"png","refId":"image_6","sr":1,"ks":{"o":{"a":0,"k":100,"ix":11},"r":{"a":0,"k":0,"ix":10},"p":{"a":0,"k":[288,512,0],"ix":2},"a":{"a":0,"k":[288,512,0],"ix":1},"s":{"a":0,"k":[100,100,100],"ix":6}},"ao":0,"ip":6,"op":7,"st":6,"bm":0},{"ddd":0,"ind":8,"ty":2,"nm":"mmexport1591095154926_00007.png","cl":"png","refId":"image_7","sr":1,"ks":{"o":{"a":0,"k":100,"ix":11},"r":{"a":0,"k":0,"ix":10},"p":{"a":0,"k":[288,512,0],"ix":2},"a":{"a":0,"k":[288,512,0],"ix":1},"s":{"a":0,"k":[100,100,100],"ix":6}},"ao":0,"ip":7,"op":8,"st":7,"bm":0},{"ddd":0,"ind":9,"ty":2,"nm":"mmexport1591095154926_00008.png","cl":"png","refId":"image_8","sr":1,"ks":{"o":{"a":0,"k":100,"ix":11},"r":{"a":0,"k":0,"ix":10},"p":{"a":0,"k":[288,512,0],"ix":2},"a":{"a":0,"k":[288,512,0],"ix":1},"s":{"a":0,"k":[100,100,100],"ix":6}},"ao":0,"ip":8,"op":9,"st":8,"bm":0},{"ddd":0,"ind":10,"ty":2,"nm":"mmexport1591095154926_00009.png","cl":"png","refId":"image_9","sr":1,"ks":{"o":{"a":0,"k":100,"ix":11},"r":{"a":0,"k":0,"ix":10},"p":{"a":0,"k":[288,512,0],"ix":2},"a":{"a":0,"k":[288,512,0],"ix":1},"s":{"a":0,"k":[100,100,100],"ix":6}},"ao":0,"ip":9,"op":10,"st":9,"bm":0},{"ddd":0,"ind":11,"ty":2,"nm":"mmexport1591095154926_00010.png","cl":"png","refId":"image_10","sr":1,"ks":{"o":{"a":0,"k":100,"ix":11},"r":{"a":0,"k":0,"ix":10},"p":{"a":0,"k":[288,512,0],"ix":2},"a":{"a":0,"k":[288,512,0],"ix":1},"s":{"a":0,"k":[100,100,100],"ix":6}},"ao":0,"ip":10,"op":11,"st":10,"bm":0},{"ddd":0,"ind":12,"ty":2,"nm":"mmexport1591095154926_00011.png","cl":"png","refId":"image_11","sr":1,"ks":{"o":{"a":0,"k":100,"ix":11},"r":{"a":0,"k":0,"ix":10},"p":{"a":0,"k":[288,512,0],"ix":2},"a":{"a":0,"k":[288,512,0],"ix":1},"s":{"a":0,"k":[100,100,100],"ix":6}},"ao":0,"ip":11,"op":12,"st":11,"bm":0},{"ddd":0,"ind":13,"ty":2,"nm":"mmexport1591095154926_00012.png","cl":"png","refId":"image_12","sr":1,"ks":{"o":{"a":0,"k":100,"ix":11},"r":{"a":0,"k":0,"ix":10},"p":{"a":0,"k":[288,512,0],"ix":2},"a":{"a":0,"k":[288,512,0],"ix":1},"s":{"a":0,"k":[100,100,100],"ix":6}},"ao":0,"ip":12,"op":13,"st":12,"bm":0},{"ddd":0,"ind":14,"ty":2,"nm":"mmexport1591095154926_00013.png","cl":"png","refId":"image_13","sr":1,"ks":{"o":{"a":0,"k":100,"ix":11},"r":{"a":0,"k":0,"ix":10},"p":{"a":0,"k":[288,512,0],"ix":2},"a":{"a":0,"k":[288,512,0],"ix":1},"s":{"a":0,"k":[100,100,100],"ix":6}},"ao":0,"ip":13,"op":14,"st":13,"bm":0},{"ddd":0,"ind":15,"ty":2,"nm":"mmexport1591095154926_00014.png","cl":"png","refId":"image_14","sr":1,"ks":{"o":{"a":0,"k":100,"ix":11},"r":{"a":0,"k":0,"ix":10},"p":{"a":0,"k":[288,512,0],"ix":2},"a":{"a":0,"k":[288,512,0],"ix":1},"s":{"a":0,"k":[100,100,100],"ix":6}},"ao":0,"ip":14,"op":15,"st":14,"bm":0},{"ddd":0,"ind":16,"ty":2,"nm":"mmexport1591095154926_00015.png","cl":"png","refId":"image_15","sr":1,"ks":{"o":{"a":0,"k":100,"ix":11},"r":{"a":0,"k":0,"ix":10},"p":{"a":0,"k":[288,512,0],"ix":2},"a":{"a":0,"k":[288,512,0],"ix":1},"s":{"a":0,"k":[100,100,100],"ix":6}},"ao":0,"ip":15,"op":16,"st":15,"bm":0},{"ddd":0,"ind":17,"ty":2,"nm":"mmexport1591095154926_00016.png","cl":"png","refId":"image_16","sr":1,"ks":{"o":{"a":0,"k":100,"ix":11},"r":{"a":0,"k":0,"ix":10},"p":{"a":0,"k":[288,512,0],"ix":2},"a":{"a":0,"k":[288,512,0],"ix":1},"s":{"a":0,"k":[100,100,100],"ix":6}},"ao":0,"ip":16,"op":17,"st":16,"bm":0},{"ddd":0,"ind":18,"ty":2,"nm":"mmexport1591095154926_00017.png","cl":"png","refId":"image_17","sr":1,"ks":{"o":{"a":0,"k":100,"ix":11},"r":{"a":0,"k":0,"ix":10},"p":{"a":0,"k":[288,512,0],"ix":2},"a":{"a":0,"k":[288,512,0],"ix":1},"s":{"a":0,"k":[100,100,100],"ix":6}},"ao":0,"ip":17,"op":18,"st":17,"bm":0},{"ddd":0,"ind":19,"ty":2,"nm":"mmexport1591095154926_00018.png","cl":"png","refId":"image_18","sr":1,"ks":{"o":{"a":0,"k":100,"ix":11},"r":{"a":0,"k":0,"ix":10},"p":{"a":0,"k":[288,512,0],"ix":2},"a":{"a":0,"k":[288,512,0],"ix":1},"s":{"a":0,"k":[100,100,100],"ix":6}},"ao":0,"ip":18,"op":19,"st":18,"bm":0},{"ddd":0,"ind":20,"ty":2,"nm":"mmexport1591095154926_00019.png","cl":"png","refId":"image_19","sr":1,"ks":{"o":{"a":0,"k":100,"ix":11},"r":{"a":0,"k":0,"ix":10},"p":{"a":0,"k":[288,512,0],"ix":2},"a":{"a":0,"k":[288,512,0],"ix":1},"s":{"a":0,"k":[100,100,100],"ix":6}},"ao":0,"ip":19,"op":20,"st":19,"bm":0},{"ddd":0,"ind":21,"ty":2,"nm":"mmexport1591095154926_00020.png","cl":"png","refId":"image_20","sr":1,"ks":{"o":{"a":0,"k":100,"ix":11},"r":{"a":0,"k":0,"ix":10},"p":{"a":0,"k":[288,512,0],"ix":2},"a":{"a":0,"k":[288,512,0],"ix":1},"s":{"a":0,"k":[100,100,100],"ix":6}},"ao":0,"ip":20,"op":21,"st":20,"bm":0},{"ddd":0,"ind":22,"ty":2,"nm":"mmexport1591095154926_00021.png","cl":"png","refId":"image_21","sr":1,"ks":{"o":{"a":0,"k":100,"ix":11},"r":{"a":0,"k":0,"ix":10},"p":{"a":0,"k":[288,512,0],"ix":2},"a":{"a":0,"k":[288,512,0],"ix":1},"s":{"a":0,"k":[100,100,100],"ix":6}},"ao":0,"ip":21,"op":22,"st":21,"bm":0},{"ddd":0,"ind":23,"ty":2,"nm":"mmexport1591095154926_00022.png","cl":"png","refId":"image_22","sr":1,"ks":{"o":{"a":0,"k":100,"ix":11},"r":{"a":0,"k":0,"ix":10},"p":{"a":0,"k":[288,512,0],"ix":2},"a":{"a":0,"k":[288,512,0],"ix":1},"s":{"a":0,"k":[100,100,100],"ix":6}},"ao":0,"ip":22,"op":23,"st":22,"bm":0},{"ddd":0,"ind":24,"ty":2,"nm":"mmexport1591095154926_00023.png","cl":"png","refId":"image_23","sr":1,"ks":{"o":{"a":0,"k":100,"ix":11},"r":{"a":0,"k":0,"ix":10},"p":{"a":0,"k":[288,512,0],"ix":2},"a":{"a":0,"k":[288,512,0],"ix":1},"s":{"a":0,"k":[100,100,100],"ix":6}},"ao":0,"ip":23,"op":24,"st":23,"bm":0},{"ddd":0,"ind":25,"ty":2,"nm":"mmexport1591095154926_00024.png","cl":"png","refId":"image_24","sr":1,"ks":{"o":{"a":0,"k":100,"ix":11},"r":{"a":0,"k":0,"ix":10},"p":{"a":0,"k":[288,512,0],"ix":2},"a":{"a":0,"k":[288,512,0],"ix":1},"s":{"a":0,"k":[100,100,100],"ix":6}},"ao":0,"ip":24,"op":25,"st":24,"bm":0},{"ddd":0,"ind":26,"ty":2,"nm":"mmexport1591095154926_00025.png","cl":"png","refId":"image_25","sr":1,"ks":{"o":{"a":0,"k":100,"ix":11},"r":{"a":0,"k":0,"ix":10},"p":{"a":0,"k":[288,512,0],"ix":2},"a":{"a":0,"k":[288,512,0],"ix":1},"s":{"a":0,"k":[100,100,100],"ix":6}},"ao":0,"ip":25,"op":26,"st":25,"bm":0},{"ddd":0,"ind":27,"ty":2,"nm":"mmexport1591095154926_00026.png","cl":"png","refId":"image_26","sr":1,"ks":{"o":{"a":0,"k":100,"ix":11},"r":{"a":0,"k":0,"ix":10},"p":{"a":0,"k":[288,512,0],"ix":2},"a":{"a":0,"k":[288,512,0],"ix":1},"s":{"a":0,"k":[100,100,100],"ix":6}},"ao":0,"ip":26,"op":27,"st":26,"bm":0},{"ddd":0,"ind":28,"ty":2,"nm":"mmexport1591095154926_00027.png","cl":"png","refId":"image_27","sr":1,"ks":{"o":{"a":0,"k":100,"ix":11},"r":{"a":0,"k":0,"ix":10},"p":{"a":0,"k":[288,512,0],"ix":2},"a":{"a":0,"k":[288,512,0],"ix":1},"s":{"a":0,"k":[100,100,100],"ix":6}},"ao":0,"ip":27,"op":28,"st":27,"bm":0},{"ddd":0,"ind":29,"ty":2,"nm":"mmexport1591095154926_00028.png","cl":"png","refId":"image_28","sr":1,"ks":{"o":{"a":0,"k":100,"ix":11},"r":{"a":0,"k":0,"ix":10},"p":{"a":0,"k":[288,512,0],"ix":2},"a":{"a":0,"k":[288,512,0],"ix":1},"s":{"a":0,"k":[100,100,100],"ix":6}},"ao":0,"ip":28,"op":29,"st":28,"bm":0},{"ddd":0,"ind":30,"ty":2,"nm":"mmexport1591095154926_00029.png","cl":"png","refId":"image_29","sr":1,"ks":{"o":{"a":0,"k":100,"ix":11},"r":{"a":0,"k":0,"ix":10},"p":{"a":0,"k":[288,512,0],"ix":2},"a":{"a":0,"k":[288,512,0],"ix":1},"s":{"a":0,"k":[100,100,100],"ix":6}},"ao":0,"ip":29,"op":30,"st":29,"bm":0},{"ddd":0,"ind":31,"ty":2,"nm":"mmexport1591095154926_00030.png","cl":"png","refId":"image_30","sr":1,"ks":{"o":{"a":0,"k":100,"ix":11},"r":{"a":0,"k":0,"ix":10},"p":{"a":0,"k":[288,512,0],"ix":2},"a":{"a":0,"k":[288,512,0],"ix":1},"s":{"a":0,"k":[100,100,100],"ix":6}},"ao":0,"ip":30,"op":31,"st":30,"bm":0},{"ddd":0,"ind":32,"ty":2,"nm":"mmexport1591095154926_00031.png","cl":"png","refId":"image_31","sr":1,"ks":{"o":{"a":0,"k":100,"ix":11},"r":{"a":0,"k":0,"ix":10},"p":{"a":0,"k":[288,512,0],"ix":2},"a":{"a":0,"k":[288,512,0],"ix":1},"s":{"a":0,"k":[100,100,100],"ix":6}},"ao":0,"ip":31,"op":32,"st":31,"bm":0},{"ddd":0,"ind":33,"ty":2,"nm":"mmexport1591095154926_00032.png","cl":"png","refId":"image_32","sr":1,"ks":{"o":{"a":0,"k":100,"ix":11},"r":{"a":0,"k":0,"ix":10},"p":{"a":0,"k":[288,512,0],"ix":2},"a":{"a":0,"k":[288,512,0],"ix":1},"s":{"a":0,"k":[100,100,100],"ix":6}},"ao":0,"ip":32,"op":33,"st":32,"bm":0},{"ddd":0,"ind":34,"ty":2,"nm":"mmexport1591095154926_00033.png","cl":"png","refId":"image_33","sr":1,"ks":{"o":{"a":0,"k":100,"ix":11},"r":{"a":0,"k":0,"ix":10},"p":{"a":0,"k":[288,512,0],"ix":2},"a":{"a":0,"k":[288,512,0],"ix":1},"s":{"a":0,"k":[100,100,100],"ix":6}},"ao":0,"ip":33,"op":34,"st":33,"bm":0},{"ddd":0,"ind":35,"ty":2,"nm":"mmexport1591095154926_00034.png","cl":"png","refId":"image_34","sr":1,"ks":{"o":{"a":0,"k":100,"ix":11},"r":{"a":0,"k":0,"ix":10},"p":{"a":0,"k":[288,512,0],"ix":2},"a":{"a":0,"k":[288,512,0],"ix":1},"s":{"a":0,"k":[100,100,100],"ix":6}},"ao":0,"ip":34,"op":35,"st":34,"bm":0},{"ddd":0,"ind":36,"ty":2,"nm":"mmexport1591095154926_00035.png","cl":"png","refId":"image_35","sr":1,"ks":{"o":{"a":0,"k":100,"ix":11},"r":{"a":0,"k":0,"ix":10},"p":{"a":0,"k":[288,512,0],"ix":2},"a":{"a":0,"k":[288,512,0],"ix":1},"s":{"a":0,"k":[100,100,100],"ix":6}},"ao":0,"ip":35,"op":36,"st":35,"bm":0},{"ddd":0,"ind":37,"ty":2,"nm":"mmexport1591095154926_00036.png","cl":"png","refId":"image_36","sr":1,"ks":{"o":{"a":0,"k":100,"ix":11},"r":{"a":0,"k":0,"ix":10},"p":{"a":0,"k":[288,512,0],"ix":2},"a":{"a":0,"k":[288,512,0],"ix":1},"s":{"a":0,"k":[100,100,100],"ix":6}},"ao":0,"ip":36,"op":37,"st":36,"bm":0},{"ddd":0,"ind":38,"ty":2,"nm":"mmexport1591095154926_00037.png","cl":"png","refId":"image_37","sr":1,"ks":{"o":{"a":0,"k":100,"ix":11},"r":{"a":0,"k":0,"ix":10},"p":{"a":0,"k":[288,512,0],"ix":2},"a":{"a":0,"k":[288,512,0],"ix":1},"s":{"a":0,"k":[100,100,100],"ix":6}},"ao":0,"ip":37,"op":38,"st":37,"bm":0},{"ddd":0,"ind":39,"ty":2,"nm":"mmexport1591095154926_00038.png","cl":"png","refId":"image_38","sr":1,"ks":{"o":{"a":0,"k":100,"ix":11},"r":{"a":0,"k":0,"ix":10},"p":{"a":0,"k":[288,512,0],"ix":2},"a":{"a":0,"k":[288,512,0],"ix":1},"s":{"a":0,"k":[100,100,100],"ix":6}},"ao":0,"ip":38,"op":39,"st":38,"bm":0},{"ddd":0,"ind":40,"ty":2,"nm":"mmexport1591095154926_00039.png","cl":"png","refId":"image_39","sr":1,"ks":{"o":{"a":0,"k":100,"ix":11},"r":{"a":0,"k":0,"ix":10},"p":{"a":0,"k":[288,512,0],"ix":2},"a":{"a":0,"k":[288,512,0],"ix":1},"s":{"a":0,"k":[100,100,100],"ix":6}},"ao":0,"ip":39,"op":40,"st":39,"bm":0},{"ddd":0,"ind":41,"ty":2,"nm":"mmexport1591095154926_00040.png","cl":"png","refId":"image_40","sr":1,"ks":{"o":{"a":0,"k":100,"ix":11},"r":{"a":0,"k":0,"ix":10},"p":{"a":0,"k":[288,512,0],"ix":2},"a":{"a":0,"k":[288,512,0],"ix":1},"s":{"a":0,"k":[100,100,100],"ix":6}},"ao":0,"ip":40,"op":41,"st":40,"bm":0},{"ddd":0,"ind":42,"ty":2,"nm":"mmexport1591095154926_00041.png","cl":"png","refId":"image_41","sr":1,"ks":{"o":{"a":0,"k":100,"ix":11},"r":{"a":0,"k":0,"ix":10},"p":{"a":0,"k":[288,512,0],"ix":2},"a":{"a":0,"k":[288,512,0],"ix":1},"s":{"a":0,"k":[100,100,100],"ix":6}},"ao":0,"ip":41,"op":42,"st":41,"bm":0},{"ddd":0,"ind":43,"ty":2,"nm":"mmexport1591095154926_00042.png","cl":"png","refId":"image_42","sr":1,"ks":{"o":{"a":0,"k":100,"ix":11},"r":{"a":0,"k":0,"ix":10},"p":{"a":0,"k":[288,512,0],"ix":2},"a":{"a":0,"k":[288,512,0],"ix":1},"s":{"a":0,"k":[100,100,100],"ix":6}},"ao":0,"ip":42,"op":43,"st":42,"bm":0},{"ddd":0,"ind":44,"ty":2,"nm":"mmexport1591095154926_00043.png","cl":"png","refId":"image_43","sr":1,"ks":{"o":{"a":0,"k":100,"ix":11},"r":{"a":0,"k":0,"ix":10},"p":{"a":0,"k":[288,512,0],"ix":2},"a":{"a":0,"k":[288,512,0],"ix":1},"s":{"a":0,"k":[100,100,100],"ix":6}},"ao":0,"ip":43,"op":44,"st":43,"bm":0},{"ddd":0,"ind":45,"ty":2,"nm":"mmexport1591095154926_00044.png","cl":"png","refId":"image_44","sr":1,"ks":{"o":{"a":0,"k":100,"ix":11},"r":{"a":0,"k":0,"ix":10},"p":{"a":0,"k":[288,512,0],"ix":2},"a":{"a":0,"k":[288,512,0],"ix":1},"s":{"a":0,"k":[100,100,100],"ix":6}},"ao":0,"ip":44,"op":45,"st":44,"bm":0},{"ddd":0,"ind":46,"ty":2,"nm":"mmexport1591095154926_00045.png","cl":"png","refId":"image_45","sr":1,"ks":{"o":{"a":0,"k":100,"ix":11},"r":{"a":0,"k":0,"ix":10},"p":{"a":0,"k":[288,512,0],"ix":2},"a":{"a":0,"k":[288,512,0],"ix":1},"s":{"a":0,"k":[100,100,100],"ix":6}},"ao":0,"ip":45,"op":46,"st":45,"bm":0},{"ddd":0,"ind":47,"ty":2,"nm":"mmexport1591095154926_00046.png","cl":"png","refId":"image_46","sr":1,"ks":{"o":{"a":0,"k":100,"ix":11},"r":{"a":0,"k":0,"ix":10},"p":{"a":0,"k":[288,512,0],"ix":2},"a":{"a":0,"k":[288,512,0],"ix":1},"s":{"a":0,"k":[100,100,100],"ix":6}},"ao":0,"ip":46,"op":47,"st":46,"bm":0},{"ddd":0,"ind":48,"ty":2,"nm":"mmexport1591095154926_00047.png","cl":"png","refId":"image_47","sr":1,"ks":{"o":{"a":0,"k":100,"ix":11},"r":{"a":0,"k":0,"ix":10},"p":{"a":0,"k":[288,512,0],"ix":2},"a":{"a":0,"k":[288,512,0],"ix":1},"s":{"a":0,"k":[100,100,100],"ix":6}},"ao":0,"ip":47,"op":48,"st":47,"bm":0},{"ddd":0,"ind":49,"ty":2,"nm":"mmexport1591095154926_00048.png","cl":"png","refId":"image_48","sr":1,"ks":{"o":{"a":0,"k":100,"ix":11},"r":{"a":0,"k":0,"ix":10},"p":{"a":0,"k":[288,512,0],"ix":2},"a":{"a":0,"k":[288,512,0],"ix":1},"s":{"a":0,"k":[100,100,100],"ix":6}},"ao":0,"ip":48,"op":49,"st":48,"bm":0},{"ddd":0,"ind":50,"ty":2,"nm":"mmexport1591095154926_00049.png","cl":"png","refId":"image_49","sr":1,"ks":{"o":{"a":0,"k":100,"ix":11},"r":{"a":0,"k":0,"ix":10},"p":{"a":0,"k":[288,512,0],"ix":2},"a":{"a":0,"k":[288,512,0],"ix":1},"s":{"a":0,"k":[100,100,100],"ix":6}},"ao":0,"ip":49,"op":50,"st":49,"bm":0},{"ddd":0,"ind":51,"ty":2,"nm":"mmexport1591095154926_00050.png","cl":"png","refId":"image_50","sr":1,"ks":{"o":{"a":0,"k":100,"ix":11},"r":{"a":0,"k":0,"ix":10},"p":{"a":0,"k":[288,512,0],"ix":2},"a":{"a":0,"k":[288,512,0],"ix":1},"s":{"a":0,"k":[100,100,100],"ix":6}},"ao":0,"ip":50,"op":51,"st":50,"bm":0},{"ddd":0,"ind":52,"ty":2,"nm":"mmexport1591095154926_00051.png","cl":"png","refId":"image_51","sr":1,"ks":{"o":{"a":0,"k":100,"ix":11},"r":{"a":0,"k":0,"ix":10},"p":{"a":0,"k":[288,512,0],"ix":2},"a":{"a":0,"k":[288,512,0],"ix":1},"s":{"a":0,"k":[100,100,100],"ix":6}},"ao":0,"ip":51,"op":52,"st":51,"bm":0},{"ddd":0,"ind":53,"ty":2,"nm":"mmexport1591095154926_00052.png","cl":"png","refId":"image_52","sr":1,"ks":{"o":{"a":0,"k":100,"ix":11},"r":{"a":0,"k":0,"ix":10},"p":{"a":0,"k":[288,512,0],"ix":2},"a":{"a":0,"k":[288,512,0],"ix":1},"s":{"a":0,"k":[100,100,100],"ix":6}},"ao":0,"ip":52,"op":53,"st":52,"bm":0},{"ddd":0,"ind":54,"ty":2,"nm":"mmexport1591095154926_00053.png","cl":"png","refId":"image_53","sr":1,"ks":{"o":{"a":0,"k":100,"ix":11},"r":{"a":0,"k":0,"ix":10},"p":{"a":0,"k":[288,512,0],"ix":2},"a":{"a":0,"k":[288,512,0],"ix":1},"s":{"a":0,"k":[100,100,100],"ix":6}},"ao":0,"ip":53,"op":54,"st":53,"bm":0},{"ddd":0,"ind":55,"ty":2,"nm":"mmexport1591095154926_00054.png","cl":"png","refId":"image_54","sr":1,"ks":{"o":{"a":0,"k":100,"ix":11},"r":{"a":0,"k":0,"ix":10},"p":{"a":0,"k":[288,512,0],"ix":2},"a":{"a":0,"k":[288,512,0],"ix":1},"s":{"a":0,"k":[100,100,100],"ix":6}},"ao":0,"ip":54,"op":55,"st":54,"bm":0},{"ddd":0,"ind":56,"ty":2,"nm":"mmexport1591095154926_00055.png","cl":"png","refId":"image_55","sr":1,"ks":{"o":{"a":0,"k":100,"ix":11},"r":{"a":0,"k":0,"ix":10},"p":{"a":0,"k":[288,512,0],"ix":2},"a":{"a":0,"k":[288,512,0],"ix":1},"s":{"a":0,"k":[100,100,100],"ix":6}},"ao":0,"ip":55,"op":56,"st":55,"bm":0},{"ddd":0,"ind":57,"ty":2,"nm":"mmexport1591095154926_00056.png","cl":"png","refId":"image_56","sr":1,"ks":{"o":{"a":0,"k":100,"ix":11},"r":{"a":0,"k":0,"ix":10},"p":{"a":0,"k":[288,512,0],"ix":2},"a":{"a":0,"k":[288,512,0],"ix":1},"s":{"a":0,"k":[100,100,100],"ix":6}},"ao":0,"ip":56,"op":57,"st":56,"bm":0},{"ddd":0,"ind":58,"ty":2,"nm":"mmexport1591095154926_00057.png","cl":"png","refId":"image_57","sr":1,"ks":{"o":{"a":0,"k":100,"ix":11},"r":{"a":0,"k":0,"ix":10},"p":{"a":0,"k":[288,512,0],"ix":2},"a":{"a":0,"k":[288,512,0],"ix":1},"s":{"a":0,"k":[100,100,100],"ix":6}},"ao":0,"ip":57,"op":58,"st":57,"bm":0},{"ddd":0,"ind":59,"ty":2,"nm":"mmexport1591095154926_00058.png","cl":"png","refId":"image_58","sr":1,"ks":{"o":{"a":0,"k":100,"ix":11},"r":{"a":0,"k":0,"ix":10},"p":{"a":0,"k":[288,512,0],"ix":2},"a":{"a":0,"k":[288,512,0],"ix":1},"s":{"a":0,"k":[100,100,100],"ix":6}},"ao":0,"ip":58,"op":59,"st":58,"bm":0},{"ddd":0,"ind":60,"ty":2,"nm":"mmexport1591095154926_00059.png","cl":"png","refId":"image_59","sr":1,"ks":{"o":{"a":0,"k":100,"ix":11},"r":{"a":0,"k":0,"ix":10},"p":{"a":0,"k":[288,512,0],"ix":2},"a":{"a":0,"k":[288,512,0],"ix":1},"s":{"a":0,"k":[100,100,100],"ix":6}},"ao":0,"ip":59,"op":60,"st":59,"bm":0},{"ddd":0,"ind":61,"ty":2,"nm":"mmexport1591095154926_00060.png","cl":"png","refId":"image_60","sr":1,"ks":{"o":{"a":0,"k":100,"ix":11},"r":{"a":0,"k":0,"ix":10},"p":{"a":0,"k":[288,512,0],"ix":2},"a":{"a":0,"k":[288,512,0],"ix":1},"s":{"a":0,"k":[100,100,100],"ix":6}},"ao":0,"ip":60,"op":61,"st":60,"bm":0},{"ddd":0,"ind":62,"ty":2,"nm":"mmexport1591095154926_00061.png","cl":"png","refId":"image_61","sr":1,"ks":{"o":{"a":0,"k":100,"ix":11},"r":{"a":0,"k":0,"ix":10},"p":{"a":0,"k":[288,512,0],"ix":2},"a":{"a":0,"k":[288,512,0],"ix":1},"s":{"a":0,"k":[100,100,100],"ix":6}},"ao":0,"ip":61,"op":62,"st":61,"bm":0},{"ddd":0,"ind":63,"ty":2,"nm":"mmexport1591095154926_00062.png","cl":"png","refId":"image_62","sr":1,"ks":{"o":{"a":0,"k":100,"ix":11},"r":{"a":0,"k":0,"ix":10},"p":{"a":0,"k":[288,512,0],"ix":2},"a":{"a":0,"k":[288,512,0],"ix":1},"s":{"a":0,"k":[100,100,100],"ix":6}},"ao":0,"ip":62,"op":63,"st":62,"bm":0},{"ddd":0,"ind":64,"ty":2,"nm":"mmexport1591095154926_00063.png","cl":"png","refId":"image_63","sr":1,"ks":{"o":{"a":0,"k":100,"ix":11},"r":{"a":0,"k":0,"ix":10},"p":{"a":0,"k":[288,512,0],"ix":2},"a":{"a":0,"k":[288,512,0],"ix":1},"s":{"a":0,"k":[100,100,100],"ix":6}},"ao":0,"ip":63,"op":64,"st":63,"bm":0},{"ddd":0,"ind":65,"ty":2,"nm":"mmexport1591095154926_00064.png","cl":"png","refId":"image_64","sr":1,"ks":{"o":{"a":0,"k":100,"ix":11},"r":{"a":0,"k":0,"ix":10},"p":{"a":0,"k":[288,512,0],"ix":2},"a":{"a":0,"k":[288,512,0],"ix":1},"s":{"a":0,"k":[100,100,100],"ix":6}},"ao":0,"ip":64,"op":65,"st":64,"bm":0},{"ddd":0,"ind":66,"ty":2,"nm":"mmexport1591095154926_00065.png","cl":"png","refId":"image_65","sr":1,"ks":{"o":{"a":0,"k":100,"ix":11},"r":{"a":0,"k":0,"ix":10},"p":{"a":0,"k":[288,512,0],"ix":2},"a":{"a":0,"k":[288,512,0],"ix":1},"s":{"a":0,"k":[100,100,100],"ix":6}},"ao":0,"ip":65,"op":66,"st":65,"bm":0},{"ddd":0,"ind":67,"ty":2,"nm":"mmexport1591095154926_00066.png","cl":"png","refId":"image_66","sr":1,"ks":{"o":{"a":0,"k":100,"ix":11},"r":{"a":0,"k":0,"ix":10},"p":{"a":0,"k":[288,512,0],"ix":2},"a":{"a":0,"k":[288,512,0],"ix":1},"s":{"a":0,"k":[100,100,100],"ix":6}},"ao":0,"ip":66,"op":67,"st":66,"bm":0},{"ddd":0,"ind":68,"ty":2,"nm":"mmexport1591095154926_00067.png","cl":"png","refId":"image_67","sr":1,"ks":{"o":{"a":0,"k":100,"ix":11},"r":{"a":0,"k":0,"ix":10},"p":{"a":0,"k":[288,512,0],"ix":2},"a":{"a":0,"k":[288,512,0],"ix":1},"s":{"a":0,"k":[100,100,100],"ix":6}},"ao":0,"ip":67,"op":68,"st":67,"bm":0},{"ddd":0,"ind":69,"ty":2,"nm":"mmexport1591095154926_00068.png","cl":"png","refId":"image_68","sr":1,"ks":{"o":{"a":0,"k":100,"ix":11},"r":{"a":0,"k":0,"ix":10},"p":{"a":0,"k":[288,512,0],"ix":2},"a":{"a":0,"k":[288,512,0],"ix":1},"s":{"a":0,"k":[100,100,100],"ix":6}},"ao":0,"ip":68,"op":69,"st":68,"bm":0},{"ddd":0,"ind":70,"ty":2,"nm":"mmexport1591095154926_00069.png","cl":"png","refId":"image_69","sr":1,"ks":{"o":{"a":0,"k":100,"ix":11},"r":{"a":0,"k":0,"ix":10},"p":{"a":0,"k":[288,512,0],"ix":2},"a":{"a":0,"k":[288,512,0],"ix":1},"s":{"a":0,"k":[100,100,100],"ix":6}},"ao":0,"ip":69,"op":70,"st":69,"bm":0},{"ddd":0,"ind":71,"ty":2,"nm":"mmexport1591095154926_00070.png","cl":"png","refId":"image_70","sr":1,"ks":{"o":{"a":0,"k":100,"ix":11},"r":{"a":0,"k":0,"ix":10},"p":{"a":0,"k":[288,512,0],"ix":2},"a":{"a":0,"k":[288,512,0],"ix":1},"s":{"a":0,"k":[100,100,100],"ix":6}},"ao":0,"ip":70,"op":71,"st":70,"bm":0},{"ddd":0,"ind":72,"ty":2,"nm":"mmexport1591095154926_00071.png","cl":"png","refId":"image_71","sr":1,"ks":{"o":{"a":0,"k":100,"ix":11},"r":{"a":0,"k":0,"ix":10},"p":{"a":0,"k":[288,512,0],"ix":2},"a":{"a":0,"k":[288,512,0],"ix":1},"s":{"a":0,"k":[100,100,100],"ix":6}},"ao":0,"ip":71,"op":72,"st":71,"bm":0},{"ddd":0,"ind":73,"ty":2,"nm":"mmexport1591095154926_00072.png","cl":"png","refId":"image_72","sr":1,"ks":{"o":{"a":0,"k":100,"ix":11},"r":{"a":0,"k":0,"ix":10},"p":{"a":0,"k":[288,512,0],"ix":2},"a":{"a":0,"k":[288,512,0],"ix":1},"s":{"a":0,"k":[100,100,100],"ix":6}},"ao":0,"ip":72,"op":73,"st":72,"bm":0},{"ddd":0,"ind":74,"ty":2,"nm":"mmexport1591095154926_00073.png","cl":"png","refId":"image_73","sr":1,"ks":{"o":{"a":0,"k":100,"ix":11},"r":{"a":0,"k":0,"ix":10},"p":{"a":0,"k":[288,512,0],"ix":2},"a":{"a":0,"k":[288,512,0],"ix":1},"s":{"a":0,"k":[100,100,100],"ix":6}},"ao":0,"ip":73,"op":74,"st":73,"bm":0},{"ddd":0,"ind":75,"ty":2,"nm":"mmexport1591095154926_00074.png","cl":"png","refId":"image_74","sr":1,"ks":{"o":{"a":0,"k":100,"ix":11},"r":{"a":0,"k":0,"ix":10},"p":{"a":0,"k":[288,512,0],"ix":2},"a":{"a":0,"k":[288,512,0],"ix":1},"s":{"a":0,"k":[100,100,100],"ix":6}},"ao":0,"ip":74,"op":75,"st":74,"bm":0},{"ddd":0,"ind":76,"ty":2,"nm":"mmexport1591095154926_00075.png","cl":"png","refId":"image_75","sr":1,"ks":{"o":{"a":0,"k":100,"ix":11},"r":{"a":0,"k":0,"ix":10},"p":{"a":0,"k":[288,512,0],"ix":2},"a":{"a":0,"k":[288,512,0],"ix":1},"s":{"a":0,"k":[100,100,100],"ix":6}},"ao":0,"ip":75,"op":76,"st":75,"bm":0},{"ddd":0,"ind":77,"ty":2,"nm":"mmexport1591095154926_00076.png","cl":"png","refId":"image_76","sr":1,"ks":{"o":{"a":0,"k":100,"ix":11},"r":{"a":0,"k":0,"ix":10},"p":{"a":0,"k":[288,512,0],"ix":2},"a":{"a":0,"k":[288,512,0],"ix":1},"s":{"a":0,"k":[100,100,100],"ix":6}},"ao":0,"ip":76,"op":77,"st":76,"bm":0},{"ddd":0,"ind":78,"ty":2,"nm":"mmexport1591095154926_00077.png","cl":"png","refId":"image_77","sr":1,"ks":{"o":{"a":0,"k":100,"ix":11},"r":{"a":0,"k":0,"ix":10},"p":{"a":0,"k":[288,512,0],"ix":2},"a":{"a":0,"k":[288,512,0],"ix":1},"s":{"a":0,"k":[100,100,100],"ix":6}},"ao":0,"ip":77,"op":78,"st":77,"bm":0},{"ddd":0,"ind":79,"ty":2,"nm":"mmexport1591095154926_00078.png","cl":"png","refId":"image_78","sr":1,"ks":{"o":{"a":0,"k":100,"ix":11},"r":{"a":0,"k":0,"ix":10},"p":{"a":0,"k":[288,512,0],"ix":2},"a":{"a":0,"k":[288,512,0],"ix":1},"s":{"a":0,"k":[100,100,100],"ix":6}},"ao":0,"ip":78,"op":79,"st":78,"bm":0},{"ddd":0,"ind":80,"ty":2,"nm":"mmexport1591095154926_00079.png","cl":"png","refId":"image_79","sr":1,"ks":{"o":{"a":0,"k":100,"ix":11},"r":{"a":0,"k":0,"ix":10},"p":{"a":0,"k":[288,512,0],"ix":2},"a":{"a":0,"k":[288,512,0],"ix":1},"s":{"a":0,"k":[100,100,100],"ix":6}},"ao":0,"ip":79,"op":80,"st":79,"bm":0},{"ddd":0,"ind":81,"ty":2,"nm":"mmexport1591095154926_00080.png","cl":"png","refId":"image_80","sr":1,"ks":{"o":{"a":0,"k":100,"ix":11},"r":{"a":0,"k":0,"ix":10},"p":{"a":0,"k":[288,512,0],"ix":2},"a":{"a":0,"k":[288,512,0],"ix":1},"s":{"a":0,"k":[100,100,100],"ix":6}},"ao":0,"ip":80,"op":81,"st":80,"bm":0},{"ddd":0,"ind":82,"ty":2,"nm":"mmexport1591095154926_00081.png","cl":"png","refId":"image_81","sr":1,"ks":{"o":{"a":0,"k":100,"ix":11},"r":{"a":0,"k":0,"ix":10},"p":{"a":0,"k":[288,512,0],"ix":2},"a":{"a":0,"k":[288,512,0],"ix":1},"s":{"a":0,"k":[100,100,100],"ix":6}},"ao":0,"ip":81,"op":82,"st":81,"bm":0},{"ddd":0,"ind":83,"ty":2,"nm":"mmexport1591095154926_00082.png","cl":"png","refId":"image_82","sr":1,"ks":{"o":{"a":0,"k":100,"ix":11},"r":{"a":0,"k":0,"ix":10},"p":{"a":0,"k":[288,512,0],"ix":2},"a":{"a":0,"k":[288,512,0],"ix":1},"s":{"a":0,"k":[100,100,100],"ix":6}},"ao":0,"ip":82,"op":83,"st":82,"bm":0},{"ddd":0,"ind":84,"ty":2,"nm":"mmexport1591095154926_00083.png","cl":"png","refId":"image_83","sr":1,"ks":{"o":{"a":0,"k":100,"ix":11},"r":{"a":0,"k":0,"ix":10},"p":{"a":0,"k":[288,512,0],"ix":2},"a":{"a":0,"k":[288,512,0],"ix":1},"s":{"a":0,"k":[100,100,100],"ix":6}},"ao":0,"ip":83,"op":84,"st":83,"bm":0},{"ddd":0,"ind":85,"ty":2,"nm":"mmexport1591095154926_00084.png","cl":"png","refId":"image_84","sr":1,"ks":{"o":{"a":0,"k":100,"ix":11},"r":{"a":0,"k":0,"ix":10},"p":{"a":0,"k":[288,512,0],"ix":2},"a":{"a":0,"k":[288,512,0],"ix":1},"s":{"a":0,"k":[100,100,100],"ix":6}},"ao":0,"ip":84,"op":85,"st":84,"bm":0},{"ddd":0,"ind":86,"ty":2,"nm":"mmexport1591095154926_00085.png","cl":"png","refId":"image_85","sr":1,"ks":{"o":{"a":0,"k":100,"ix":11},"r":{"a":0,"k":0,"ix":10},"p":{"a":0,"k":[288,512,0],"ix":2},"a":{"a":0,"k":[288,512,0],"ix":1},"s":{"a":0,"k":[100,100,100],"ix":6}},"ao":0,"ip":85,"op":86,"st":85,"bm":0},{"ddd":0,"ind":87,"ty":2,"nm":"mmexport1591095154926_00086.png","cl":"png","refId":"image_86","sr":1,"ks":{"o":{"a":0,"k":100,"ix":11},"r":{"a":0,"k":0,"ix":10},"p":{"a":0,"k":[288,512,0],"ix":2},"a":{"a":0,"k":[288,512,0],"ix":1},"s":{"a":0,"k":[100,100,100],"ix":6}},"ao":0,"ip":86,"op":87,"st":86,"bm":0}],"markers":[]}