{"v":"5.6.6","fr":30,"ip":0,"op":1170,"w":480,"h":854,"nm":"mmexport1590722816566_00000","ddd":0,"assets":[{"id":"image_0","w":480,"h":854,"u":"images/","p":"img_0.jpg","e":0},{"id":"image_1","w":480,"h":854,"u":"images/","p":"img_1.jpg","e":0},{"id":"image_2","w":480,"h":854,"u":"images/","p":"img_2.jpg","e":0},{"id":"image_3","w":480,"h":854,"u":"images/","p":"img_3.jpg","e":0},{"id":"image_4","w":480,"h":854,"u":"images/","p":"img_4.jpg","e":0},{"id":"image_5","w":480,"h":854,"u":"images/","p":"img_5.jpg","e":0},{"id":"image_6","w":480,"h":854,"u":"images/","p":"img_6.jpg","e":0},{"id":"image_7","w":480,"h":854,"u":"images/","p":"img_7.jpg","e":0},{"id":"image_8","w":480,"h":854,"u":"images/","p":"img_8.jpg","e":0},{"id":"image_9","w":480,"h":854,"u":"images/","p":"img_9.jpg","e":0},{"id":"image_10","w":480,"h":854,"u":"images/","p":"img_10.jpg","e":0},{"id":"image_11","w":480,"h":854,"u":"images/","p":"img_11.jpg","e":0},{"id":"image_12","w":480,"h":854,"u":"images/","p":"img_12.jpg","e":0},{"id":"image_13","w":480,"h":854,"u":"images/","p":"img_13.jpg","e":0},{"id":"image_14","w":480,"h":854,"u":"images/","p":"img_14.jpg","e":0},{"id":"image_15","w":480,"h":854,"u":"images/","p":"img_15.jpg","e":0},{"id":"image_16","w":480,"h":854,"u":"images/","p":"img_16.jpg","e":0},{"id":"image_17","w":480,"h":854,"u":"images/","p":"img_17.jpg","e":0},{"id":"image_18","w":480,"h":854,"u":"images/","p":"img_18.jpg","e":0},{"id":"image_19","w":480,"h":854,"u":"images/","p":"img_19.jpg","e":0},{"id":"image_20","w":480,"h":854,"u":"images/","p":"img_20.jpg","e":0},{"id":"image_21","w":480,"h":854,"u":"images/","p":"img_21.jpg","e":0},{"id":"image_22","w":480,"h":854,"u":"images/","p":"img_22.jpg","e":0},{"id":"image_23","w":480,"h":854,"u":"images/","p":"img_23.jpg","e":0},{"id":"image_24","w":480,"h":854,"u":"images/","p":"img_24.jpg","e":0},{"id":"image_25","w":480,"h":854,"u":"images/","p":"img_25.jpg","e":0},{"id":"image_26","w":480,"h":854,"u":"images/","p":"img_26.jpg","e":0},{"id":"image_27","w":480,"h":854,"u":"images/","p":"img_27.jpg","e":0},{"id":"image_28","w":480,"h":854,"u":"images/","p":"img_28.jpg","e":0},{"id":"image_29","w":480,"h":854,"u":"images/","p":"img_29.jpg","e":0},{"id":"image_30","w":480,"h":854,"u":"images/","p":"img_30.jpg","e":0},{"id":"image_31","w":480,"h":854,"u":"images/","p":"img_31.jpg","e":0},{"id":"image_32","w":480,"h":854,"u":"images/","p":"img_32.jpg","e":0},{"id":"image_33","w":480,"h":854,"u":"images/","p":"img_33.jpg","e":0},{"id":"image_34","w":480,"h":854,"u":"images/","p":"img_34.jpg","e":0},{"id":"image_35","w":480,"h":854,"u":"images/","p":"img_35.jpg","e":0},{"id":"image_36","w":480,"h":854,"u":"images/","p":"img_36.jpg","e":0},{"id":"image_37","w":480,"h":854,"u":"images/","p":"img_37.jpg","e":0},{"id":"image_38","w":480,"h":854,"u":"images/","p":"img_38.jpg","e":0},{"id":"image_39","w":480,"h":854,"u":"images/","p":"img_39.jpg","e":0},{"id":"image_40","w":480,"h":854,"u":"images/","p":"img_40.jpg","e":0},{"id":"image_41","w":480,"h":854,"u":"images/","p":"img_41.jpg","e":0},{"id":"image_42","w":480,"h":854,"u":"images/","p":"img_42.jpg","e":0},{"id":"image_43","w":480,"h":854,"u":"images/","p":"img_43.jpg","e":0},{"id":"image_44","w":480,"h":854,"u":"images/","p":"img_44.jpg","e":0},{"id":"image_45","w":480,"h":854,"u":"images/","p":"img_45.jpg","e":0},{"id":"image_46","w":480,"h":854,"u":"images/","p":"img_46.jpg","e":0},{"id":"image_47","w":480,"h":854,"u":"images/","p":"img_47.jpg","e":0},{"id":"image_48","w":480,"h":854,"u":"images/","p":"img_48.jpg","e":0},{"id":"image_49","w":480,"h":854,"u":"images/","p":"img_49.jpg","e":0},{"id":"image_50","w":480,"h":854,"u":"images/","p":"img_50.jpg","e":0},{"id":"image_51","w":480,"h":854,"u":"images/","p":"img_51.jpg","e":0},{"id":"image_52","w":480,"h":854,"u":"images/","p":"img_52.jpg","e":0},{"id":"image_53","w":480,"h":854,"u":"images/","p":"img_53.jpg","e":0},{"id":"image_54","w":480,"h":854,"u":"images/","p":"img_54.jpg","e":0},{"id":"image_55","w":480,"h":854,"u":"images/","p":"img_55.jpg","e":0},{"id":"image_56","w":480,"h":854,"u":"images/","p":"img_56.jpg","e":0},{"id":"image_57","w":480,"h":854,"u":"images/","p":"img_57.jpg","e":0},{"id":"image_58","w":480,"h":854,"u":"images/","p":"img_58.jpg","e":0},{"id":"image_59","w":480,"h":854,"u":"images/","p":"img_59.jpg","e":0},{"id":"image_60","w":480,"h":854,"u":"images/","p":"img_60.jpg","e":0},{"id":"image_61","w":480,"h":854,"u":"images/","p":"img_61.jpg","e":0},{"id":"image_62","w":480,"h":854,"u":"images/","p":"img_62.jpg","e":0},{"id":"image_63","w":480,"h":854,"u":"images/","p":"img_63.jpg","e":0},{"id":"image_64","w":480,"h":854,"u":"images/","p":"img_64.jpg","e":0},{"id":"image_65","w":480,"h":854,"u":"images/","p":"img_65.jpg","e":0},{"id":"image_66","w":480,"h":854,"u":"images/","p":"img_66.jpg","e":0},{"id":"image_67","w":480,"h":854,"u":"images/","p":"img_67.jpg","e":0},{"id":"image_68","w":480,"h":854,"u":"images/","p":"img_68.jpg","e":0},{"id":"image_69","w":480,"h":854,"u":"images/","p":"img_69.jpg","e":0},{"id":"image_70","w":480,"h":854,"u":"images/","p":"img_70.jpg","e":0},{"id":"image_71","w":480,"h":854,"u":"images/","p":"img_71.jpg","e":0},{"id":"image_72","w":480,"h":854,"u":"images/","p":"img_72.jpg","e":0},{"id":"image_73","w":480,"h":854,"u":"images/","p":"img_73.jpg","e":0},{"id":"image_74","w":480,"h":854,"u":"images/","p":"img_74.jpg","e":0},{"id":"image_75","w":480,"h":854,"u":"images/","p":"img_75.jpg","e":0},{"id":"image_76","w":480,"h":854,"u":"images/","p":"img_76.jpg","e":0},{"id":"image_77","w":480,"h":854,"u":"images/","p":"img_77.jpg","e":0},{"id":"image_78","w":480,"h":854,"u":"images/","p":"img_78.jpg","e":0},{"id":"image_79","w":480,"h":854,"u":"images/","p":"img_79.jpg","e":0},{"id":"image_80","w":480,"h":854,"u":"images/","p":"img_80.jpg","e":0},{"id":"image_81","w":480,"h":854,"u":"images/","p":"img_81.jpg","e":0},{"id":"image_82","w":480,"h":854,"u":"images/","p":"img_82.jpg","e":0},{"id":"image_83","w":480,"h":854,"u":"images/","p":"img_83.jpg","e":0},{"id":"image_84","w":480,"h":854,"u":"images/","p":"img_84.jpg","e":0},{"id":"image_85","w":480,"h":854,"u":"images/","p":"img_85.jpg","e":0},{"id":"image_86","w":480,"h":854,"u":"images/","p":"img_86.jpg","e":0},{"id":"image_87","w":480,"h":854,"u":"images/","p":"img_87.jpg","e":0},{"id":"image_88","w":480,"h":854,"u":"images/","p":"img_88.jpg","e":0},{"id":"image_89","w":480,"h":854,"u":"images/","p":"img_89.jpg","e":0},{"id":"image_90","w":480,"h":854,"u":"images/","p":"img_90.jpg","e":0},{"id":"image_91","w":480,"h":854,"u":"images/","p":"img_91.jpg","e":0},{"id":"image_92","w":480,"h":854,"u":"images/","p":"img_92.jpg","e":0},{"id":"image_93","w":480,"h":854,"u":"images/","p":"img_93.jpg","e":0},{"id":"image_94","w":480,"h":854,"u":"images/","p":"img_94.jpg","e":0},{"id":"image_95","w":480,"h":854,"u":"images/","p":"img_95.jpg","e":0},{"id":"image_96","w":480,"h":854,"u":"images/","p":"img_96.jpg","e":0},{"id":"image_97","w":480,"h":854,"u":"images/","p":"img_97.jpg","e":0},{"id":"image_98","w":480,"h":854,"u":"images/","p":"img_98.jpg","e":0},{"id":"image_99","w":480,"h":854,"u":"images/","p":"img_99.jpg","e":0},{"id":"image_100","w":480,"h":854,"u":"images/","p":"img_100.jpg","e":0},{"id":"image_101","w":480,"h":854,"u":"images/","p":"img_101.jpg","e":0},{"id":"image_102","w":480,"h":854,"u":"images/","p":"img_102.jpg","e":0},{"id":"image_103","w":480,"h":854,"u":"images/","p":"img_103.jpg","e":0},{"id":"image_104","w":480,"h":854,"u":"images/","p":"img_104.jpg","e":0},{"id":"image_105","w":480,"h":854,"u":"images/","p":"img_105.jpg","e":0},{"id":"image_106","w":480,"h":854,"u":"images/","p":"img_106.jpg","e":0},{"id":"image_107","w":480,"h":854,"u":"images/","p":"img_107.jpg","e":0},{"id":"image_108","w":480,"h":854,"u":"images/","p":"img_108.jpg","e":0},{"id":"image_109","w":480,"h":854,"u":"images/","p":"img_109.jpg","e":0},{"id":"image_110","w":480,"h":854,"u":"images/","p":"img_110.jpg","e":0},{"id":"image_111","w":480,"h":854,"u":"images/","p":"img_111.jpg","e":0},{"id":"image_112","w":480,"h":854,"u":"images/","p":"img_112.jpg","e":0},{"id":"image_113","w":480,"h":854,"u":"images/","p":"img_113.jpg","e":0},{"id":"image_114","w":480,"h":854,"u":"images/","p":"img_114.jpg","e":0},{"id":"image_115","w":480,"h":854,"u":"images/","p":"img_115.jpg","e":0},{"id":"image_116","w":480,"h":854,"u":"images/","p":"img_116.jpg","e":0},{"id":"image_117","w":480,"h":854,"u":"images/","p":"img_117.jpg","e":0},{"id":"image_118","w":480,"h":854,"u":"images/","p":"img_118.jpg","e":0},{"id":"image_119","w":480,"h":854,"u":"images/","p":"img_119.jpg","e":0},{"id":"image_120","w":480,"h":854,"u":"images/","p":"img_120.jpg","e":0},{"id":"image_121","w":480,"h":854,"u":"images/","p":"img_121.jpg","e":0},{"id":"image_122","w":480,"h":854,"u":"images/","p":"img_122.jpg","e":0},{"id":"image_123","w":480,"h":854,"u":"images/","p":"img_123.jpg","e":0},{"id":"image_124","w":480,"h":854,"u":"images/","p":"img_124.jpg","e":0},{"id":"image_125","w":480,"h":854,"u":"images/","p":"img_125.jpg","e":0},{"id":"image_126","w":480,"h":854,"u":"images/","p":"img_126.jpg","e":0},{"id":"image_127","w":480,"h":854,"u":"images/","p":"img_127.jpg","e":0},{"id":"image_128","w":480,"h":854,"u":"images/","p":"img_128.jpg","e":0},{"id":"image_129","w":480,"h":854,"u":"images/","p":"img_129.jpg","e":0},{"id":"image_130","w":480,"h":854,"u":"images/","p":"img_130.jpg","e":0},{"id":"image_131","w":480,"h":854,"u":"images/","p":"img_131.jpg","e":0},{"id":"image_132","w":480,"h":854,"u":"images/","p":"img_132.jpg","e":0},{"id":"image_133","w":480,"h":854,"u":"images/","p":"img_133.jpg","e":0},{"id":"image_134","w":480,"h":854,"u":"images/","p":"img_134.jpg","e":0},{"id":"image_135","w":480,"h":854,"u":"images/","p":"img_135.jpg","e":0},{"id":"image_136","w":480,"h":854,"u":"images/","p":"img_136.jpg","e":0},{"id":"image_137","w":480,"h":854,"u":"images/","p":"img_137.jpg","e":0},{"id":"image_138","w":480,"h":854,"u":"images/","p":"img_138.jpg","e":0},{"id":"image_139","w":480,"h":854,"u":"images/","p":"img_139.jpg","e":0},{"id":"image_140","w":480,"h":854,"u":"images/","p":"img_140.jpg","e":0},{"id":"image_141","w":480,"h":854,"u":"images/","p":"img_141.jpg","e":0},{"id":"image_142","w":480,"h":854,"u":"images/","p":"img_142.jpg","e":0},{"id":"image_143","w":480,"h":854,"u":"images/","p":"img_143.jpg","e":0},{"id":"image_144","w":480,"h":854,"u":"images/","p":"img_144.jpg","e":0},{"id":"image_145","w":480,"h":854,"u":"images/","p":"img_145.jpg","e":0},{"id":"image_146","w":480,"h":854,"u":"images/","p":"img_146.jpg","e":0},{"id":"image_147","w":480,"h":854,"u":"images/","p":"img_147.jpg","e":0},{"id":"image_148","w":480,"h":854,"u":"images/","p":"img_148.jpg","e":0},{"id":"image_149","w":480,"h":854,"u":"images/","p":"img_149.jpg","e":0},{"id":"image_150","w":480,"h":854,"u":"images/","p":"img_150.jpg","e":0},{"id":"image_151","w":480,"h":854,"u":"images/","p":"img_151.jpg","e":0},{"id":"image_152","w":480,"h":854,"u":"images/","p":"img_152.jpg","e":0},{"id":"image_153","w":480,"h":854,"u":"images/","p":"img_153.jpg","e":0},{"id":"image_154","w":480,"h":854,"u":"images/","p":"img_154.jpg","e":0},{"id":"image_155","w":480,"h":854,"u":"images/","p":"img_155.jpg","e":0},{"id":"image_156","w":480,"h":854,"u":"images/","p":"img_156.jpg","e":0},{"id":"image_157","w":480,"h":854,"u":"images/","p":"img_157.jpg","e":0},{"id":"image_158","w":480,"h":854,"u":"images/","p":"img_158.jpg","e":0},{"id":"image_159","w":480,"h":854,"u":"images/","p":"img_159.jpg","e":0},{"id":"image_160","w":480,"h":854,"u":"images/","p":"img_160.jpg","e":0},{"id":"image_161","w":480,"h":854,"u":"images/","p":"img_161.jpg","e":0},{"id":"image_162","w":480,"h":854,"u":"images/","p":"img_162.jpg","e":0},{"id":"image_163","w":480,"h":854,"u":"images/","p":"img_163.jpg","e":0},{"id":"image_164","w":480,"h":854,"u":"images/","p":"img_164.jpg","e":0},{"id":"image_165","w":480,"h":854,"u":"images/","p":"img_165.jpg","e":0},{"id":"image_166","w":480,"h":854,"u":"images/","p":"img_166.jpg","e":0},{"id":"image_167","w":480,"h":854,"u":"images/","p":"img_167.jpg","e":0},{"id":"image_168","w":480,"h":854,"u":"images/","p":"img_168.jpg","e":0},{"id":"image_169","w":480,"h":854,"u":"images/","p":"img_169.jpg","e":0},{"id":"image_170","w":480,"h":854,"u":"images/","p":"img_170.jpg","e":0},{"id":"image_171","w":480,"h":854,"u":"images/","p":"img_171.jpg","e":0},{"id":"image_172","w":480,"h":854,"u":"images/","p":"img_172.jpg","e":0},{"id":"image_173","w":480,"h":854,"u":"images/","p":"img_173.jpg","e":0},{"id":"image_174","w":480,"h":854,"u":"images/","p":"img_174.jpg","e":0},{"id":"image_175","w":480,"h":854,"u":"images/","p":"img_175.jpg","e":0},{"id":"image_176","w":480,"h":854,"u":"images/","p":"img_176.jpg","e":0},{"id":"image_177","w":480,"h":854,"u":"images/","p":"img_177.jpg","e":0},{"id":"image_178","w":480,"h":854,"u":"images/","p":"img_178.jpg","e":0},{"id":"image_179","w":480,"h":854,"u":"images/","p":"img_179.jpg","e":0},{"id":"image_180","w":480,"h":854,"u":"images/","p":"img_180.jpg","e":0},{"id":"image_181","w":480,"h":854,"u":"images/","p":"img_181.jpg","e":0},{"id":"image_182","w":480,"h":854,"u":"images/","p":"img_182.jpg","e":0},{"id":"image_183","w":480,"h":854,"u":"images/","p":"img_183.jpg","e":0},{"id":"image_184","w":480,"h":854,"u":"images/","p":"img_184.jpg","e":0},{"id":"image_185","w":480,"h":854,"u":"images/","p":"img_185.jpg","e":0},{"id":"image_186","w":480,"h":854,"u":"images/","p":"img_186.jpg","e":0},{"id":"image_187","w":480,"h":854,"u":"images/","p":"img_187.jpg","e":0},{"id":"image_188","w":480,"h":854,"u":"images/","p":"img_188.jpg","e":0},{"id":"image_189","w":480,"h":854,"u":"images/","p":"img_189.jpg","e":0},{"id":"image_190","w":480,"h":854,"u":"images/","p":"img_190.jpg","e":0},{"id":"image_191","w":480,"h":854,"u":"images/","p":"img_191.jpg","e":0},{"id":"image_192","w":480,"h":854,"u":"images/","p":"img_192.jpg","e":0},{"id":"image_193","w":480,"h":854,"u":"images/","p":"img_193.jpg","e":0},{"id":"image_194","w":480,"h":854,"u":"images/","p":"img_194.jpg","e":0},{"id":"image_195","w":480,"h":854,"u":"images/","p":"img_195.jpg","e":0},{"id":"image_196","w":480,"h":854,"u":"images/","p":"img_196.jpg","e":0},{"id":"image_197","w":480,"h":854,"u":"images/","p":"img_197.jpg","e":0},{"id":"image_198","w":480,"h":854,"u":"images/","p":"img_198.jpg","e":0},{"id":"image_199","w":480,"h":854,"u":"images/","p":"img_199.jpg","e":0},{"id":"image_200","w":480,"h":854,"u":"images/","p":"img_200.jpg","e":0},{"id":"image_201","w":480,"h":854,"u":"images/","p":"img_201.jpg","e":0},{"id":"image_202","w":480,"h":854,"u":"images/","p":"img_202.jpg","e":0},{"id":"image_203","w":480,"h":854,"u":"images/","p":"img_203.jpg","e":0},{"id":"image_204","w":480,"h":854,"u":"images/","p":"img_204.jpg","e":0},{"id":"image_205","w":480,"h":854,"u":"images/","p":"img_205.jpg","e":0},{"id":"image_206","w":480,"h":854,"u":"images/","p":"img_206.jpg","e":0},{"id":"image_207","w":480,"h":854,"u":"images/","p":"img_207.jpg","e":0},{"id":"image_208","w":480,"h":854,"u":"images/","p":"img_208.jpg","e":0},{"id":"image_209","w":480,"h":854,"u":"images/","p":"img_209.jpg","e":0},{"id":"image_210","w":480,"h":854,"u":"images/","p":"img_210.jpg","e":0},{"id":"image_211","w":480,"h":854,"u":"images/","p":"img_211.jpg","e":0},{"id":"image_212","w":480,"h":854,"u":"images/","p":"img_212.jpg","e":0},{"id":"image_213","w":480,"h":854,"u":"images/","p":"img_213.jpg","e":0},{"id":"image_214","w":480,"h":854,"u":"images/","p":"img_214.jpg","e":0},{"id":"image_215","w":480,"h":854,"u":"images/","p":"img_215.jpg","e":0},{"id":"image_216","w":480,"h":854,"u":"images/","p":"img_216.jpg","e":0},{"id":"image_217","w":480,"h":854,"u":"images/","p":"img_217.jpg","e":0},{"id":"image_218","w":480,"h":854,"u":"images/","p":"img_218.jpg","e":0},{"id":"image_219","w":480,"h":854,"u":"images/","p":"img_219.jpg","e":0},{"id":"image_220","w":480,"h":854,"u":"images/","p":"img_220.jpg","e":0},{"id":"image_221","w":480,"h":854,"u":"images/","p":"img_221.jpg","e":0},{"id":"image_222","w":480,"h":854,"u":"images/","p":"img_222.jpg","e":0},{"id":"image_223","w":480,"h":854,"u":"images/","p":"img_223.jpg","e":0},{"id":"image_224","w":480,"h":854,"u":"images/","p":"img_224.jpg","e":0},{"id":"image_225","w":480,"h":854,"u":"images/","p":"img_225.jpg","e":0},{"id":"image_226","w":480,"h":854,"u":"images/","p":"img_226.jpg","e":0},{"id":"image_227","w":480,"h":854,"u":"images/","p":"img_227.jpg","e":0},{"id":"image_228","w":480,"h":854,"u":"images/","p":"img_228.jpg","e":0},{"id":"image_229","w":480,"h":854,"u":"images/","p":"img_229.jpg","e":0},{"id":"image_230","w":480,"h":854,"u":"images/","p":"img_230.jpg","e":0},{"id":"image_231","w":480,"h":854,"u":"images/","p":"img_231.jpg","e":0},{"id":"image_232","w":480,"h":854,"u":"images/","p":"img_232.jpg","e":0},{"id":"image_233","w":480,"h":854,"u":"images/","p":"img_233.jpg","e":0}],"layers":[{"ddd":0,"ind":1,"ty":2,"nm":"mmexport1590722816566_00000.png","cl":"png","refId":"image_0","sr":1,"ks":{"o":{"a":0,"k":100,"ix":11},"r":{"a":0,"k":0,"ix":10},"p":{"a":0,"k":[240,427,0],"ix":2},"a":{"a":0,"k":[240,427,0],"ix":1},"s":{"a":0,"k":[100,100,100],"ix":6}},"ao":0,"ip":0,"op":5,"st":0,"bm":0},{"ddd":0,"ind":2,"ty":2,"nm":"mmexport1590722816566_00001.png","cl":"png","refId":"image_1","sr":1,"ks":{"o":{"a":0,"k":100,"ix":11},"r":{"a":0,"k":0,"ix":10},"p":{"a":0,"k":[240,427,0],"ix":2},"a":{"a":0,"k":[240,427,0],"ix":1},"s":{"a":0,"k":[100,100,100],"ix":6}},"ao":0,"ip":5,"op":10,"st":5,"bm":0},{"ddd":0,"ind":3,"ty":2,"nm":"mmexport1590722816566_00002.png","cl":"png","refId":"image_2","sr":1,"ks":{"o":{"a":0,"k":100,"ix":11},"r":{"a":0,"k":0,"ix":10},"p":{"a":0,"k":[240,427,0],"ix":2},"a":{"a":0,"k":[240,427,0],"ix":1},"s":{"a":0,"k":[100,100,100],"ix":6}},"ao":0,"ip":10,"op":15,"st":10,"bm":0},{"ddd":0,"ind":4,"ty":2,"nm":"mmexport1590722816566_00003.png","cl":"png","refId":"image_3","sr":1,"ks":{"o":{"a":0,"k":100,"ix":11},"r":{"a":0,"k":0,"ix":10},"p":{"a":0,"k":[240,427,0],"ix":2},"a":{"a":0,"k":[240,427,0],"ix":1},"s":{"a":0,"k":[100,100,100],"ix":6}},"ao":0,"ip":15,"op":20,"st":15,"bm":0},{"ddd":0,"ind":5,"ty":2,"nm":"mmexport1590722816566_00004.png","cl":"png","refId":"image_4","sr":1,"ks":{"o":{"a":0,"k":100,"ix":11},"r":{"a":0,"k":0,"ix":10},"p":{"a":0,"k":[240,427,0],"ix":2},"a":{"a":0,"k":[240,427,0],"ix":1},"s":{"a":0,"k":[100,100,100],"ix":6}},"ao":0,"ip":20,"op":25,"st":20,"bm":0},{"ddd":0,"ind":6,"ty":2,"nm":"mmexport1590722816566_00005.png","cl":"png","refId":"image_5","sr":1,"ks":{"o":{"a":0,"k":100,"ix":11},"r":{"a":0,"k":0,"ix":10},"p":{"a":0,"k":[240,427,0],"ix":2},"a":{"a":0,"k":[240,427,0],"ix":1},"s":{"a":0,"k":[100,100,100],"ix":6}},"ao":0,"ip":25,"op":30,"st":25,"bm":0},{"ddd":0,"ind":7,"ty":2,"nm":"mmexport1590722816566_00006.png","cl":"png","refId":"image_6","sr":1,"ks":{"o":{"a":0,"k":100,"ix":11},"r":{"a":0,"k":0,"ix":10},"p":{"a":0,"k":[240,427,0],"ix":2},"a":{"a":0,"k":[240,427,0],"ix":1},"s":{"a":0,"k":[100,100,100],"ix":6}},"ao":0,"ip":30,"op":35,"st":30,"bm":0},{"ddd":0,"ind":8,"ty":2,"nm":"mmexport1590722816566_00007.png","cl":"png","refId":"image_7","sr":1,"ks":{"o":{"a":0,"k":100,"ix":11},"r":{"a":0,"k":0,"ix":10},"p":{"a":0,"k":[240,427,0],"ix":2},"a":{"a":0,"k":[240,427,0],"ix":1},"s":{"a":0,"k":[100,100,100],"ix":6}},"ao":0,"ip":35,"op":40,"st":35,"bm":0},{"ddd":0,"ind":9,"ty":2,"nm":"mmexport1590722816566_00008.png","cl":"png","refId":"image_8","sr":1,"ks":{"o":{"a":0,"k":100,"ix":11},"r":{"a":0,"k":0,"ix":10},"p":{"a":0,"k":[240,427,0],"ix":2},"a":{"a":0,"k":[240,427,0],"ix":1},"s":{"a":0,"k":[100,100,100],"ix":6}},"ao":0,"ip":40,"op":45,"st":40,"bm":0},{"ddd":0,"ind":10,"ty":2,"nm":"mmexport1590722816566_00009.png","cl":"png","refId":"image_9","sr":1,"ks":{"o":{"a":0,"k":100,"ix":11},"r":{"a":0,"k":0,"ix":10},"p":{"a":0,"k":[240,427,0],"ix":2},"a":{"a":0,"k":[240,427,0],"ix":1},"s":{"a":0,"k":[100,100,100],"ix":6}},"ao":0,"ip":45,"op":50,"st":45,"bm":0},{"ddd":0,"ind":11,"ty":2,"nm":"mmexport1590722816566_00010.png","cl":"png","refId":"image_10","sr":1,"ks":{"o":{"a":0,"k":100,"ix":11},"r":{"a":0,"k":0,"ix":10},"p":{"a":0,"k":[240,427,0],"ix":2},"a":{"a":0,"k":[240,427,0],"ix":1},"s":{"a":0,"k":[100,100,100],"ix":6}},"ao":0,"ip":50,"op":55,"st":50,"bm":0},{"ddd":0,"ind":12,"ty":2,"nm":"mmexport1590722816566_00011.png","cl":"png","refId":"image_11","sr":1,"ks":{"o":{"a":0,"k":100,"ix":11},"r":{"a":0,"k":0,"ix":10},"p":{"a":0,"k":[240,427,0],"ix":2},"a":{"a":0,"k":[240,427,0],"ix":1},"s":{"a":0,"k":[100,100,100],"ix":6}},"ao":0,"ip":55,"op":60,"st":55,"bm":0},{"ddd":0,"ind":13,"ty":2,"nm":"mmexport1590722816566_00012.png","cl":"png","refId":"image_12","sr":1,"ks":{"o":{"a":0,"k":100,"ix":11},"r":{"a":0,"k":0,"ix":10},"p":{"a":0,"k":[240,427,0],"ix":2},"a":{"a":0,"k":[240,427,0],"ix":1},"s":{"a":0,"k":[100,100,100],"ix":6}},"ao":0,"ip":60,"op":65,"st":60,"bm":0},{"ddd":0,"ind":14,"ty":2,"nm":"mmexport1590722816566_00013.png","cl":"png","refId":"image_13","sr":1,"ks":{"o":{"a":0,"k":100,"ix":11},"r":{"a":0,"k":0,"ix":10},"p":{"a":0,"k":[240,427,0],"ix":2},"a":{"a":0,"k":[240,427,0],"ix":1},"s":{"a":0,"k":[100,100,100],"ix":6}},"ao":0,"ip":65,"op":70,"st":65,"bm":0},{"ddd":0,"ind":15,"ty":2,"nm":"mmexport1590722816566_00014.png","cl":"png","refId":"image_14","sr":1,"ks":{"o":{"a":0,"k":100,"ix":11},"r":{"a":0,"k":0,"ix":10},"p":{"a":0,"k":[240,427,0],"ix":2},"a":{"a":0,"k":[240,427,0],"ix":1},"s":{"a":0,"k":[100,100,100],"ix":6}},"ao":0,"ip":70,"op":75,"st":70,"bm":0},{"ddd":0,"ind":16,"ty":2,"nm":"mmexport1590722816566_00015.png","cl":"png","refId":"image_15","sr":1,"ks":{"o":{"a":0,"k":100,"ix":11},"r":{"a":0,"k":0,"ix":10},"p":{"a":0,"k":[240,427,0],"ix":2},"a":{"a":0,"k":[240,427,0],"ix":1},"s":{"a":0,"k":[100,100,100],"ix":6}},"ao":0,"ip":75,"op":80,"st":75,"bm":0},{"ddd":0,"ind":17,"ty":2,"nm":"mmexport1590722816566_00016.png","cl":"png","refId":"image_16","sr":1,"ks":{"o":{"a":0,"k":100,"ix":11},"r":{"a":0,"k":0,"ix":10},"p":{"a":0,"k":[240,427,0],"ix":2},"a":{"a":0,"k":[240,427,0],"ix":1},"s":{"a":0,"k":[100,100,100],"ix":6}},"ao":0,"ip":80,"op":85,"st":80,"bm":0},{"ddd":0,"ind":18,"ty":2,"nm":"mmexport1590722816566_00017.png","cl":"png","refId":"image_17","sr":1,"ks":{"o":{"a":0,"k":100,"ix":11},"r":{"a":0,"k":0,"ix":10},"p":{"a":0,"k":[240,427,0],"ix":2},"a":{"a":0,"k":[240,427,0],"ix":1},"s":{"a":0,"k":[100,100,100],"ix":6}},"ao":0,"ip":85,"op":90,"st":85,"bm":0},{"ddd":0,"ind":19,"ty":2,"nm":"mmexport1590722816566_00018.png","cl":"png","refId":"image_18","sr":1,"ks":{"o":{"a":0,"k":100,"ix":11},"r":{"a":0,"k":0,"ix":10},"p":{"a":0,"k":[240,427,0],"ix":2},"a":{"a":0,"k":[240,427,0],"ix":1},"s":{"a":0,"k":[100,100,100],"ix":6}},"ao":0,"ip":90,"op":95,"st":90,"bm":0},{"ddd":0,"ind":20,"ty":2,"nm":"mmexport1590722816566_00019.png","cl":"png","refId":"image_19","sr":1,"ks":{"o":{"a":0,"k":100,"ix":11},"r":{"a":0,"k":0,"ix":10},"p":{"a":0,"k":[240,427,0],"ix":2},"a":{"a":0,"k":[240,427,0],"ix":1},"s":{"a":0,"k":[100,100,100],"ix":6}},"ao":0,"ip":95,"op":100,"st":95,"bm":0},{"ddd":0,"ind":21,"ty":2,"nm":"mmexport1590722816566_00020.png","cl":"png","refId":"image_20","sr":1,"ks":{"o":{"a":0,"k":100,"ix":11},"r":{"a":0,"k":0,"ix":10},"p":{"a":0,"k":[240,427,0],"ix":2},"a":{"a":0,"k":[240,427,0],"ix":1},"s":{"a":0,"k":[100,100,100],"ix":6}},"ao":0,"ip":100,"op":105,"st":100,"bm":0},{"ddd":0,"ind":22,"ty":2,"nm":"mmexport1590722816566_00021.png","cl":"png","refId":"image_21","sr":1,"ks":{"o":{"a":0,"k":100,"ix":11},"r":{"a":0,"k":0,"ix":10},"p":{"a":0,"k":[240,427,0],"ix":2},"a":{"a":0,"k":[240,427,0],"ix":1},"s":{"a":0,"k":[100,100,100],"ix":6}},"ao":0,"ip":105,"op":110,"st":105,"bm":0},{"ddd":0,"ind":23,"ty":2,"nm":"mmexport1590722816566_00022.png","cl":"png","refId":"image_22","sr":1,"ks":{"o":{"a":0,"k":100,"ix":11},"r":{"a":0,"k":0,"ix":10},"p":{"a":0,"k":[240,427,0],"ix":2},"a":{"a":0,"k":[240,427,0],"ix":1},"s":{"a":0,"k":[100,100,100],"ix":6}},"ao":0,"ip":110,"op":115,"st":110,"bm":0},{"ddd":0,"ind":24,"ty":2,"nm":"mmexport1590722816566_00023.png","cl":"png","refId":"image_23","sr":1,"ks":{"o":{"a":0,"k":100,"ix":11},"r":{"a":0,"k":0,"ix":10},"p":{"a":0,"k":[240,427,0],"ix":2},"a":{"a":0,"k":[240,427,0],"ix":1},"s":{"a":0,"k":[100,100,100],"ix":6}},"ao":0,"ip":115,"op":120,"st":115,"bm":0},{"ddd":0,"ind":25,"ty":2,"nm":"mmexport1590722816566_00024.png","cl":"png","refId":"image_24","sr":1,"ks":{"o":{"a":0,"k":100,"ix":11},"r":{"a":0,"k":0,"ix":10},"p":{"a":0,"k":[240,427,0],"ix":2},"a":{"a":0,"k":[240,427,0],"ix":1},"s":{"a":0,"k":[100,100,100],"ix":6}},"ao":0,"ip":120,"op":125,"st":120,"bm":0},{"ddd":0,"ind":26,"ty":2,"nm":"mmexport1590722816566_00025.png","cl":"png","refId":"image_25","sr":1,"ks":{"o":{"a":0,"k":100,"ix":11},"r":{"a":0,"k":0,"ix":10},"p":{"a":0,"k":[240,427,0],"ix":2},"a":{"a":0,"k":[240,427,0],"ix":1},"s":{"a":0,"k":[100,100,100],"ix":6}},"ao":0,"ip":125,"op":130,"st":125,"bm":0},{"ddd":0,"ind":27,"ty":2,"nm":"mmexport1590722816566_00026.png","cl":"png","refId":"image_26","sr":1,"ks":{"o":{"a":0,"k":100,"ix":11},"r":{"a":0,"k":0,"ix":10},"p":{"a":0,"k":[240,427,0],"ix":2},"a":{"a":0,"k":[240,427,0],"ix":1},"s":{"a":0,"k":[100,100,100],"ix":6}},"ao":0,"ip":130,"op":135,"st":130,"bm":0},{"ddd":0,"ind":28,"ty":2,"nm":"mmexport1590722816566_00027.png","cl":"png","refId":"image_27","sr":1,"ks":{"o":{"a":0,"k":100,"ix":11},"r":{"a":0,"k":0,"ix":10},"p":{"a":0,"k":[240,427,0],"ix":2},"a":{"a":0,"k":[240,427,0],"ix":1},"s":{"a":0,"k":[100,100,100],"ix":6}},"ao":0,"ip":135,"op":140,"st":135,"bm":0},{"ddd":0,"ind":29,"ty":2,"nm":"mmexport1590722816566_00028.png","cl":"png","refId":"image_28","sr":1,"ks":{"o":{"a":0,"k":100,"ix":11},"r":{"a":0,"k":0,"ix":10},"p":{"a":0,"k":[240,427,0],"ix":2},"a":{"a":0,"k":[240,427,0],"ix":1},"s":{"a":0,"k":[100,100,100],"ix":6}},"ao":0,"ip":140,"op":145,"st":140,"bm":0},{"ddd":0,"ind":30,"ty":2,"nm":"mmexport1590722816566_00029.png","cl":"png","refId":"image_29","sr":1,"ks":{"o":{"a":0,"k":100,"ix":11},"r":{"a":0,"k":0,"ix":10},"p":{"a":0,"k":[240,427,0],"ix":2},"a":{"a":0,"k":[240,427,0],"ix":1},"s":{"a":0,"k":[100,100,100],"ix":6}},"ao":0,"ip":145,"op":150,"st":145,"bm":0},{"ddd":0,"ind":31,"ty":2,"nm":"mmexport1590722816566_00030.png","cl":"png","refId":"image_30","sr":1,"ks":{"o":{"a":0,"k":100,"ix":11},"r":{"a":0,"k":0,"ix":10},"p":{"a":0,"k":[240,427,0],"ix":2},"a":{"a":0,"k":[240,427,0],"ix":1},"s":{"a":0,"k":[100,100,100],"ix":6}},"ao":0,"ip":150,"op":155,"st":150,"bm":0},{"ddd":0,"ind":32,"ty":2,"nm":"mmexport1590722816566_00031.png","cl":"png","refId":"image_31","sr":1,"ks":{"o":{"a":0,"k":100,"ix":11},"r":{"a":0,"k":0,"ix":10},"p":{"a":0,"k":[240,427,0],"ix":2},"a":{"a":0,"k":[240,427,0],"ix":1},"s":{"a":0,"k":[100,100,100],"ix":6}},"ao":0,"ip":155,"op":160,"st":155,"bm":0},{"ddd":0,"ind":33,"ty":2,"nm":"mmexport1590722816566_00032.png","cl":"png","refId":"image_32","sr":1,"ks":{"o":{"a":0,"k":100,"ix":11},"r":{"a":0,"k":0,"ix":10},"p":{"a":0,"k":[240,427,0],"ix":2},"a":{"a":0,"k":[240,427,0],"ix":1},"s":{"a":0,"k":[100,100,100],"ix":6}},"ao":0,"ip":160,"op":165,"st":160,"bm":0},{"ddd":0,"ind":34,"ty":2,"nm":"mmexport1590722816566_00033.png","cl":"png","refId":"image_33","sr":1,"ks":{"o":{"a":0,"k":100,"ix":11},"r":{"a":0,"k":0,"ix":10},"p":{"a":0,"k":[240,427,0],"ix":2},"a":{"a":0,"k":[240,427,0],"ix":1},"s":{"a":0,"k":[100,100,100],"ix":6}},"ao":0,"ip":165,"op":170,"st":165,"bm":0},{"ddd":0,"ind":35,"ty":2,"nm":"mmexport1590722816566_00034.png","cl":"png","refId":"image_34","sr":1,"ks":{"o":{"a":0,"k":100,"ix":11},"r":{"a":0,"k":0,"ix":10},"p":{"a":0,"k":[240,427,0],"ix":2},"a":{"a":0,"k":[240,427,0],"ix":1},"s":{"a":0,"k":[100,100,100],"ix":6}},"ao":0,"ip":170,"op":175,"st":170,"bm":0},{"ddd":0,"ind":36,"ty":2,"nm":"mmexport1590722816566_00035.png","cl":"png","refId":"image_35","sr":1,"ks":{"o":{"a":0,"k":100,"ix":11},"r":{"a":0,"k":0,"ix":10},"p":{"a":0,"k":[240,427,0],"ix":2},"a":{"a":0,"k":[240,427,0],"ix":1},"s":{"a":0,"k":[100,100,100],"ix":6}},"ao":0,"ip":175,"op":180,"st":175,"bm":0},{"ddd":0,"ind":37,"ty":2,"nm":"mmexport1590722816566_00036.png","cl":"png","refId":"image_36","sr":1,"ks":{"o":{"a":0,"k":100,"ix":11},"r":{"a":0,"k":0,"ix":10},"p":{"a":0,"k":[240,427,0],"ix":2},"a":{"a":0,"k":[240,427,0],"ix":1},"s":{"a":0,"k":[100,100,100],"ix":6}},"ao":0,"ip":180,"op":185,"st":180,"bm":0},{"ddd":0,"ind":38,"ty":2,"nm":"mmexport1590722816566_00037.png","cl":"png","refId":"image_37","sr":1,"ks":{"o":{"a":0,"k":100,"ix":11},"r":{"a":0,"k":0,"ix":10},"p":{"a":0,"k":[240,427,0],"ix":2},"a":{"a":0,"k":[240,427,0],"ix":1},"s":{"a":0,"k":[100,100,100],"ix":6}},"ao":0,"ip":185,"op":190,"st":185,"bm":0},{"ddd":0,"ind":39,"ty":2,"nm":"mmexport1590722816566_00038.png","cl":"png","refId":"image_38","sr":1,"ks":{"o":{"a":0,"k":100,"ix":11},"r":{"a":0,"k":0,"ix":10},"p":{"a":0,"k":[240,427,0],"ix":2},"a":{"a":0,"k":[240,427,0],"ix":1},"s":{"a":0,"k":[100,100,100],"ix":6}},"ao":0,"ip":190,"op":195,"st":190,"bm":0},{"ddd":0,"ind":40,"ty":2,"nm":"mmexport1590722816566_00039.png","cl":"png","refId":"image_39","sr":1,"ks":{"o":{"a":0,"k":100,"ix":11},"r":{"a":0,"k":0,"ix":10},"p":{"a":0,"k":[240,427,0],"ix":2},"a":{"a":0,"k":[240,427,0],"ix":1},"s":{"a":0,"k":[100,100,100],"ix":6}},"ao":0,"ip":195,"op":200,"st":195,"bm":0},{"ddd":0,"ind":41,"ty":2,"nm":"mmexport1590722816566_00040.png","cl":"png","refId":"image_40","sr":1,"ks":{"o":{"a":0,"k":100,"ix":11},"r":{"a":0,"k":0,"ix":10},"p":{"a":0,"k":[240,427,0],"ix":2},"a":{"a":0,"k":[240,427,0],"ix":1},"s":{"a":0,"k":[100,100,100],"ix":6}},"ao":0,"ip":200,"op":205,"st":200,"bm":0},{"ddd":0,"ind":42,"ty":2,"nm":"mmexport1590722816566_00041.png","cl":"png","refId":"image_41","sr":1,"ks":{"o":{"a":0,"k":100,"ix":11},"r":{"a":0,"k":0,"ix":10},"p":{"a":0,"k":[240,427,0],"ix":2},"a":{"a":0,"k":[240,427,0],"ix":1},"s":{"a":0,"k":[100,100,100],"ix":6}},"ao":0,"ip":205,"op":210,"st":205,"bm":0},{"ddd":0,"ind":43,"ty":2,"nm":"mmexport1590722816566_00042.png","cl":"png","refId":"image_42","sr":1,"ks":{"o":{"a":0,"k":100,"ix":11},"r":{"a":0,"k":0,"ix":10},"p":{"a":0,"k":[240,427,0],"ix":2},"a":{"a":0,"k":[240,427,0],"ix":1},"s":{"a":0,"k":[100,100,100],"ix":6}},"ao":0,"ip":210,"op":215,"st":210,"bm":0},{"ddd":0,"ind":44,"ty":2,"nm":"mmexport1590722816566_00043.png","cl":"png","refId":"image_43","sr":1,"ks":{"o":{"a":0,"k":100,"ix":11},"r":{"a":0,"k":0,"ix":10},"p":{"a":0,"k":[240,427,0],"ix":2},"a":{"a":0,"k":[240,427,0],"ix":1},"s":{"a":0,"k":[100,100,100],"ix":6}},"ao":0,"ip":215,"op":220,"st":215,"bm":0},{"ddd":0,"ind":45,"ty":2,"nm":"mmexport1590722816566_00044.png","cl":"png","refId":"image_44","sr":1,"ks":{"o":{"a":0,"k":100,"ix":11},"r":{"a":0,"k":0,"ix":10},"p":{"a":0,"k":[240,427,0],"ix":2},"a":{"a":0,"k":[240,427,0],"ix":1},"s":{"a":0,"k":[100,100,100],"ix":6}},"ao":0,"ip":220,"op":225,"st":220,"bm":0},{"ddd":0,"ind":46,"ty":2,"nm":"mmexport1590722816566_00045.png","cl":"png","refId":"image_45","sr":1,"ks":{"o":{"a":0,"k":100,"ix":11},"r":{"a":0,"k":0,"ix":10},"p":{"a":0,"k":[240,427,0],"ix":2},"a":{"a":0,"k":[240,427,0],"ix":1},"s":{"a":0,"k":[100,100,100],"ix":6}},"ao":0,"ip":225,"op":230,"st":225,"bm":0},{"ddd":0,"ind":47,"ty":2,"nm":"mmexport1590722816566_00046.png","cl":"png","refId":"image_46","sr":1,"ks":{"o":{"a":0,"k":100,"ix":11},"r":{"a":0,"k":0,"ix":10},"p":{"a":0,"k":[240,427,0],"ix":2},"a":{"a":0,"k":[240,427,0],"ix":1},"s":{"a":0,"k":[100,100,100],"ix":6}},"ao":0,"ip":230,"op":235,"st":230,"bm":0},{"ddd":0,"ind":48,"ty":2,"nm":"mmexport1590722816566_00047.png","cl":"png","refId":"image_47","sr":1,"ks":{"o":{"a":0,"k":100,"ix":11},"r":{"a":0,"k":0,"ix":10},"p":{"a":0,"k":[240,427,0],"ix":2},"a":{"a":0,"k":[240,427,0],"ix":1},"s":{"a":0,"k":[100,100,100],"ix":6}},"ao":0,"ip":235,"op":240,"st":235,"bm":0},{"ddd":0,"ind":49,"ty":2,"nm":"mmexport1590722816566_00048.png","cl":"png","refId":"image_48","sr":1,"ks":{"o":{"a":0,"k":100,"ix":11},"r":{"a":0,"k":0,"ix":10},"p":{"a":0,"k":[240,427,0],"ix":2},"a":{"a":0,"k":[240,427,0],"ix":1},"s":{"a":0,"k":[100,100,100],"ix":6}},"ao":0,"ip":240,"op":245,"st":240,"bm":0},{"ddd":0,"ind":50,"ty":2,"nm":"mmexport1590722816566_00049.png","cl":"png","refId":"image_49","sr":1,"ks":{"o":{"a":0,"k":100,"ix":11},"r":{"a":0,"k":0,"ix":10},"p":{"a":0,"k":[240,427,0],"ix":2},"a":{"a":0,"k":[240,427,0],"ix":1},"s":{"a":0,"k":[100,100,100],"ix":6}},"ao":0,"ip":245,"op":250,"st":245,"bm":0},{"ddd":0,"ind":51,"ty":2,"nm":"mmexport1590722816566_00050.png","cl":"png","refId":"image_50","sr":1,"ks":{"o":{"a":0,"k":100,"ix":11},"r":{"a":0,"k":0,"ix":10},"p":{"a":0,"k":[240,427,0],"ix":2},"a":{"a":0,"k":[240,427,0],"ix":1},"s":{"a":0,"k":[100,100,100],"ix":6}},"ao":0,"ip":250,"op":255,"st":250,"bm":0},{"ddd":0,"ind":52,"ty":2,"nm":"mmexport1590722816566_00051.png","cl":"png","refId":"image_51","sr":1,"ks":{"o":{"a":0,"k":100,"ix":11},"r":{"a":0,"k":0,"ix":10},"p":{"a":0,"k":[240,427,0],"ix":2},"a":{"a":0,"k":[240,427,0],"ix":1},"s":{"a":0,"k":[100,100,100],"ix":6}},"ao":0,"ip":255,"op":260,"st":255,"bm":0},{"ddd":0,"ind":53,"ty":2,"nm":"mmexport1590722816566_00052.png","cl":"png","refId":"image_52","sr":1,"ks":{"o":{"a":0,"k":100,"ix":11},"r":{"a":0,"k":0,"ix":10},"p":{"a":0,"k":[240,427,0],"ix":2},"a":{"a":0,"k":[240,427,0],"ix":1},"s":{"a":0,"k":[100,100,100],"ix":6}},"ao":0,"ip":260,"op":265,"st":260,"bm":0},{"ddd":0,"ind":54,"ty":2,"nm":"mmexport1590722816566_00053.png","cl":"png","refId":"image_53","sr":1,"ks":{"o":{"a":0,"k":100,"ix":11},"r":{"a":0,"k":0,"ix":10},"p":{"a":0,"k":[240,427,0],"ix":2},"a":{"a":0,"k":[240,427,0],"ix":1},"s":{"a":0,"k":[100,100,100],"ix":6}},"ao":0,"ip":265,"op":270,"st":265,"bm":0},{"ddd":0,"ind":55,"ty":2,"nm":"mmexport1590722816566_00054.png","cl":"png","refId":"image_54","sr":1,"ks":{"o":{"a":0,"k":100,"ix":11},"r":{"a":0,"k":0,"ix":10},"p":{"a":0,"k":[240,427,0],"ix":2},"a":{"a":0,"k":[240,427,0],"ix":1},"s":{"a":0,"k":[100,100,100],"ix":6}},"ao":0,"ip":270,"op":275,"st":270,"bm":0},{"ddd":0,"ind":56,"ty":2,"nm":"mmexport1590722816566_00055.png","cl":"png","refId":"image_55","sr":1,"ks":{"o":{"a":0,"k":100,"ix":11},"r":{"a":0,"k":0,"ix":10},"p":{"a":0,"k":[240,427,0],"ix":2},"a":{"a":0,"k":[240,427,0],"ix":1},"s":{"a":0,"k":[100,100,100],"ix":6}},"ao":0,"ip":275,"op":280,"st":275,"bm":0},{"ddd":0,"ind":57,"ty":2,"nm":"mmexport1590722816566_00056.png","cl":"png","refId":"image_56","sr":1,"ks":{"o":{"a":0,"k":100,"ix":11},"r":{"a":0,"k":0,"ix":10},"p":{"a":0,"k":[240,427,0],"ix":2},"a":{"a":0,"k":[240,427,0],"ix":1},"s":{"a":0,"k":[100,100,100],"ix":6}},"ao":0,"ip":280,"op":285,"st":280,"bm":0},{"ddd":0,"ind":58,"ty":2,"nm":"mmexport1590722816566_00057.png","cl":"png","refId":"image_57","sr":1,"ks":{"o":{"a":0,"k":100,"ix":11},"r":{"a":0,"k":0,"ix":10},"p":{"a":0,"k":[240,427,0],"ix":2},"a":{"a":0,"k":[240,427,0],"ix":1},"s":{"a":0,"k":[100,100,100],"ix":6}},"ao":0,"ip":285,"op":290,"st":285,"bm":0},{"ddd":0,"ind":59,"ty":2,"nm":"mmexport1590722816566_00058.png","cl":"png","refId":"image_58","sr":1,"ks":{"o":{"a":0,"k":100,"ix":11},"r":{"a":0,"k":0,"ix":10},"p":{"a":0,"k":[240,427,0],"ix":2},"a":{"a":0,"k":[240,427,0],"ix":1},"s":{"a":0,"k":[100,100,100],"ix":6}},"ao":0,"ip":290,"op":295,"st":290,"bm":0},{"ddd":0,"ind":60,"ty":2,"nm":"mmexport1590722816566_00059.png","cl":"png","refId":"image_59","sr":1,"ks":{"o":{"a":0,"k":100,"ix":11},"r":{"a":0,"k":0,"ix":10},"p":{"a":0,"k":[240,427,0],"ix":2},"a":{"a":0,"k":[240,427,0],"ix":1},"s":{"a":0,"k":[100,100,100],"ix":6}},"ao":0,"ip":295,"op":300,"st":295,"bm":0},{"ddd":0,"ind":61,"ty":2,"nm":"mmexport1590722816566_00060.png","cl":"png","refId":"image_60","sr":1,"ks":{"o":{"a":0,"k":100,"ix":11},"r":{"a":0,"k":0,"ix":10},"p":{"a":0,"k":[240,427,0],"ix":2},"a":{"a":0,"k":[240,427,0],"ix":1},"s":{"a":0,"k":[100,100,100],"ix":6}},"ao":0,"ip":300,"op":305,"st":300,"bm":0},{"ddd":0,"ind":62,"ty":2,"nm":"mmexport1590722816566_00061.png","cl":"png","refId":"image_61","sr":1,"ks":{"o":{"a":0,"k":100,"ix":11},"r":{"a":0,"k":0,"ix":10},"p":{"a":0,"k":[240,427,0],"ix":2},"a":{"a":0,"k":[240,427,0],"ix":1},"s":{"a":0,"k":[100,100,100],"ix":6}},"ao":0,"ip":305,"op":310,"st":305,"bm":0},{"ddd":0,"ind":63,"ty":2,"nm":"mmexport1590722816566_00062.png","cl":"png","refId":"image_62","sr":1,"ks":{"o":{"a":0,"k":100,"ix":11},"r":{"a":0,"k":0,"ix":10},"p":{"a":0,"k":[240,427,0],"ix":2},"a":{"a":0,"k":[240,427,0],"ix":1},"s":{"a":0,"k":[100,100,100],"ix":6}},"ao":0,"ip":310,"op":315,"st":310,"bm":0},{"ddd":0,"ind":64,"ty":2,"nm":"mmexport1590722816566_00063.png","cl":"png","refId":"image_63","sr":1,"ks":{"o":{"a":0,"k":100,"ix":11},"r":{"a":0,"k":0,"ix":10},"p":{"a":0,"k":[240,427,0],"ix":2},"a":{"a":0,"k":[240,427,0],"ix":1},"s":{"a":0,"k":[100,100,100],"ix":6}},"ao":0,"ip":315,"op":320,"st":315,"bm":0},{"ddd":0,"ind":65,"ty":2,"nm":"mmexport1590722816566_00064.png","cl":"png","refId":"image_64","sr":1,"ks":{"o":{"a":0,"k":100,"ix":11},"r":{"a":0,"k":0,"ix":10},"p":{"a":0,"k":[240,427,0],"ix":2},"a":{"a":0,"k":[240,427,0],"ix":1},"s":{"a":0,"k":[100,100,100],"ix":6}},"ao":0,"ip":320,"op":325,"st":320,"bm":0},{"ddd":0,"ind":66,"ty":2,"nm":"mmexport1590722816566_00065.png","cl":"png","refId":"image_65","sr":1,"ks":{"o":{"a":0,"k":100,"ix":11},"r":{"a":0,"k":0,"ix":10},"p":{"a":0,"k":[240,427,0],"ix":2},"a":{"a":0,"k":[240,427,0],"ix":1},"s":{"a":0,"k":[100,100,100],"ix":6}},"ao":0,"ip":325,"op":330,"st":325,"bm":0},{"ddd":0,"ind":67,"ty":2,"nm":"mmexport1590722816566_00066.png","cl":"png","refId":"image_66","sr":1,"ks":{"o":{"a":0,"k":100,"ix":11},"r":{"a":0,"k":0,"ix":10},"p":{"a":0,"k":[240,427,0],"ix":2},"a":{"a":0,"k":[240,427,0],"ix":1},"s":{"a":0,"k":[100,100,100],"ix":6}},"ao":0,"ip":330,"op":335,"st":330,"bm":0},{"ddd":0,"ind":68,"ty":2,"nm":"mmexport1590722816566_00067.png","cl":"png","refId":"image_67","sr":1,"ks":{"o":{"a":0,"k":100,"ix":11},"r":{"a":0,"k":0,"ix":10},"p":{"a":0,"k":[240,427,0],"ix":2},"a":{"a":0,"k":[240,427,0],"ix":1},"s":{"a":0,"k":[100,100,100],"ix":6}},"ao":0,"ip":335,"op":340,"st":335,"bm":0},{"ddd":0,"ind":69,"ty":2,"nm":"mmexport1590722816566_00068.png","cl":"png","refId":"image_68","sr":1,"ks":{"o":{"a":0,"k":100,"ix":11},"r":{"a":0,"k":0,"ix":10},"p":{"a":0,"k":[240,427,0],"ix":2},"a":{"a":0,"k":[240,427,0],"ix":1},"s":{"a":0,"k":[100,100,100],"ix":6}},"ao":0,"ip":340,"op":345,"st":340,"bm":0},{"ddd":0,"ind":70,"ty":2,"nm":"mmexport1590722816566_00069.png","cl":"png","refId":"image_69","sr":1,"ks":{"o":{"a":0,"k":100,"ix":11},"r":{"a":0,"k":0,"ix":10},"p":{"a":0,"k":[240,427,0],"ix":2},"a":{"a":0,"k":[240,427,0],"ix":1},"s":{"a":0,"k":[100,100,100],"ix":6}},"ao":0,"ip":345,"op":350,"st":345,"bm":0},{"ddd":0,"ind":71,"ty":2,"nm":"mmexport1590722816566_00070.png","cl":"png","refId":"image_70","sr":1,"ks":{"o":{"a":0,"k":100,"ix":11},"r":{"a":0,"k":0,"ix":10},"p":{"a":0,"k":[240,427,0],"ix":2},"a":{"a":0,"k":[240,427,0],"ix":1},"s":{"a":0,"k":[100,100,100],"ix":6}},"ao":0,"ip":350,"op":355,"st":350,"bm":0},{"ddd":0,"ind":72,"ty":2,"nm":"mmexport1590722816566_00071.png","cl":"png","refId":"image_71","sr":1,"ks":{"o":{"a":0,"k":100,"ix":11},"r":{"a":0,"k":0,"ix":10},"p":{"a":0,"k":[240,427,0],"ix":2},"a":{"a":0,"k":[240,427,0],"ix":1},"s":{"a":0,"k":[100,100,100],"ix":6}},"ao":0,"ip":355,"op":360,"st":355,"bm":0},{"ddd":0,"ind":73,"ty":2,"nm":"mmexport1590722816566_00072.png","cl":"png","refId":"image_72","sr":1,"ks":{"o":{"a":0,"k":100,"ix":11},"r":{"a":0,"k":0,"ix":10},"p":{"a":0,"k":[240,427,0],"ix":2},"a":{"a":0,"k":[240,427,0],"ix":1},"s":{"a":0,"k":[100,100,100],"ix":6}},"ao":0,"ip":360,"op":365,"st":360,"bm":0},{"ddd":0,"ind":74,"ty":2,"nm":"mmexport1590722816566_00073.png","cl":"png","refId":"image_73","sr":1,"ks":{"o":{"a":0,"k":100,"ix":11},"r":{"a":0,"k":0,"ix":10},"p":{"a":0,"k":[240,427,0],"ix":2},"a":{"a":0,"k":[240,427,0],"ix":1},"s":{"a":0,"k":[100,100,100],"ix":6}},"ao":0,"ip":365,"op":370,"st":365,"bm":0},{"ddd":0,"ind":75,"ty":2,"nm":"mmexport1590722816566_00074.png","cl":"png","refId":"image_74","sr":1,"ks":{"o":{"a":0,"k":100,"ix":11},"r":{"a":0,"k":0,"ix":10},"p":{"a":0,"k":[240,427,0],"ix":2},"a":{"a":0,"k":[240,427,0],"ix":1},"s":{"a":0,"k":[100,100,100],"ix":6}},"ao":0,"ip":370,"op":375,"st":370,"bm":0},{"ddd":0,"ind":76,"ty":2,"nm":"mmexport1590722816566_00075.png","cl":"png","refId":"image_75","sr":1,"ks":{"o":{"a":0,"k":100,"ix":11},"r":{"a":0,"k":0,"ix":10},"p":{"a":0,"k":[240,427,0],"ix":2},"a":{"a":0,"k":[240,427,0],"ix":1},"s":{"a":0,"k":[100,100,100],"ix":6}},"ao":0,"ip":375,"op":380,"st":375,"bm":0},{"ddd":0,"ind":77,"ty":2,"nm":"mmexport1590722816566_00076.png","cl":"png","refId":"image_76","sr":1,"ks":{"o":{"a":0,"k":100,"ix":11},"r":{"a":0,"k":0,"ix":10},"p":{"a":0,"k":[240,427,0],"ix":2},"a":{"a":0,"k":[240,427,0],"ix":1},"s":{"a":0,"k":[100,100,100],"ix":6}},"ao":0,"ip":380,"op":385,"st":380,"bm":0},{"ddd":0,"ind":78,"ty":2,"nm":"mmexport1590722816566_00077.png","cl":"png","refId":"image_77","sr":1,"ks":{"o":{"a":0,"k":100,"ix":11},"r":{"a":0,"k":0,"ix":10},"p":{"a":0,"k":[240,427,0],"ix":2},"a":{"a":0,"k":[240,427,0],"ix":1},"s":{"a":0,"k":[100,100,100],"ix":6}},"ao":0,"ip":385,"op":390,"st":385,"bm":0},{"ddd":0,"ind":79,"ty":2,"nm":"mmexport1590722816566_00078.png","cl":"png","refId":"image_78","sr":1,"ks":{"o":{"a":0,"k":100,"ix":11},"r":{"a":0,"k":0,"ix":10},"p":{"a":0,"k":[240,427,0],"ix":2},"a":{"a":0,"k":[240,427,0],"ix":1},"s":{"a":0,"k":[100,100,100],"ix":6}},"ao":0,"ip":390,"op":395,"st":390,"bm":0},{"ddd":0,"ind":80,"ty":2,"nm":"mmexport1590722816566_00079.png","cl":"png","refId":"image_79","sr":1,"ks":{"o":{"a":0,"k":100,"ix":11},"r":{"a":0,"k":0,"ix":10},"p":{"a":0,"k":[240,427,0],"ix":2},"a":{"a":0,"k":[240,427,0],"ix":1},"s":{"a":0,"k":[100,100,100],"ix":6}},"ao":0,"ip":395,"op":400,"st":395,"bm":0},{"ddd":0,"ind":81,"ty":2,"nm":"mmexport1590722816566_00080.png","cl":"png","refId":"image_80","sr":1,"ks":{"o":{"a":0,"k":100,"ix":11},"r":{"a":0,"k":0,"ix":10},"p":{"a":0,"k":[240,427,0],"ix":2},"a":{"a":0,"k":[240,427,0],"ix":1},"s":{"a":0,"k":[100,100,100],"ix":6}},"ao":0,"ip":400,"op":405,"st":400,"bm":0},{"ddd":0,"ind":82,"ty":2,"nm":"mmexport1590722816566_00081.png","cl":"png","refId":"image_81","sr":1,"ks":{"o":{"a":0,"k":100,"ix":11},"r":{"a":0,"k":0,"ix":10},"p":{"a":0,"k":[240,427,0],"ix":2},"a":{"a":0,"k":[240,427,0],"ix":1},"s":{"a":0,"k":[100,100,100],"ix":6}},"ao":0,"ip":405,"op":410,"st":405,"bm":0},{"ddd":0,"ind":83,"ty":2,"nm":"mmexport1590722816566_00082.png","cl":"png","refId":"image_82","sr":1,"ks":{"o":{"a":0,"k":100,"ix":11},"r":{"a":0,"k":0,"ix":10},"p":{"a":0,"k":[240,427,0],"ix":2},"a":{"a":0,"k":[240,427,0],"ix":1},"s":{"a":0,"k":[100,100,100],"ix":6}},"ao":0,"ip":410,"op":415,"st":410,"bm":0},{"ddd":0,"ind":84,"ty":2,"nm":"mmexport1590722816566_00083.png","cl":"png","refId":"image_83","sr":1,"ks":{"o":{"a":0,"k":100,"ix":11},"r":{"a":0,"k":0,"ix":10},"p":{"a":0,"k":[240,427,0],"ix":2},"a":{"a":0,"k":[240,427,0],"ix":1},"s":{"a":0,"k":[100,100,100],"ix":6}},"ao":0,"ip":415,"op":420,"st":415,"bm":0},{"ddd":0,"ind":85,"ty":2,"nm":"mmexport1590722816566_00084.png","cl":"png","refId":"image_84","sr":1,"ks":{"o":{"a":0,"k":100,"ix":11},"r":{"a":0,"k":0,"ix":10},"p":{"a":0,"k":[240,427,0],"ix":2},"a":{"a":0,"k":[240,427,0],"ix":1},"s":{"a":0,"k":[100,100,100],"ix":6}},"ao":0,"ip":420,"op":425,"st":420,"bm":0},{"ddd":0,"ind":86,"ty":2,"nm":"mmexport1590722816566_00085.png","cl":"png","refId":"image_85","sr":1,"ks":{"o":{"a":0,"k":100,"ix":11},"r":{"a":0,"k":0,"ix":10},"p":{"a":0,"k":[240,427,0],"ix":2},"a":{"a":0,"k":[240,427,0],"ix":1},"s":{"a":0,"k":[100,100,100],"ix":6}},"ao":0,"ip":425,"op":430,"st":425,"bm":0},{"ddd":0,"ind":87,"ty":2,"nm":"mmexport1590722816566_00086.png","cl":"png","refId":"image_86","sr":1,"ks":{"o":{"a":0,"k":100,"ix":11},"r":{"a":0,"k":0,"ix":10},"p":{"a":0,"k":[240,427,0],"ix":2},"a":{"a":0,"k":[240,427,0],"ix":1},"s":{"a":0,"k":[100,100,100],"ix":6}},"ao":0,"ip":430,"op":435,"st":430,"bm":0},{"ddd":0,"ind":88,"ty":2,"nm":"mmexport1590722816566_00087.png","cl":"png","refId":"image_87","sr":1,"ks":{"o":{"a":0,"k":100,"ix":11},"r":{"a":0,"k":0,"ix":10},"p":{"a":0,"k":[240,427,0],"ix":2},"a":{"a":0,"k":[240,427,0],"ix":1},"s":{"a":0,"k":[100,100,100],"ix":6}},"ao":0,"ip":435,"op":440,"st":435,"bm":0},{"ddd":0,"ind":89,"ty":2,"nm":"mmexport1590722816566_00088.png","cl":"png","refId":"image_88","sr":1,"ks":{"o":{"a":0,"k":100,"ix":11},"r":{"a":0,"k":0,"ix":10},"p":{"a":0,"k":[240,427,0],"ix":2},"a":{"a":0,"k":[240,427,0],"ix":1},"s":{"a":0,"k":[100,100,100],"ix":6}},"ao":0,"ip":440,"op":445,"st":440,"bm":0},{"ddd":0,"ind":90,"ty":2,"nm":"mmexport1590722816566_00089.png","cl":"png","refId":"image_89","sr":1,"ks":{"o":{"a":0,"k":100,"ix":11},"r":{"a":0,"k":0,"ix":10},"p":{"a":0,"k":[240,427,0],"ix":2},"a":{"a":0,"k":[240,427,0],"ix":1},"s":{"a":0,"k":[100,100,100],"ix":6}},"ao":0,"ip":445,"op":450,"st":445,"bm":0},{"ddd":0,"ind":91,"ty":2,"nm":"mmexport1590722816566_00090.png","cl":"png","refId":"image_90","sr":1,"ks":{"o":{"a":0,"k":100,"ix":11},"r":{"a":0,"k":0,"ix":10},"p":{"a":0,"k":[240,427,0],"ix":2},"a":{"a":0,"k":[240,427,0],"ix":1},"s":{"a":0,"k":[100,100,100],"ix":6}},"ao":0,"ip":450,"op":455,"st":450,"bm":0},{"ddd":0,"ind":92,"ty":2,"nm":"mmexport1590722816566_00091.png","cl":"png","refId":"image_91","sr":1,"ks":{"o":{"a":0,"k":100,"ix":11},"r":{"a":0,"k":0,"ix":10},"p":{"a":0,"k":[240,427,0],"ix":2},"a":{"a":0,"k":[240,427,0],"ix":1},"s":{"a":0,"k":[100,100,100],"ix":6}},"ao":0,"ip":455,"op":460,"st":455,"bm":0},{"ddd":0,"ind":93,"ty":2,"nm":"mmexport1590722816566_00092.png","cl":"png","refId":"image_92","sr":1,"ks":{"o":{"a":0,"k":100,"ix":11},"r":{"a":0,"k":0,"ix":10},"p":{"a":0,"k":[240,427,0],"ix":2},"a":{"a":0,"k":[240,427,0],"ix":1},"s":{"a":0,"k":[100,100,100],"ix":6}},"ao":0,"ip":460,"op":465,"st":460,"bm":0},{"ddd":0,"ind":94,"ty":2,"nm":"mmexport1590722816566_00093.png","cl":"png","refId":"image_93","sr":1,"ks":{"o":{"a":0,"k":100,"ix":11},"r":{"a":0,"k":0,"ix":10},"p":{"a":0,"k":[240,427,0],"ix":2},"a":{"a":0,"k":[240,427,0],"ix":1},"s":{"a":0,"k":[100,100,100],"ix":6}},"ao":0,"ip":465,"op":470,"st":465,"bm":0},{"ddd":0,"ind":95,"ty":2,"nm":"mmexport1590722816566_00094.png","cl":"png","refId":"image_94","sr":1,"ks":{"o":{"a":0,"k":100,"ix":11},"r":{"a":0,"k":0,"ix":10},"p":{"a":0,"k":[240,427,0],"ix":2},"a":{"a":0,"k":[240,427,0],"ix":1},"s":{"a":0,"k":[100,100,100],"ix":6}},"ao":0,"ip":470,"op":475,"st":470,"bm":0},{"ddd":0,"ind":96,"ty":2,"nm":"mmexport1590722816566_00095.png","cl":"png","refId":"image_95","sr":1,"ks":{"o":{"a":0,"k":100,"ix":11},"r":{"a":0,"k":0,"ix":10},"p":{"a":0,"k":[240,427,0],"ix":2},"a":{"a":0,"k":[240,427,0],"ix":1},"s":{"a":0,"k":[100,100,100],"ix":6}},"ao":0,"ip":475,"op":480,"st":475,"bm":0},{"ddd":0,"ind":97,"ty":2,"nm":"mmexport1590722816566_00096.png","cl":"png","refId":"image_96","sr":1,"ks":{"o":{"a":0,"k":100,"ix":11},"r":{"a":0,"k":0,"ix":10},"p":{"a":0,"k":[240,427,0],"ix":2},"a":{"a":0,"k":[240,427,0],"ix":1},"s":{"a":0,"k":[100,100,100],"ix":6}},"ao":0,"ip":480,"op":485,"st":480,"bm":0},{"ddd":0,"ind":98,"ty":2,"nm":"mmexport1590722816566_00097.png","cl":"png","refId":"image_97","sr":1,"ks":{"o":{"a":0,"k":100,"ix":11},"r":{"a":0,"k":0,"ix":10},"p":{"a":0,"k":[240,427,0],"ix":2},"a":{"a":0,"k":[240,427,0],"ix":1},"s":{"a":0,"k":[100,100,100],"ix":6}},"ao":0,"ip":485,"op":490,"st":485,"bm":0},{"ddd":0,"ind":99,"ty":2,"nm":"mmexport1590722816566_00098.png","cl":"png","refId":"image_98","sr":1,"ks":{"o":{"a":0,"k":100,"ix":11},"r":{"a":0,"k":0,"ix":10},"p":{"a":0,"k":[240,427,0],"ix":2},"a":{"a":0,"k":[240,427,0],"ix":1},"s":{"a":0,"k":[100,100,100],"ix":6}},"ao":0,"ip":490,"op":495,"st":490,"bm":0},{"ddd":0,"ind":100,"ty":2,"nm":"mmexport1590722816566_00099.png","cl":"png","refId":"image_99","sr":1,"ks":{"o":{"a":0,"k":100,"ix":11},"r":{"a":0,"k":0,"ix":10},"p":{"a":0,"k":[240,427,0],"ix":2},"a":{"a":0,"k":[240,427,0],"ix":1},"s":{"a":0,"k":[100,100,100],"ix":6}},"ao":0,"ip":495,"op":500,"st":495,"bm":0},{"ddd":0,"ind":101,"ty":2,"nm":"mmexport1590722816566_00100.png","cl":"png","refId":"image_100","sr":1,"ks":{"o":{"a":0,"k":100,"ix":11},"r":{"a":0,"k":0,"ix":10},"p":{"a":0,"k":[240,427,0],"ix":2},"a":{"a":0,"k":[240,427,0],"ix":1},"s":{"a":0,"k":[100,100,100],"ix":6}},"ao":0,"ip":500,"op":505,"st":500,"bm":0},{"ddd":0,"ind":102,"ty":2,"nm":"mmexport1590722816566_00101.png","cl":"png","refId":"image_101","sr":1,"ks":{"o":{"a":0,"k":100,"ix":11},"r":{"a":0,"k":0,"ix":10},"p":{"a":0,"k":[240,427,0],"ix":2},"a":{"a":0,"k":[240,427,0],"ix":1},"s":{"a":0,"k":[100,100,100],"ix":6}},"ao":0,"ip":505,"op":510,"st":505,"bm":0},{"ddd":0,"ind":103,"ty":2,"nm":"mmexport1590722816566_00102.png","cl":"png","refId":"image_102","sr":1,"ks":{"o":{"a":0,"k":100,"ix":11},"r":{"a":0,"k":0,"ix":10},"p":{"a":0,"k":[240,427,0],"ix":2},"a":{"a":0,"k":[240,427,0],"ix":1},"s":{"a":0,"k":[100,100,100],"ix":6}},"ao":0,"ip":510,"op":515,"st":510,"bm":0},{"ddd":0,"ind":104,"ty":2,"nm":"mmexport1590722816566_00103.png","cl":"png","refId":"image_103","sr":1,"ks":{"o":{"a":0,"k":100,"ix":11},"r":{"a":0,"k":0,"ix":10},"p":{"a":0,"k":[240,427,0],"ix":2},"a":{"a":0,"k":[240,427,0],"ix":1},"s":{"a":0,"k":[100,100,100],"ix":6}},"ao":0,"ip":515,"op":520,"st":515,"bm":0},{"ddd":0,"ind":105,"ty":2,"nm":"mmexport1590722816566_00104.png","cl":"png","refId":"image_104","sr":1,"ks":{"o":{"a":0,"k":100,"ix":11},"r":{"a":0,"k":0,"ix":10},"p":{"a":0,"k":[240,427,0],"ix":2},"a":{"a":0,"k":[240,427,0],"ix":1},"s":{"a":0,"k":[100,100,100],"ix":6}},"ao":0,"ip":520,"op":525,"st":520,"bm":0},{"ddd":0,"ind":106,"ty":2,"nm":"mmexport1590722816566_00105.png","cl":"png","refId":"image_105","sr":1,"ks":{"o":{"a":0,"k":100,"ix":11},"r":{"a":0,"k":0,"ix":10},"p":{"a":0,"k":[240,427,0],"ix":2},"a":{"a":0,"k":[240,427,0],"ix":1},"s":{"a":0,"k":[100,100,100],"ix":6}},"ao":0,"ip":525,"op":530,"st":525,"bm":0},{"ddd":0,"ind":107,"ty":2,"nm":"mmexport1590722816566_00106.png","cl":"png","refId":"image_106","sr":1,"ks":{"o":{"a":0,"k":100,"ix":11},"r":{"a":0,"k":0,"ix":10},"p":{"a":0,"k":[240,427,0],"ix":2},"a":{"a":0,"k":[240,427,0],"ix":1},"s":{"a":0,"k":[100,100,100],"ix":6}},"ao":0,"ip":530,"op":535,"st":530,"bm":0},{"ddd":0,"ind":108,"ty":2,"nm":"mmexport1590722816566_00107.png","cl":"png","refId":"image_107","sr":1,"ks":{"o":{"a":0,"k":100,"ix":11},"r":{"a":0,"k":0,"ix":10},"p":{"a":0,"k":[240,427,0],"ix":2},"a":{"a":0,"k":[240,427,0],"ix":1},"s":{"a":0,"k":[100,100,100],"ix":6}},"ao":0,"ip":535,"op":540,"st":535,"bm":0},{"ddd":0,"ind":109,"ty":2,"nm":"mmexport1590722816566_00108.png","cl":"png","refId":"image_108","sr":1,"ks":{"o":{"a":0,"k":100,"ix":11},"r":{"a":0,"k":0,"ix":10},"p":{"a":0,"k":[240,427,0],"ix":2},"a":{"a":0,"k":[240,427,0],"ix":1},"s":{"a":0,"k":[100,100,100],"ix":6}},"ao":0,"ip":540,"op":545,"st":540,"bm":0},{"ddd":0,"ind":110,"ty":2,"nm":"mmexport1590722816566_00109.png","cl":"png","refId":"image_109","sr":1,"ks":{"o":{"a":0,"k":100,"ix":11},"r":{"a":0,"k":0,"ix":10},"p":{"a":0,"k":[240,427,0],"ix":2},"a":{"a":0,"k":[240,427,0],"ix":1},"s":{"a":0,"k":[100,100,100],"ix":6}},"ao":0,"ip":545,"op":550,"st":545,"bm":0},{"ddd":0,"ind":111,"ty":2,"nm":"mmexport1590722816566_00110.png","cl":"png","refId":"image_110","sr":1,"ks":{"o":{"a":0,"k":100,"ix":11},"r":{"a":0,"k":0,"ix":10},"p":{"a":0,"k":[240,427,0],"ix":2},"a":{"a":0,"k":[240,427,0],"ix":1},"s":{"a":0,"k":[100,100,100],"ix":6}},"ao":0,"ip":550,"op":555,"st":550,"bm":0},{"ddd":0,"ind":112,"ty":2,"nm":"mmexport1590722816566_00111.png","cl":"png","refId":"image_111","sr":1,"ks":{"o":{"a":0,"k":100,"ix":11},"r":{"a":0,"k":0,"ix":10},"p":{"a":0,"k":[240,427,0],"ix":2},"a":{"a":0,"k":[240,427,0],"ix":1},"s":{"a":0,"k":[100,100,100],"ix":6}},"ao":0,"ip":555,"op":560,"st":555,"bm":0},{"ddd":0,"ind":113,"ty":2,"nm":"mmexport1590722816566_00112.png","cl":"png","refId":"image_112","sr":1,"ks":{"o":{"a":0,"k":100,"ix":11},"r":{"a":0,"k":0,"ix":10},"p":{"a":0,"k":[240,427,0],"ix":2},"a":{"a":0,"k":[240,427,0],"ix":1},"s":{"a":0,"k":[100,100,100],"ix":6}},"ao":0,"ip":560,"op":565,"st":560,"bm":0},{"ddd":0,"ind":114,"ty":2,"nm":"mmexport1590722816566_00113.png","cl":"png","refId":"image_113","sr":1,"ks":{"o":{"a":0,"k":100,"ix":11},"r":{"a":0,"k":0,"ix":10},"p":{"a":0,"k":[240,427,0],"ix":2},"a":{"a":0,"k":[240,427,0],"ix":1},"s":{"a":0,"k":[100,100,100],"ix":6}},"ao":0,"ip":565,"op":570,"st":565,"bm":0},{"ddd":0,"ind":115,"ty":2,"nm":"mmexport1590722816566_00114.png","cl":"png","refId":"image_114","sr":1,"ks":{"o":{"a":0,"k":100,"ix":11},"r":{"a":0,"k":0,"ix":10},"p":{"a":0,"k":[240,427,0],"ix":2},"a":{"a":0,"k":[240,427,0],"ix":1},"s":{"a":0,"k":[100,100,100],"ix":6}},"ao":0,"ip":570,"op":575,"st":570,"bm":0},{"ddd":0,"ind":116,"ty":2,"nm":"mmexport1590722816566_00115.png","cl":"png","refId":"image_115","sr":1,"ks":{"o":{"a":0,"k":100,"ix":11},"r":{"a":0,"k":0,"ix":10},"p":{"a":0,"k":[240,427,0],"ix":2},"a":{"a":0,"k":[240,427,0],"ix":1},"s":{"a":0,"k":[100,100,100],"ix":6}},"ao":0,"ip":575,"op":580,"st":575,"bm":0},{"ddd":0,"ind":117,"ty":2,"nm":"mmexport1590722816566_00116.png","cl":"png","refId":"image_116","sr":1,"ks":{"o":{"a":0,"k":100,"ix":11},"r":{"a":0,"k":0,"ix":10},"p":{"a":0,"k":[240,427,0],"ix":2},"a":{"a":0,"k":[240,427,0],"ix":1},"s":{"a":0,"k":[100,100,100],"ix":6}},"ao":0,"ip":580,"op":585,"st":580,"bm":0},{"ddd":0,"ind":118,"ty":2,"nm":"mmexport1590722816566_00117.png","cl":"png","refId":"image_117","sr":1,"ks":{"o":{"a":0,"k":100,"ix":11},"r":{"a":0,"k":0,"ix":10},"p":{"a":0,"k":[240,427,0],"ix":2},"a":{"a":0,"k":[240,427,0],"ix":1},"s":{"a":0,"k":[100,100,100],"ix":6}},"ao":0,"ip":585,"op":590,"st":585,"bm":0},{"ddd":0,"ind":119,"ty":2,"nm":"mmexport1590722816566_00118.png","cl":"png","refId":"image_118","sr":1,"ks":{"o":{"a":0,"k":100,"ix":11},"r":{"a":0,"k":0,"ix":10},"p":{"a":0,"k":[240,427,0],"ix":2},"a":{"a":0,"k":[240,427,0],"ix":1},"s":{"a":0,"k":[100,100,100],"ix":6}},"ao":0,"ip":590,"op":595,"st":590,"bm":0},{"ddd":0,"ind":120,"ty":2,"nm":"mmexport1590722816566_00119.png","cl":"png","refId":"image_119","sr":1,"ks":{"o":{"a":0,"k":100,"ix":11},"r":{"a":0,"k":0,"ix":10},"p":{"a":0,"k":[240,427,0],"ix":2},"a":{"a":0,"k":[240,427,0],"ix":1},"s":{"a":0,"k":[100,100,100],"ix":6}},"ao":0,"ip":595,"op":600,"st":595,"bm":0},{"ddd":0,"ind":121,"ty":2,"nm":"mmexport1590722816566_00120.png","cl":"png","refId":"image_120","sr":1,"ks":{"o":{"a":0,"k":100,"ix":11},"r":{"a":0,"k":0,"ix":10},"p":{"a":0,"k":[240,427,0],"ix":2},"a":{"a":0,"k":[240,427,0],"ix":1},"s":{"a":0,"k":[100,100,100],"ix":6}},"ao":0,"ip":600,"op":605,"st":600,"bm":0},{"ddd":0,"ind":122,"ty":2,"nm":"mmexport1590722816566_00121.png","cl":"png","refId":"image_121","sr":1,"ks":{"o":{"a":0,"k":100,"ix":11},"r":{"a":0,"k":0,"ix":10},"p":{"a":0,"k":[240,427,0],"ix":2},"a":{"a":0,"k":[240,427,0],"ix":1},"s":{"a":0,"k":[100,100,100],"ix":6}},"ao":0,"ip":605,"op":610,"st":605,"bm":0},{"ddd":0,"ind":123,"ty":2,"nm":"mmexport1590722816566_00122.png","cl":"png","refId":"image_122","sr":1,"ks":{"o":{"a":0,"k":100,"ix":11},"r":{"a":0,"k":0,"ix":10},"p":{"a":0,"k":[240,427,0],"ix":2},"a":{"a":0,"k":[240,427,0],"ix":1},"s":{"a":0,"k":[100,100,100],"ix":6}},"ao":0,"ip":610,"op":615,"st":610,"bm":0},{"ddd":0,"ind":124,"ty":2,"nm":"mmexport1590722816566_00123.png","cl":"png","refId":"image_123","sr":1,"ks":{"o":{"a":0,"k":100,"ix":11},"r":{"a":0,"k":0,"ix":10},"p":{"a":0,"k":[240,427,0],"ix":2},"a":{"a":0,"k":[240,427,0],"ix":1},"s":{"a":0,"k":[100,100,100],"ix":6}},"ao":0,"ip":615,"op":620,"st":615,"bm":0},{"ddd":0,"ind":125,"ty":2,"nm":"mmexport1590722816566_00124.png","cl":"png","refId":"image_124","sr":1,"ks":{"o":{"a":0,"k":100,"ix":11},"r":{"a":0,"k":0,"ix":10},"p":{"a":0,"k":[240,427,0],"ix":2},"a":{"a":0,"k":[240,427,0],"ix":1},"s":{"a":0,"k":[100,100,100],"ix":6}},"ao":0,"ip":620,"op":625,"st":620,"bm":0},{"ddd":0,"ind":126,"ty":2,"nm":"mmexport1590722816566_00125.png","cl":"png","refId":"image_125","sr":1,"ks":{"o":{"a":0,"k":100,"ix":11},"r":{"a":0,"k":0,"ix":10},"p":{"a":0,"k":[240,427,0],"ix":2},"a":{"a":0,"k":[240,427,0],"ix":1},"s":{"a":0,"k":[100,100,100],"ix":6}},"ao":0,"ip":625,"op":630,"st":625,"bm":0},{"ddd":0,"ind":127,"ty":2,"nm":"mmexport1590722816566_00126.png","cl":"png","refId":"image_126","sr":1,"ks":{"o":{"a":0,"k":100,"ix":11},"r":{"a":0,"k":0,"ix":10},"p":{"a":0,"k":[240,427,0],"ix":2},"a":{"a":0,"k":[240,427,0],"ix":1},"s":{"a":0,"k":[100,100,100],"ix":6}},"ao":0,"ip":630,"op":635,"st":630,"bm":0},{"ddd":0,"ind":128,"ty":2,"nm":"mmexport1590722816566_00127.png","cl":"png","refId":"image_127","sr":1,"ks":{"o":{"a":0,"k":100,"ix":11},"r":{"a":0,"k":0,"ix":10},"p":{"a":0,"k":[240,427,0],"ix":2},"a":{"a":0,"k":[240,427,0],"ix":1},"s":{"a":0,"k":[100,100,100],"ix":6}},"ao":0,"ip":635,"op":640,"st":635,"bm":0},{"ddd":0,"ind":129,"ty":2,"nm":"mmexport1590722816566_00128.png","cl":"png","refId":"image_128","sr":1,"ks":{"o":{"a":0,"k":100,"ix":11},"r":{"a":0,"k":0,"ix":10},"p":{"a":0,"k":[240,427,0],"ix":2},"a":{"a":0,"k":[240,427,0],"ix":1},"s":{"a":0,"k":[100,100,100],"ix":6}},"ao":0,"ip":640,"op":645,"st":640,"bm":0},{"ddd":0,"ind":130,"ty":2,"nm":"mmexport1590722816566_00129.png","cl":"png","refId":"image_129","sr":1,"ks":{"o":{"a":0,"k":100,"ix":11},"r":{"a":0,"k":0,"ix":10},"p":{"a":0,"k":[240,427,0],"ix":2},"a":{"a":0,"k":[240,427,0],"ix":1},"s":{"a":0,"k":[100,100,100],"ix":6}},"ao":0,"ip":645,"op":650,"st":645,"bm":0},{"ddd":0,"ind":131,"ty":2,"nm":"mmexport1590722816566_00130.png","cl":"png","refId":"image_130","sr":1,"ks":{"o":{"a":0,"k":100,"ix":11},"r":{"a":0,"k":0,"ix":10},"p":{"a":0,"k":[240,427,0],"ix":2},"a":{"a":0,"k":[240,427,0],"ix":1},"s":{"a":0,"k":[100,100,100],"ix":6}},"ao":0,"ip":650,"op":655,"st":650,"bm":0},{"ddd":0,"ind":132,"ty":2,"nm":"mmexport1590722816566_00131.png","cl":"png","refId":"image_131","sr":1,"ks":{"o":{"a":0,"k":100,"ix":11},"r":{"a":0,"k":0,"ix":10},"p":{"a":0,"k":[240,427,0],"ix":2},"a":{"a":0,"k":[240,427,0],"ix":1},"s":{"a":0,"k":[100,100,100],"ix":6}},"ao":0,"ip":655,"op":660,"st":655,"bm":0},{"ddd":0,"ind":133,"ty":2,"nm":"mmexport1590722816566_00132.png","cl":"png","refId":"image_132","sr":1,"ks":{"o":{"a":0,"k":100,"ix":11},"r":{"a":0,"k":0,"ix":10},"p":{"a":0,"k":[240,427,0],"ix":2},"a":{"a":0,"k":[240,427,0],"ix":1},"s":{"a":0,"k":[100,100,100],"ix":6}},"ao":0,"ip":660,"op":665,"st":660,"bm":0},{"ddd":0,"ind":134,"ty":2,"nm":"mmexport1590722816566_00133.png","cl":"png","refId":"image_133","sr":1,"ks":{"o":{"a":0,"k":100,"ix":11},"r":{"a":0,"k":0,"ix":10},"p":{"a":0,"k":[240,427,0],"ix":2},"a":{"a":0,"k":[240,427,0],"ix":1},"s":{"a":0,"k":[100,100,100],"ix":6}},"ao":0,"ip":665,"op":670,"st":665,"bm":0},{"ddd":0,"ind":135,"ty":2,"nm":"mmexport1590722816566_00134.png","cl":"png","refId":"image_134","sr":1,"ks":{"o":{"a":0,"k":100,"ix":11},"r":{"a":0,"k":0,"ix":10},"p":{"a":0,"k":[240,427,0],"ix":2},"a":{"a":0,"k":[240,427,0],"ix":1},"s":{"a":0,"k":[100,100,100],"ix":6}},"ao":0,"ip":670,"op":675,"st":670,"bm":0},{"ddd":0,"ind":136,"ty":2,"nm":"mmexport1590722816566_00135.png","cl":"png","refId":"image_135","sr":1,"ks":{"o":{"a":0,"k":100,"ix":11},"r":{"a":0,"k":0,"ix":10},"p":{"a":0,"k":[240,427,0],"ix":2},"a":{"a":0,"k":[240,427,0],"ix":1},"s":{"a":0,"k":[100,100,100],"ix":6}},"ao":0,"ip":675,"op":680,"st":675,"bm":0},{"ddd":0,"ind":137,"ty":2,"nm":"mmexport1590722816566_00136.png","cl":"png","refId":"image_136","sr":1,"ks":{"o":{"a":0,"k":100,"ix":11},"r":{"a":0,"k":0,"ix":10},"p":{"a":0,"k":[240,427,0],"ix":2},"a":{"a":0,"k":[240,427,0],"ix":1},"s":{"a":0,"k":[100,100,100],"ix":6}},"ao":0,"ip":680,"op":685,"st":680,"bm":0},{"ddd":0,"ind":138,"ty":2,"nm":"mmexport1590722816566_00137.png","cl":"png","refId":"image_137","sr":1,"ks":{"o":{"a":0,"k":100,"ix":11},"r":{"a":0,"k":0,"ix":10},"p":{"a":0,"k":[240,427,0],"ix":2},"a":{"a":0,"k":[240,427,0],"ix":1},"s":{"a":0,"k":[100,100,100],"ix":6}},"ao":0,"ip":685,"op":690,"st":685,"bm":0},{"ddd":0,"ind":139,"ty":2,"nm":"mmexport1590722816566_00138.png","cl":"png","refId":"image_138","sr":1,"ks":{"o":{"a":0,"k":100,"ix":11},"r":{"a":0,"k":0,"ix":10},"p":{"a":0,"k":[240,427,0],"ix":2},"a":{"a":0,"k":[240,427,0],"ix":1},"s":{"a":0,"k":[100,100,100],"ix":6}},"ao":0,"ip":690,"op":695,"st":690,"bm":0},{"ddd":0,"ind":140,"ty":2,"nm":"mmexport1590722816566_00139.png","cl":"png","refId":"image_139","sr":1,"ks":{"o":{"a":0,"k":100,"ix":11},"r":{"a":0,"k":0,"ix":10},"p":{"a":0,"k":[240,427,0],"ix":2},"a":{"a":0,"k":[240,427,0],"ix":1},"s":{"a":0,"k":[100,100,100],"ix":6}},"ao":0,"ip":695,"op":700,"st":695,"bm":0},{"ddd":0,"ind":141,"ty":2,"nm":"mmexport1590722816566_00140.png","cl":"png","refId":"image_140","sr":1,"ks":{"o":{"a":0,"k":100,"ix":11},"r":{"a":0,"k":0,"ix":10},"p":{"a":0,"k":[240,427,0],"ix":2},"a":{"a":0,"k":[240,427,0],"ix":1},"s":{"a":0,"k":[100,100,100],"ix":6}},"ao":0,"ip":700,"op":705,"st":700,"bm":0},{"ddd":0,"ind":142,"ty":2,"nm":"mmexport1590722816566_00141.png","cl":"png","refId":"image_141","sr":1,"ks":{"o":{"a":0,"k":100,"ix":11},"r":{"a":0,"k":0,"ix":10},"p":{"a":0,"k":[240,427,0],"ix":2},"a":{"a":0,"k":[240,427,0],"ix":1},"s":{"a":0,"k":[100,100,100],"ix":6}},"ao":0,"ip":705,"op":710,"st":705,"bm":0},{"ddd":0,"ind":143,"ty":2,"nm":"mmexport1590722816566_00142.png","cl":"png","refId":"image_142","sr":1,"ks":{"o":{"a":0,"k":100,"ix":11},"r":{"a":0,"k":0,"ix":10},"p":{"a":0,"k":[240,427,0],"ix":2},"a":{"a":0,"k":[240,427,0],"ix":1},"s":{"a":0,"k":[100,100,100],"ix":6}},"ao":0,"ip":710,"op":715,"st":710,"bm":0},{"ddd":0,"ind":144,"ty":2,"nm":"mmexport1590722816566_00143.png","cl":"png","refId":"image_143","sr":1,"ks":{"o":{"a":0,"k":100,"ix":11},"r":{"a":0,"k":0,"ix":10},"p":{"a":0,"k":[240,427,0],"ix":2},"a":{"a":0,"k":[240,427,0],"ix":1},"s":{"a":0,"k":[100,100,100],"ix":6}},"ao":0,"ip":715,"op":720,"st":715,"bm":0},{"ddd":0,"ind":145,"ty":2,"nm":"mmexport1590722816566_00144.png","cl":"png","refId":"image_144","sr":1,"ks":{"o":{"a":0,"k":100,"ix":11},"r":{"a":0,"k":0,"ix":10},"p":{"a":0,"k":[240,427,0],"ix":2},"a":{"a":0,"k":[240,427,0],"ix":1},"s":{"a":0,"k":[100,100,100],"ix":6}},"ao":0,"ip":720,"op":725,"st":720,"bm":0},{"ddd":0,"ind":146,"ty":2,"nm":"mmexport1590722816566_00145.png","cl":"png","refId":"image_145","sr":1,"ks":{"o":{"a":0,"k":100,"ix":11},"r":{"a":0,"k":0,"ix":10},"p":{"a":0,"k":[240,427,0],"ix":2},"a":{"a":0,"k":[240,427,0],"ix":1},"s":{"a":0,"k":[100,100,100],"ix":6}},"ao":0,"ip":725,"op":730,"st":725,"bm":0},{"ddd":0,"ind":147,"ty":2,"nm":"mmexport1590722816566_00146.png","cl":"png","refId":"image_146","sr":1,"ks":{"o":{"a":0,"k":100,"ix":11},"r":{"a":0,"k":0,"ix":10},"p":{"a":0,"k":[240,427,0],"ix":2},"a":{"a":0,"k":[240,427,0],"ix":1},"s":{"a":0,"k":[100,100,100],"ix":6}},"ao":0,"ip":730,"op":735,"st":730,"bm":0},{"ddd":0,"ind":148,"ty":2,"nm":"mmexport1590722816566_00147.png","cl":"png","refId":"image_147","sr":1,"ks":{"o":{"a":0,"k":100,"ix":11},"r":{"a":0,"k":0,"ix":10},"p":{"a":0,"k":[240,427,0],"ix":2},"a":{"a":0,"k":[240,427,0],"ix":1},"s":{"a":0,"k":[100,100,100],"ix":6}},"ao":0,"ip":735,"op":740,"st":735,"bm":0},{"ddd":0,"ind":149,"ty":2,"nm":"mmexport1590722816566_00148.png","cl":"png","refId":"image_148","sr":1,"ks":{"o":{"a":0,"k":100,"ix":11},"r":{"a":0,"k":0,"ix":10},"p":{"a":0,"k":[240,427,0],"ix":2},"a":{"a":0,"k":[240,427,0],"ix":1},"s":{"a":0,"k":[100,100,100],"ix":6}},"ao":0,"ip":740,"op":745,"st":740,"bm":0},{"ddd":0,"ind":150,"ty":2,"nm":"mmexport1590722816566_00149.png","cl":"png","refId":"image_149","sr":1,"ks":{"o":{"a":0,"k":100,"ix":11},"r":{"a":0,"k":0,"ix":10},"p":{"a":0,"k":[240,427,0],"ix":2},"a":{"a":0,"k":[240,427,0],"ix":1},"s":{"a":0,"k":[100,100,100],"ix":6}},"ao":0,"ip":745,"op":750,"st":745,"bm":0},{"ddd":0,"ind":151,"ty":2,"nm":"mmexport1590722816566_00150.png","cl":"png","refId":"image_150","sr":1,"ks":{"o":{"a":0,"k":100,"ix":11},"r":{"a":0,"k":0,"ix":10},"p":{"a":0,"k":[240,427,0],"ix":2},"a":{"a":0,"k":[240,427,0],"ix":1},"s":{"a":0,"k":[100,100,100],"ix":6}},"ao":0,"ip":750,"op":755,"st":750,"bm":0},{"ddd":0,"ind":152,"ty":2,"nm":"mmexport1590722816566_00151.png","cl":"png","refId":"image_151","sr":1,"ks":{"o":{"a":0,"k":100,"ix":11},"r":{"a":0,"k":0,"ix":10},"p":{"a":0,"k":[240,427,0],"ix":2},"a":{"a":0,"k":[240,427,0],"ix":1},"s":{"a":0,"k":[100,100,100],"ix":6}},"ao":0,"ip":755,"op":760,"st":755,"bm":0},{"ddd":0,"ind":153,"ty":2,"nm":"mmexport1590722816566_00152.png","cl":"png","refId":"image_152","sr":1,"ks":{"o":{"a":0,"k":100,"ix":11},"r":{"a":0,"k":0,"ix":10},"p":{"a":0,"k":[240,427,0],"ix":2},"a":{"a":0,"k":[240,427,0],"ix":1},"s":{"a":0,"k":[100,100,100],"ix":6}},"ao":0,"ip":760,"op":765,"st":760,"bm":0},{"ddd":0,"ind":154,"ty":2,"nm":"mmexport1590722816566_00153.png","cl":"png","refId":"image_153","sr":1,"ks":{"o":{"a":0,"k":100,"ix":11},"r":{"a":0,"k":0,"ix":10},"p":{"a":0,"k":[240,427,0],"ix":2},"a":{"a":0,"k":[240,427,0],"ix":1},"s":{"a":0,"k":[100,100,100],"ix":6}},"ao":0,"ip":765,"op":770,"st":765,"bm":0},{"ddd":0,"ind":155,"ty":2,"nm":"mmexport1590722816566_00154.png","cl":"png","refId":"image_154","sr":1,"ks":{"o":{"a":0,"k":100,"ix":11},"r":{"a":0,"k":0,"ix":10},"p":{"a":0,"k":[240,427,0],"ix":2},"a":{"a":0,"k":[240,427,0],"ix":1},"s":{"a":0,"k":[100,100,100],"ix":6}},"ao":0,"ip":770,"op":775,"st":770,"bm":0},{"ddd":0,"ind":156,"ty":2,"nm":"mmexport1590722816566_00155.png","cl":"png","refId":"image_155","sr":1,"ks":{"o":{"a":0,"k":100,"ix":11},"r":{"a":0,"k":0,"ix":10},"p":{"a":0,"k":[240,427,0],"ix":2},"a":{"a":0,"k":[240,427,0],"ix":1},"s":{"a":0,"k":[100,100,100],"ix":6}},"ao":0,"ip":775,"op":780,"st":775,"bm":0},{"ddd":0,"ind":157,"ty":2,"nm":"mmexport1590722816566_00156.png","cl":"png","refId":"image_156","sr":1,"ks":{"o":{"a":0,"k":100,"ix":11},"r":{"a":0,"k":0,"ix":10},"p":{"a":0,"k":[240,427,0],"ix":2},"a":{"a":0,"k":[240,427,0],"ix":1},"s":{"a":0,"k":[100,100,100],"ix":6}},"ao":0,"ip":780,"op":785,"st":780,"bm":0},{"ddd":0,"ind":158,"ty":2,"nm":"mmexport1590722816566_00157.png","cl":"png","refId":"image_157","sr":1,"ks":{"o":{"a":0,"k":100,"ix":11},"r":{"a":0,"k":0,"ix":10},"p":{"a":0,"k":[240,427,0],"ix":2},"a":{"a":0,"k":[240,427,0],"ix":1},"s":{"a":0,"k":[100,100,100],"ix":6}},"ao":0,"ip":785,"op":790,"st":785,"bm":0},{"ddd":0,"ind":159,"ty":2,"nm":"mmexport1590722816566_00158.png","cl":"png","refId":"image_158","sr":1,"ks":{"o":{"a":0,"k":100,"ix":11},"r":{"a":0,"k":0,"ix":10},"p":{"a":0,"k":[240,427,0],"ix":2},"a":{"a":0,"k":[240,427,0],"ix":1},"s":{"a":0,"k":[100,100,100],"ix":6}},"ao":0,"ip":790,"op":795,"st":790,"bm":0},{"ddd":0,"ind":160,"ty":2,"nm":"mmexport1590722816566_00159.png","cl":"png","refId":"image_159","sr":1,"ks":{"o":{"a":0,"k":100,"ix":11},"r":{"a":0,"k":0,"ix":10},"p":{"a":0,"k":[240,427,0],"ix":2},"a":{"a":0,"k":[240,427,0],"ix":1},"s":{"a":0,"k":[100,100,100],"ix":6}},"ao":0,"ip":795,"op":800,"st":795,"bm":0},{"ddd":0,"ind":161,"ty":2,"nm":"mmexport1590722816566_00160.png","cl":"png","refId":"image_160","sr":1,"ks":{"o":{"a":0,"k":100,"ix":11},"r":{"a":0,"k":0,"ix":10},"p":{"a":0,"k":[240,427,0],"ix":2},"a":{"a":0,"k":[240,427,0],"ix":1},"s":{"a":0,"k":[100,100,100],"ix":6}},"ao":0,"ip":800,"op":805,"st":800,"bm":0},{"ddd":0,"ind":162,"ty":2,"nm":"mmexport1590722816566_00161.png","cl":"png","refId":"image_161","sr":1,"ks":{"o":{"a":0,"k":100,"ix":11},"r":{"a":0,"k":0,"ix":10},"p":{"a":0,"k":[240,427,0],"ix":2},"a":{"a":0,"k":[240,427,0],"ix":1},"s":{"a":0,"k":[100,100,100],"ix":6}},"ao":0,"ip":805,"op":810,"st":805,"bm":0},{"ddd":0,"ind":163,"ty":2,"nm":"mmexport1590722816566_00162.png","cl":"png","refId":"image_162","sr":1,"ks":{"o":{"a":0,"k":100,"ix":11},"r":{"a":0,"k":0,"ix":10},"p":{"a":0,"k":[240,427,0],"ix":2},"a":{"a":0,"k":[240,427,0],"ix":1},"s":{"a":0,"k":[100,100,100],"ix":6}},"ao":0,"ip":810,"op":815,"st":810,"bm":0},{"ddd":0,"ind":164,"ty":2,"nm":"mmexport1590722816566_00163.png","cl":"png","refId":"image_163","sr":1,"ks":{"o":{"a":0,"k":100,"ix":11},"r":{"a":0,"k":0,"ix":10},"p":{"a":0,"k":[240,427,0],"ix":2},"a":{"a":0,"k":[240,427,0],"ix":1},"s":{"a":0,"k":[100,100,100],"ix":6}},"ao":0,"ip":815,"op":820,"st":815,"bm":0},{"ddd":0,"ind":165,"ty":2,"nm":"mmexport1590722816566_00164.png","cl":"png","refId":"image_164","sr":1,"ks":{"o":{"a":0,"k":100,"ix":11},"r":{"a":0,"k":0,"ix":10},"p":{"a":0,"k":[240,427,0],"ix":2},"a":{"a":0,"k":[240,427,0],"ix":1},"s":{"a":0,"k":[100,100,100],"ix":6}},"ao":0,"ip":820,"op":825,"st":820,"bm":0},{"ddd":0,"ind":166,"ty":2,"nm":"mmexport1590722816566_00165.png","cl":"png","refId":"image_165","sr":1,"ks":{"o":{"a":0,"k":100,"ix":11},"r":{"a":0,"k":0,"ix":10},"p":{"a":0,"k":[240,427,0],"ix":2},"a":{"a":0,"k":[240,427,0],"ix":1},"s":{"a":0,"k":[100,100,100],"ix":6}},"ao":0,"ip":825,"op":830,"st":825,"bm":0},{"ddd":0,"ind":167,"ty":2,"nm":"mmexport1590722816566_00166.png","cl":"png","refId":"image_166","sr":1,"ks":{"o":{"a":0,"k":100,"ix":11},"r":{"a":0,"k":0,"ix":10},"p":{"a":0,"k":[240,427,0],"ix":2},"a":{"a":0,"k":[240,427,0],"ix":1},"s":{"a":0,"k":[100,100,100],"ix":6}},"ao":0,"ip":830,"op":835,"st":830,"bm":0},{"ddd":0,"ind":168,"ty":2,"nm":"mmexport1590722816566_00167.png","cl":"png","refId":"image_167","sr":1,"ks":{"o":{"a":0,"k":100,"ix":11},"r":{"a":0,"k":0,"ix":10},"p":{"a":0,"k":[240,427,0],"ix":2},"a":{"a":0,"k":[240,427,0],"ix":1},"s":{"a":0,"k":[100,100,100],"ix":6}},"ao":0,"ip":835,"op":840,"st":835,"bm":0},{"ddd":0,"ind":169,"ty":2,"nm":"mmexport1590722816566_00168.png","cl":"png","refId":"image_168","sr":1,"ks":{"o":{"a":0,"k":100,"ix":11},"r":{"a":0,"k":0,"ix":10},"p":{"a":0,"k":[240,427,0],"ix":2},"a":{"a":0,"k":[240,427,0],"ix":1},"s":{"a":0,"k":[100,100,100],"ix":6}},"ao":0,"ip":840,"op":845,"st":840,"bm":0},{"ddd":0,"ind":170,"ty":2,"nm":"mmexport1590722816566_00169.png","cl":"png","refId":"image_169","sr":1,"ks":{"o":{"a":0,"k":100,"ix":11},"r":{"a":0,"k":0,"ix":10},"p":{"a":0,"k":[240,427,0],"ix":2},"a":{"a":0,"k":[240,427,0],"ix":1},"s":{"a":0,"k":[100,100,100],"ix":6}},"ao":0,"ip":845,"op":850,"st":845,"bm":0},{"ddd":0,"ind":171,"ty":2,"nm":"mmexport1590722816566_00170.png","cl":"png","refId":"image_170","sr":1,"ks":{"o":{"a":0,"k":100,"ix":11},"r":{"a":0,"k":0,"ix":10},"p":{"a":0,"k":[240,427,0],"ix":2},"a":{"a":0,"k":[240,427,0],"ix":1},"s":{"a":0,"k":[100,100,100],"ix":6}},"ao":0,"ip":850,"op":855,"st":850,"bm":0},{"ddd":0,"ind":172,"ty":2,"nm":"mmexport1590722816566_00171.png","cl":"png","refId":"image_171","sr":1,"ks":{"o":{"a":0,"k":100,"ix":11},"r":{"a":0,"k":0,"ix":10},"p":{"a":0,"k":[240,427,0],"ix":2},"a":{"a":0,"k":[240,427,0],"ix":1},"s":{"a":0,"k":[100,100,100],"ix":6}},"ao":0,"ip":855,"op":860,"st":855,"bm":0},{"ddd":0,"ind":173,"ty":2,"nm":"mmexport1590722816566_00172.png","cl":"png","refId":"image_172","sr":1,"ks":{"o":{"a":0,"k":100,"ix":11},"r":{"a":0,"k":0,"ix":10},"p":{"a":0,"k":[240,427,0],"ix":2},"a":{"a":0,"k":[240,427,0],"ix":1},"s":{"a":0,"k":[100,100,100],"ix":6}},"ao":0,"ip":860,"op":865,"st":860,"bm":0},{"ddd":0,"ind":174,"ty":2,"nm":"mmexport1590722816566_00173.png","cl":"png","refId":"image_173","sr":1,"ks":{"o":{"a":0,"k":100,"ix":11},"r":{"a":0,"k":0,"ix":10},"p":{"a":0,"k":[240,427,0],"ix":2},"a":{"a":0,"k":[240,427,0],"ix":1},"s":{"a":0,"k":[100,100,100],"ix":6}},"ao":0,"ip":865,"op":870,"st":865,"bm":0},{"ddd":0,"ind":175,"ty":2,"nm":"mmexport1590722816566_00174.png","cl":"png","refId":"image_174","sr":1,"ks":{"o":{"a":0,"k":100,"ix":11},"r":{"a":0,"k":0,"ix":10},"p":{"a":0,"k":[240,427,0],"ix":2},"a":{"a":0,"k":[240,427,0],"ix":1},"s":{"a":0,"k":[100,100,100],"ix":6}},"ao":0,"ip":870,"op":875,"st":870,"bm":0},{"ddd":0,"ind":176,"ty":2,"nm":"mmexport1590722816566_00175.png","cl":"png","refId":"image_175","sr":1,"ks":{"o":{"a":0,"k":100,"ix":11},"r":{"a":0,"k":0,"ix":10},"p":{"a":0,"k":[240,427,0],"ix":2},"a":{"a":0,"k":[240,427,0],"ix":1},"s":{"a":0,"k":[100,100,100],"ix":6}},"ao":0,"ip":875,"op":880,"st":875,"bm":0},{"ddd":0,"ind":177,"ty":2,"nm":"mmexport1590722816566_00176.png","cl":"png","refId":"image_176","sr":1,"ks":{"o":{"a":0,"k":100,"ix":11},"r":{"a":0,"k":0,"ix":10},"p":{"a":0,"k":[240,427,0],"ix":2},"a":{"a":0,"k":[240,427,0],"ix":1},"s":{"a":0,"k":[100,100,100],"ix":6}},"ao":0,"ip":880,"op":885,"st":880,"bm":0},{"ddd":0,"ind":178,"ty":2,"nm":"mmexport1590722816566_00177.png","cl":"png","refId":"image_177","sr":1,"ks":{"o":{"a":0,"k":100,"ix":11},"r":{"a":0,"k":0,"ix":10},"p":{"a":0,"k":[240,427,0],"ix":2},"a":{"a":0,"k":[240,427,0],"ix":1},"s":{"a":0,"k":[100,100,100],"ix":6}},"ao":0,"ip":885,"op":890,"st":885,"bm":0},{"ddd":0,"ind":179,"ty":2,"nm":"mmexport1590722816566_00178.png","cl":"png","refId":"image_178","sr":1,"ks":{"o":{"a":0,"k":100,"ix":11},"r":{"a":0,"k":0,"ix":10},"p":{"a":0,"k":[240,427,0],"ix":2},"a":{"a":0,"k":[240,427,0],"ix":1},"s":{"a":0,"k":[100,100,100],"ix":6}},"ao":0,"ip":890,"op":895,"st":890,"bm":0},{"ddd":0,"ind":180,"ty":2,"nm":"mmexport1590722816566_00179.png","cl":"png","refId":"image_179","sr":1,"ks":{"o":{"a":0,"k":100,"ix":11},"r":{"a":0,"k":0,"ix":10},"p":{"a":0,"k":[240,427,0],"ix":2},"a":{"a":0,"k":[240,427,0],"ix":1},"s":{"a":0,"k":[100,100,100],"ix":6}},"ao":0,"ip":895,"op":900,"st":895,"bm":0},{"ddd":0,"ind":181,"ty":2,"nm":"mmexport1590722816566_00180.png","cl":"png","refId":"image_180","sr":1,"ks":{"o":{"a":0,"k":100,"ix":11},"r":{"a":0,"k":0,"ix":10},"p":{"a":0,"k":[240,427,0],"ix":2},"a":{"a":0,"k":[240,427,0],"ix":1},"s":{"a":0,"k":[100,100,100],"ix":6}},"ao":0,"ip":900,"op":905,"st":900,"bm":0},{"ddd":0,"ind":182,"ty":2,"nm":"mmexport1590722816566_00181.png","cl":"png","refId":"image_181","sr":1,"ks":{"o":{"a":0,"k":100,"ix":11},"r":{"a":0,"k":0,"ix":10},"p":{"a":0,"k":[240,427,0],"ix":2},"a":{"a":0,"k":[240,427,0],"ix":1},"s":{"a":0,"k":[100,100,100],"ix":6}},"ao":0,"ip":905,"op":910,"st":905,"bm":0},{"ddd":0,"ind":183,"ty":2,"nm":"mmexport1590722816566_00182.png","cl":"png","refId":"image_182","sr":1,"ks":{"o":{"a":0,"k":100,"ix":11},"r":{"a":0,"k":0,"ix":10},"p":{"a":0,"k":[240,427,0],"ix":2},"a":{"a":0,"k":[240,427,0],"ix":1},"s":{"a":0,"k":[100,100,100],"ix":6}},"ao":0,"ip":910,"op":915,"st":910,"bm":0},{"ddd":0,"ind":184,"ty":2,"nm":"mmexport1590722816566_00183.png","cl":"png","refId":"image_183","sr":1,"ks":{"o":{"a":0,"k":100,"ix":11},"r":{"a":0,"k":0,"ix":10},"p":{"a":0,"k":[240,427,0],"ix":2},"a":{"a":0,"k":[240,427,0],"ix":1},"s":{"a":0,"k":[100,100,100],"ix":6}},"ao":0,"ip":915,"op":920,"st":915,"bm":0},{"ddd":0,"ind":185,"ty":2,"nm":"mmexport1590722816566_00184.png","cl":"png","refId":"image_184","sr":1,"ks":{"o":{"a":0,"k":100,"ix":11},"r":{"a":0,"k":0,"ix":10},"p":{"a":0,"k":[240,427,0],"ix":2},"a":{"a":0,"k":[240,427,0],"ix":1},"s":{"a":0,"k":[100,100,100],"ix":6}},"ao":0,"ip":920,"op":925,"st":920,"bm":0},{"ddd":0,"ind":186,"ty":2,"nm":"mmexport1590722816566_00185.png","cl":"png","refId":"image_185","sr":1,"ks":{"o":{"a":0,"k":100,"ix":11},"r":{"a":0,"k":0,"ix":10},"p":{"a":0,"k":[240,427,0],"ix":2},"a":{"a":0,"k":[240,427,0],"ix":1},"s":{"a":0,"k":[100,100,100],"ix":6}},"ao":0,"ip":925,"op":930,"st":925,"bm":0},{"ddd":0,"ind":187,"ty":2,"nm":"mmexport1590722816566_00186.png","cl":"png","refId":"image_186","sr":1,"ks":{"o":{"a":0,"k":100,"ix":11},"r":{"a":0,"k":0,"ix":10},"p":{"a":0,"k":[240,427,0],"ix":2},"a":{"a":0,"k":[240,427,0],"ix":1},"s":{"a":0,"k":[100,100,100],"ix":6}},"ao":0,"ip":930,"op":935,"st":930,"bm":0},{"ddd":0,"ind":188,"ty":2,"nm":"mmexport1590722816566_00187.png","cl":"png","refId":"image_187","sr":1,"ks":{"o":{"a":0,"k":100,"ix":11},"r":{"a":0,"k":0,"ix":10},"p":{"a":0,"k":[240,427,0],"ix":2},"a":{"a":0,"k":[240,427,0],"ix":1},"s":{"a":0,"k":[100,100,100],"ix":6}},"ao":0,"ip":935,"op":940,"st":935,"bm":0},{"ddd":0,"ind":189,"ty":2,"nm":"mmexport1590722816566_00188.png","cl":"png","refId":"image_188","sr":1,"ks":{"o":{"a":0,"k":100,"ix":11},"r":{"a":0,"k":0,"ix":10},"p":{"a":0,"k":[240,427,0],"ix":2},"a":{"a":0,"k":[240,427,0],"ix":1},"s":{"a":0,"k":[100,100,100],"ix":6}},"ao":0,"ip":940,"op":945,"st":940,"bm":0},{"ddd":0,"ind":190,"ty":2,"nm":"mmexport1590722816566_00189.png","cl":"png","refId":"image_189","sr":1,"ks":{"o":{"a":0,"k":100,"ix":11},"r":{"a":0,"k":0,"ix":10},"p":{"a":0,"k":[240,427,0],"ix":2},"a":{"a":0,"k":[240,427,0],"ix":1},"s":{"a":0,"k":[100,100,100],"ix":6}},"ao":0,"ip":945,"op":950,"st":945,"bm":0},{"ddd":0,"ind":191,"ty":2,"nm":"mmexport1590722816566_00190.png","cl":"png","refId":"image_190","sr":1,"ks":{"o":{"a":0,"k":100,"ix":11},"r":{"a":0,"k":0,"ix":10},"p":{"a":0,"k":[240,427,0],"ix":2},"a":{"a":0,"k":[240,427,0],"ix":1},"s":{"a":0,"k":[100,100,100],"ix":6}},"ao":0,"ip":950,"op":955,"st":950,"bm":0},{"ddd":0,"ind":192,"ty":2,"nm":"mmexport1590722816566_00191.png","cl":"png","refId":"image_191","sr":1,"ks":{"o":{"a":0,"k":100,"ix":11},"r":{"a":0,"k":0,"ix":10},"p":{"a":0,"k":[240,427,0],"ix":2},"a":{"a":0,"k":[240,427,0],"ix":1},"s":{"a":0,"k":[100,100,100],"ix":6}},"ao":0,"ip":955,"op":960,"st":955,"bm":0},{"ddd":0,"ind":193,"ty":2,"nm":"mmexport1590722816566_00192.png","cl":"png","refId":"image_192","sr":1,"ks":{"o":{"a":0,"k":100,"ix":11},"r":{"a":0,"k":0,"ix":10},"p":{"a":0,"k":[240,427,0],"ix":2},"a":{"a":0,"k":[240,427,0],"ix":1},"s":{"a":0,"k":[100,100,100],"ix":6}},"ao":0,"ip":960,"op":965,"st":960,"bm":0},{"ddd":0,"ind":194,"ty":2,"nm":"mmexport1590722816566_00193.png","cl":"png","refId":"image_193","sr":1,"ks":{"o":{"a":0,"k":100,"ix":11},"r":{"a":0,"k":0,"ix":10},"p":{"a":0,"k":[240,427,0],"ix":2},"a":{"a":0,"k":[240,427,0],"ix":1},"s":{"a":0,"k":[100,100,100],"ix":6}},"ao":0,"ip":965,"op":970,"st":965,"bm":0},{"ddd":0,"ind":195,"ty":2,"nm":"mmexport1590722816566_00194.png","cl":"png","refId":"image_194","sr":1,"ks":{"o":{"a":0,"k":100,"ix":11},"r":{"a":0,"k":0,"ix":10},"p":{"a":0,"k":[240,427,0],"ix":2},"a":{"a":0,"k":[240,427,0],"ix":1},"s":{"a":0,"k":[100,100,100],"ix":6}},"ao":0,"ip":970,"op":975,"st":970,"bm":0},{"ddd":0,"ind":196,"ty":2,"nm":"mmexport1590722816566_00195.png","cl":"png","refId":"image_195","sr":1,"ks":{"o":{"a":0,"k":100,"ix":11},"r":{"a":0,"k":0,"ix":10},"p":{"a":0,"k":[240,427,0],"ix":2},"a":{"a":0,"k":[240,427,0],"ix":1},"s":{"a":0,"k":[100,100,100],"ix":6}},"ao":0,"ip":975,"op":980,"st":975,"bm":0},{"ddd":0,"ind":197,"ty":2,"nm":"mmexport1590722816566_00196.png","cl":"png","refId":"image_196","sr":1,"ks":{"o":{"a":0,"k":100,"ix":11},"r":{"a":0,"k":0,"ix":10},"p":{"a":0,"k":[240,427,0],"ix":2},"a":{"a":0,"k":[240,427,0],"ix":1},"s":{"a":0,"k":[100,100,100],"ix":6}},"ao":0,"ip":980,"op":985,"st":980,"bm":0},{"ddd":0,"ind":198,"ty":2,"nm":"mmexport1590722816566_00197.png","cl":"png","refId":"image_197","sr":1,"ks":{"o":{"a":0,"k":100,"ix":11},"r":{"a":0,"k":0,"ix":10},"p":{"a":0,"k":[240,427,0],"ix":2},"a":{"a":0,"k":[240,427,0],"ix":1},"s":{"a":0,"k":[100,100,100],"ix":6}},"ao":0,"ip":985,"op":990,"st":985,"bm":0},{"ddd":0,"ind":199,"ty":2,"nm":"mmexport1590722816566_00198.png","cl":"png","refId":"image_198","sr":1,"ks":{"o":{"a":0,"k":100,"ix":11},"r":{"a":0,"k":0,"ix":10},"p":{"a":0,"k":[240,427,0],"ix":2},"a":{"a":0,"k":[240,427,0],"ix":1},"s":{"a":0,"k":[100,100,100],"ix":6}},"ao":0,"ip":990,"op":995,"st":990,"bm":0},{"ddd":0,"ind":200,"ty":2,"nm":"mmexport1590722816566_00199.png","cl":"png","refId":"image_199","sr":1,"ks":{"o":{"a":0,"k":100,"ix":11},"r":{"a":0,"k":0,"ix":10},"p":{"a":0,"k":[240,427,0],"ix":2},"a":{"a":0,"k":[240,427,0],"ix":1},"s":{"a":0,"k":[100,100,100],"ix":6}},"ao":0,"ip":995,"op":1000,"st":995,"bm":0},{"ddd":0,"ind":201,"ty":2,"nm":"mmexport1590722816566_00200.png","cl":"png","refId":"image_200","sr":1,"ks":{"o":{"a":0,"k":100,"ix":11},"r":{"a":0,"k":0,"ix":10},"p":{"a":0,"k":[240,427,0],"ix":2},"a":{"a":0,"k":[240,427,0],"ix":1},"s":{"a":0,"k":[100,100,100],"ix":6}},"ao":0,"ip":1000,"op":1005,"st":1000,"bm":0},{"ddd":0,"ind":202,"ty":2,"nm":"mmexport1590722816566_00201.png","cl":"png","refId":"image_201","sr":1,"ks":{"o":{"a":0,"k":100,"ix":11},"r":{"a":0,"k":0,"ix":10},"p":{"a":0,"k":[240,427,0],"ix":2},"a":{"a":0,"k":[240,427,0],"ix":1},"s":{"a":0,"k":[100,100,100],"ix":6}},"ao":0,"ip":1005,"op":1010,"st":1005,"bm":0},{"ddd":0,"ind":203,"ty":2,"nm":"mmexport1590722816566_00202.png","cl":"png","refId":"image_202","sr":1,"ks":{"o":{"a":0,"k":100,"ix":11},"r":{"a":0,"k":0,"ix":10},"p":{"a":0,"k":[240,427,0],"ix":2},"a":{"a":0,"k":[240,427,0],"ix":1},"s":{"a":0,"k":[100,100,100],"ix":6}},"ao":0,"ip":1010,"op":1015,"st":1010,"bm":0},{"ddd":0,"ind":204,"ty":2,"nm":"mmexport1590722816566_00203.png","cl":"png","refId":"image_203","sr":1,"ks":{"o":{"a":0,"k":100,"ix":11},"r":{"a":0,"k":0,"ix":10},"p":{"a":0,"k":[240,427,0],"ix":2},"a":{"a":0,"k":[240,427,0],"ix":1},"s":{"a":0,"k":[100,100,100],"ix":6}},"ao":0,"ip":1015,"op":1020,"st":1015,"bm":0},{"ddd":0,"ind":205,"ty":2,"nm":"mmexport1590722816566_00204.png","cl":"png","refId":"image_204","sr":1,"ks":{"o":{"a":0,"k":100,"ix":11},"r":{"a":0,"k":0,"ix":10},"p":{"a":0,"k":[240,427,0],"ix":2},"a":{"a":0,"k":[240,427,0],"ix":1},"s":{"a":0,"k":[100,100,100],"ix":6}},"ao":0,"ip":1020,"op":1025,"st":1020,"bm":0},{"ddd":0,"ind":206,"ty":2,"nm":"mmexport1590722816566_00205.png","cl":"png","refId":"image_205","sr":1,"ks":{"o":{"a":0,"k":100,"ix":11},"r":{"a":0,"k":0,"ix":10},"p":{"a":0,"k":[240,427,0],"ix":2},"a":{"a":0,"k":[240,427,0],"ix":1},"s":{"a":0,"k":[100,100,100],"ix":6}},"ao":0,"ip":1025,"op":1030,"st":1025,"bm":0},{"ddd":0,"ind":207,"ty":2,"nm":"mmexport1590722816566_00206.png","cl":"png","refId":"image_206","sr":1,"ks":{"o":{"a":0,"k":100,"ix":11},"r":{"a":0,"k":0,"ix":10},"p":{"a":0,"k":[240,427,0],"ix":2},"a":{"a":0,"k":[240,427,0],"ix":1},"s":{"a":0,"k":[100,100,100],"ix":6}},"ao":0,"ip":1030,"op":1035,"st":1030,"bm":0},{"ddd":0,"ind":208,"ty":2,"nm":"mmexport1590722816566_00207.png","cl":"png","refId":"image_207","sr":1,"ks":{"o":{"a":0,"k":100,"ix":11},"r":{"a":0,"k":0,"ix":10},"p":{"a":0,"k":[240,427,0],"ix":2},"a":{"a":0,"k":[240,427,0],"ix":1},"s":{"a":0,"k":[100,100,100],"ix":6}},"ao":0,"ip":1035,"op":1040,"st":1035,"bm":0},{"ddd":0,"ind":209,"ty":2,"nm":"mmexport1590722816566_00208.png","cl":"png","refId":"image_208","sr":1,"ks":{"o":{"a":0,"k":100,"ix":11},"r":{"a":0,"k":0,"ix":10},"p":{"a":0,"k":[240,427,0],"ix":2},"a":{"a":0,"k":[240,427,0],"ix":1},"s":{"a":0,"k":[100,100,100],"ix":6}},"ao":0,"ip":1040,"op":1045,"st":1040,"bm":0},{"ddd":0,"ind":210,"ty":2,"nm":"mmexport1590722816566_00209.png","cl":"png","refId":"image_209","sr":1,"ks":{"o":{"a":0,"k":100,"ix":11},"r":{"a":0,"k":0,"ix":10},"p":{"a":0,"k":[240,427,0],"ix":2},"a":{"a":0,"k":[240,427,0],"ix":1},"s":{"a":0,"k":[100,100,100],"ix":6}},"ao":0,"ip":1045,"op":1050,"st":1045,"bm":0},{"ddd":0,"ind":211,"ty":2,"nm":"mmexport1590722816566_00210.png","cl":"png","refId":"image_210","sr":1,"ks":{"o":{"a":0,"k":100,"ix":11},"r":{"a":0,"k":0,"ix":10},"p":{"a":0,"k":[240,427,0],"ix":2},"a":{"a":0,"k":[240,427,0],"ix":1},"s":{"a":0,"k":[100,100,100],"ix":6}},"ao":0,"ip":1050,"op":1055,"st":1050,"bm":0},{"ddd":0,"ind":212,"ty":2,"nm":"mmexport1590722816566_00211.png","cl":"png","refId":"image_211","sr":1,"ks":{"o":{"a":0,"k":100,"ix":11},"r":{"a":0,"k":0,"ix":10},"p":{"a":0,"k":[240,427,0],"ix":2},"a":{"a":0,"k":[240,427,0],"ix":1},"s":{"a":0,"k":[100,100,100],"ix":6}},"ao":0,"ip":1055,"op":1060,"st":1055,"bm":0},{"ddd":0,"ind":213,"ty":2,"nm":"mmexport1590722816566_00212.png","cl":"png","refId":"image_212","sr":1,"ks":{"o":{"a":0,"k":100,"ix":11},"r":{"a":0,"k":0,"ix":10},"p":{"a":0,"k":[240,427,0],"ix":2},"a":{"a":0,"k":[240,427,0],"ix":1},"s":{"a":0,"k":[100,100,100],"ix":6}},"ao":0,"ip":1060,"op":1065,"st":1060,"bm":0},{"ddd":0,"ind":214,"ty":2,"nm":"mmexport1590722816566_00213.png","cl":"png","refId":"image_213","sr":1,"ks":{"o":{"a":0,"k":100,"ix":11},"r":{"a":0,"k":0,"ix":10},"p":{"a":0,"k":[240,427,0],"ix":2},"a":{"a":0,"k":[240,427,0],"ix":1},"s":{"a":0,"k":[100,100,100],"ix":6}},"ao":0,"ip":1065,"op":1070,"st":1065,"bm":0},{"ddd":0,"ind":215,"ty":2,"nm":"mmexport1590722816566_00214.png","cl":"png","refId":"image_214","sr":1,"ks":{"o":{"a":0,"k":100,"ix":11},"r":{"a":0,"k":0,"ix":10},"p":{"a":0,"k":[240,427,0],"ix":2},"a":{"a":0,"k":[240,427,0],"ix":1},"s":{"a":0,"k":[100,100,100],"ix":6}},"ao":0,"ip":1070,"op":1075,"st":1070,"bm":0},{"ddd":0,"ind":216,"ty":2,"nm":"mmexport1590722816566_00215.png","cl":"png","refId":"image_215","sr":1,"ks":{"o":{"a":0,"k":100,"ix":11},"r":{"a":0,"k":0,"ix":10},"p":{"a":0,"k":[240,427,0],"ix":2},"a":{"a":0,"k":[240,427,0],"ix":1},"s":{"a":0,"k":[100,100,100],"ix":6}},"ao":0,"ip":1075,"op":1080,"st":1075,"bm":0},{"ddd":0,"ind":217,"ty":2,"nm":"mmexport1590722816566_00216.png","cl":"png","refId":"image_216","sr":1,"ks":{"o":{"a":0,"k":100,"ix":11},"r":{"a":0,"k":0,"ix":10},"p":{"a":0,"k":[240,427,0],"ix":2},"a":{"a":0,"k":[240,427,0],"ix":1},"s":{"a":0,"k":[100,100,100],"ix":6}},"ao":0,"ip":1080,"op":1085,"st":1080,"bm":0},{"ddd":0,"ind":218,"ty":2,"nm":"mmexport1590722816566_00217.png","cl":"png","refId":"image_217","sr":1,"ks":{"o":{"a":0,"k":100,"ix":11},"r":{"a":0,"k":0,"ix":10},"p":{"a":0,"k":[240,427,0],"ix":2},"a":{"a":0,"k":[240,427,0],"ix":1},"s":{"a":0,"k":[100,100,100],"ix":6}},"ao":0,"ip":1085,"op":1090,"st":1085,"bm":0},{"ddd":0,"ind":219,"ty":2,"nm":"mmexport1590722816566_00218.png","cl":"png","refId":"image_218","sr":1,"ks":{"o":{"a":0,"k":100,"ix":11},"r":{"a":0,"k":0,"ix":10},"p":{"a":0,"k":[240,427,0],"ix":2},"a":{"a":0,"k":[240,427,0],"ix":1},"s":{"a":0,"k":[100,100,100],"ix":6}},"ao":0,"ip":1090,"op":1095,"st":1090,"bm":0},{"ddd":0,"ind":220,"ty":2,"nm":"mmexport1590722816566_00219.png","cl":"png","refId":"image_219","sr":1,"ks":{"o":{"a":0,"k":100,"ix":11},"r":{"a":0,"k":0,"ix":10},"p":{"a":0,"k":[240,427,0],"ix":2},"a":{"a":0,"k":[240,427,0],"ix":1},"s":{"a":0,"k":[100,100,100],"ix":6}},"ao":0,"ip":1095,"op":1100,"st":1095,"bm":0},{"ddd":0,"ind":221,"ty":2,"nm":"mmexport1590722816566_00220.png","cl":"png","refId":"image_220","sr":1,"ks":{"o":{"a":0,"k":100,"ix":11},"r":{"a":0,"k":0,"ix":10},"p":{"a":0,"k":[240,427,0],"ix":2},"a":{"a":0,"k":[240,427,0],"ix":1},"s":{"a":0,"k":[100,100,100],"ix":6}},"ao":0,"ip":1100,"op":1105,"st":1100,"bm":0},{"ddd":0,"ind":222,"ty":2,"nm":"mmexport1590722816566_00221.png","cl":"png","refId":"image_221","sr":1,"ks":{"o":{"a":0,"k":100,"ix":11},"r":{"a":0,"k":0,"ix":10},"p":{"a":0,"k":[240,427,0],"ix":2},"a":{"a":0,"k":[240,427,0],"ix":1},"s":{"a":0,"k":[100,100,100],"ix":6}},"ao":0,"ip":1105,"op":1110,"st":1105,"bm":0},{"ddd":0,"ind":223,"ty":2,"nm":"mmexport1590722816566_00222.png","cl":"png","refId":"image_222","sr":1,"ks":{"o":{"a":0,"k":100,"ix":11},"r":{"a":0,"k":0,"ix":10},"p":{"a":0,"k":[240,427,0],"ix":2},"a":{"a":0,"k":[240,427,0],"ix":1},"s":{"a":0,"k":[100,100,100],"ix":6}},"ao":0,"ip":1110,"op":1115,"st":1110,"bm":0},{"ddd":0,"ind":224,"ty":2,"nm":"mmexport1590722816566_00223.png","cl":"png","refId":"image_223","sr":1,"ks":{"o":{"a":0,"k":100,"ix":11},"r":{"a":0,"k":0,"ix":10},"p":{"a":0,"k":[240,427,0],"ix":2},"a":{"a":0,"k":[240,427,0],"ix":1},"s":{"a":0,"k":[100,100,100],"ix":6}},"ao":0,"ip":1115,"op":1120,"st":1115,"bm":0},{"ddd":0,"ind":225,"ty":2,"nm":"mmexport1590722816566_00224.png","cl":"png","refId":"image_224","sr":1,"ks":{"o":{"a":0,"k":100,"ix":11},"r":{"a":0,"k":0,"ix":10},"p":{"a":0,"k":[240,427,0],"ix":2},"a":{"a":0,"k":[240,427,0],"ix":1},"s":{"a":0,"k":[100,100,100],"ix":6}},"ao":0,"ip":1120,"op":1125,"st":1120,"bm":0},{"ddd":0,"ind":226,"ty":2,"nm":"mmexport1590722816566_00225.png","cl":"png","refId":"image_225","sr":1,"ks":{"o":{"a":0,"k":100,"ix":11},"r":{"a":0,"k":0,"ix":10},"p":{"a":0,"k":[240,427,0],"ix":2},"a":{"a":0,"k":[240,427,0],"ix":1},"s":{"a":0,"k":[100,100,100],"ix":6}},"ao":0,"ip":1125,"op":1130,"st":1125,"bm":0},{"ddd":0,"ind":227,"ty":2,"nm":"mmexport1590722816566_00226.png","cl":"png","refId":"image_226","sr":1,"ks":{"o":{"a":0,"k":100,"ix":11},"r":{"a":0,"k":0,"ix":10},"p":{"a":0,"k":[240,427,0],"ix":2},"a":{"a":0,"k":[240,427,0],"ix":1},"s":{"a":0,"k":[100,100,100],"ix":6}},"ao":0,"ip":1130,"op":1135,"st":1130,"bm":0},{"ddd":0,"ind":228,"ty":2,"nm":"mmexport1590722816566_00227.png","cl":"png","refId":"image_227","sr":1,"ks":{"o":{"a":0,"k":100,"ix":11},"r":{"a":0,"k":0,"ix":10},"p":{"a":0,"k":[240,427,0],"ix":2},"a":{"a":0,"k":[240,427,0],"ix":1},"s":{"a":0,"k":[100,100,100],"ix":6}},"ao":0,"ip":1135,"op":1140,"st":1135,"bm":0},{"ddd":0,"ind":229,"ty":2,"nm":"mmexport1590722816566_00228.png","cl":"png","refId":"image_228","sr":1,"ks":{"o":{"a":0,"k":100,"ix":11},"r":{"a":0,"k":0,"ix":10},"p":{"a":0,"k":[240,427,0],"ix":2},"a":{"a":0,"k":[240,427,0],"ix":1},"s":{"a":0,"k":[100,100,100],"ix":6}},"ao":0,"ip":1140,"op":1145,"st":1140,"bm":0},{"ddd":0,"ind":230,"ty":2,"nm":"mmexport1590722816566_00229.png","cl":"png","refId":"image_229","sr":1,"ks":{"o":{"a":0,"k":100,"ix":11},"r":{"a":0,"k":0,"ix":10},"p":{"a":0,"k":[240,427,0],"ix":2},"a":{"a":0,"k":[240,427,0],"ix":1},"s":{"a":0,"k":[100,100,100],"ix":6}},"ao":0,"ip":1145,"op":1150,"st":1145,"bm":0},{"ddd":0,"ind":231,"ty":2,"nm":"mmexport1590722816566_00230.png","cl":"png","refId":"image_230","sr":1,"ks":{"o":{"a":0,"k":100,"ix":11},"r":{"a":0,"k":0,"ix":10},"p":{"a":0,"k":[240,427,0],"ix":2},"a":{"a":0,"k":[240,427,0],"ix":1},"s":{"a":0,"k":[100,100,100],"ix":6}},"ao":0,"ip":1150,"op":1155,"st":1150,"bm":0},{"ddd":0,"ind":232,"ty":2,"nm":"mmexport1590722816566_00231.png","cl":"png","refId":"image_231","sr":1,"ks":{"o":{"a":0,"k":100,"ix":11},"r":{"a":0,"k":0,"ix":10},"p":{"a":0,"k":[240,427,0],"ix":2},"a":{"a":0,"k":[240,427,0],"ix":1},"s":{"a":0,"k":[100,100,100],"ix":6}},"ao":0,"ip":1155,"op":1160,"st":1155,"bm":0},{"ddd":0,"ind":233,"ty":2,"nm":"mmexport1590722816566_00232.png","cl":"png","refId":"image_232","sr":1,"ks":{"o":{"a":0,"k":100,"ix":11},"r":{"a":0,"k":0,"ix":10},"p":{"a":0,"k":[240,427,0],"ix":2},"a":{"a":0,"k":[240,427,0],"ix":1},"s":{"a":0,"k":[100,100,100],"ix":6}},"ao":0,"ip":1160,"op":1165,"st":1160,"bm":0},{"ddd":0,"ind":234,"ty":2,"nm":"mmexport1590722816566_00233.png","cl":"png","refId":"image_233","sr":1,"ks":{"o":{"a":0,"k":100,"ix":11},"r":{"a":0,"k":0,"ix":10},"p":{"a":0,"k":[240,427,0],"ix":2},"a":{"a":0,"k":[240,427,0],"ix":1},"s":{"a":0,"k":[100,100,100],"ix":6}},"ao":0,"ip":1165,"op":1170,"st":1165,"bm":0}],"markers":[]}